account_id,company_name,signup_date,signup_channel,company_size_bucket
1,"Rodriguez, Figueroa and Sanchez",2024-01-01,content,medium
2,Doyle Ltd,2024-01-01,organic_search,small
3,"Mcclain, Miller and Henderson",2024-01-01,direct,small
4,Davis and Sons,2024-01-03,paid_search,medium
5,"Guzman, Hoffman and Baldwin",2024-01-03,organic_search,medium
6,"Gardner, Robinson and Lawrence",2024-01-03,paid_search,large
7,Blake and Sons,2024-01-04,direct,medium
8,"Henderson, Ramirez and Lewis",2024-01-05,referral,large
9,Garcia-James,2024-01-05,organic_search,small
10,Abbott-Munoz,2024-01-05,referral,medium
11,Blair PLC,2024-01-07,paid_search,small
12,Dudley Group,2024-01-08,direct,large
13,Arnold Ltd,2024-01-08,content,small
14,"Mcclure, Ward and Lee",2024-01-08,content,medium
15,Williams and Sons,2024-01-09,paid_search,small
16,Galloway-Wyatt,2024-01-09,organic_search,medium
17,James Group,2024-01-09,organic_search,medium
18,"Flowers, Martin and Kelly",2024-01-10,paid_search,small
19,"Adams, Zuniga and Wong",2024-01-12,organic_search,small
20,"Reid, Ferguson and Sanchez",2024-01-12,paid_search,small
21,Gray-Mayo,2024-01-12,paid_search,small
22,"Watts, Robinson and Nguyen",2024-01-14,paid_search,small
23,Perez Inc,2024-01-16,organic_search,large
24,Morales-Jones,2024-01-17,direct,small
25,"Walter, Edwards and Rios",2024-01-17,organic_search,large
26,Wilkerson-Day,2024-01-17,direct,small
27,Baker and Sons,2024-01-18,paid_search,small
28,"Hoffman, Baker and Richards",2024-01-18,direct,small
29,"Ross, Robinson and Bright",2024-01-18,content,small
30,"Snyder, Campos and Callahan",2024-01-19,paid_search,medium
31,Burton Ltd,2024-01-23,organic_search,small
32,Carlson-Cruz,2024-01-23,organic_search,small
33,"Ferrell, Rice and Maddox",2024-01-23,organic_search,medium
34,Frazier Inc,2024-01-23,organic_search,small
35,"Dyer, Potter and Mack",2024-01-24,organic_search,small
36,Rodriguez-Graham,2024-01-26,paid_search,medium
37,Smith-Bowen,2024-01-26,content,medium
38,"Baker, Mason and White",2024-01-27,organic_search,medium
39,Harrell LLC,2024-01-27,organic_search,medium
40,"Romero, Gonzalez and Brooks",2024-01-28,paid_search,small
41,Ryan PLC,2024-01-30,referral,small
42,George Group,2024-01-31,organic_search,medium
43,Rodriguez LLC,2024-01-31,organic_search,medium
44,Allen-Allen,2024-02-02,paid_search,medium
45,"Arroyo, Miller and Tucker",2024-02-03,organic_search,medium
46,Spence PLC,2024-02-04,organic_search,small
47,Anderson Group,2024-02-04,organic_search,medium
48,"Martin, Rose and Obrien",2024-02-05,content,large
49,Hickman Ltd,2024-02-08,referral,small
50,"Harris, Collins and Carney",2024-02-08,content,small
51,"Brooks, Lam and Hayes",2024-02-09,organic_search,medium
52,Walker LLC,2024-02-10,content,small
53,Chapman and Sons,2024-02-12,referral,large
54,"Robinson, Jones and Welch",2024-02-12,organic_search,small
55,Jones Inc,2024-02-15,organic_search,small
56,Jones-Young,2024-02-15,organic_search,small
57,"Washington, Ryan and Cummings",2024-02-15,referral,medium
58,"Johnston, Sanchez and Kennedy",2024-02-16,direct,small
59,Lee-Davis,2024-02-16,content,small
60,Gomez-Jenkins,2024-02-16,organic_search,small
61,"Brown, Valdez and Lucas",2024-02-16,organic_search,medium
62,Powell LLC,2024-02-18,organic_search,medium
63,Wright and Sons,2024-02-19,paid_search,small
64,"West, Henderson and Ramirez",2024-02-20,content,medium
65,Baxter Inc,2024-02-21,paid_search,small
66,Morton-Chase,2024-02-21,organic_search,large
67,Williams PLC,2024-02-21,content,medium
68,Novak and Sons,2024-02-21,content,large
69,Russell Group,2024-02-22,organic_search,medium
70,Hancock Inc,2024-02-22,organic_search,small
71,Gray Group,2024-02-23,referral,small
72,House-Glover,2024-02-24,content,medium
73,Henderson-Bernard,2024-02-27,direct,medium
74,"Stanley, Tucker and Lee",2024-02-28,paid_search,small
75,Novak PLC,2024-02-28,content,medium
76,"Daniels, Adkins and Brown",2024-02-28,organic_search,small
77,"Woods, Calhoun and Schmidt",2024-03-01,organic_search,medium
78,Yu Inc,2024-03-01,paid_search,small
79,Jones Inc,2024-03-01,direct,small
80,"Hensley, Powell and David",2024-03-02,direct,small
81,"Sanchez, Wheeler and Harvey",2024-03-03,referral,small
82,Sandoval-Cunningham,2024-03-03,organic_search,medium
83,Donovan-Harris,2024-03-04,organic_search,medium
84,"Edwards, Baker and Anderson",2024-03-05,organic_search,medium
85,"Evans, Stewart and Walton",2024-03-05,content,medium
86,Smith PLC,2024-03-06,organic_search,small
87,"Ferrell, Jones and Lewis",2024-03-06,organic_search,medium
88,Anderson-Bailey,2024-03-07,paid_search,medium
89,Suarez LLC,2024-03-08,referral,small
90,Moore-Bass,2024-03-08,organic_search,large
91,"Turner, Riggs and Roman",2024-03-09,paid_search,small
92,"Smith, Montoya and Evans",2024-03-09,organic_search,small
93,"Garcia, Humphrey and Baker",2024-03-10,organic_search,small
94,Newton and Sons,2024-03-12,paid_search,medium
95,Campbell-Clark,2024-03-12,organic_search,small
96,Harris-Walters,2024-03-12,organic_search,small
97,Wagner-King,2024-03-13,paid_search,medium
98,Davis Group,2024-03-13,organic_search,small
99,Williams-Cook,2024-03-14,paid_search,small
100,Walsh LLC,2024-03-15,paid_search,small
101,Figueroa PLC,2024-03-17,organic_search,small
102,"Patterson, Smith and Jones",2024-03-17,paid_search,small
103,"Mckee, Gardner and Davenport",2024-03-18,organic_search,medium
104,"Tran, Jordan and Williams",2024-03-18,paid_search,large
105,Nolan-Flynn,2024-03-18,direct,small
106,Nolan and Sons,2024-03-18,content,medium
107,"Wright, Garcia and Deleon",2024-03-19,referral,medium
108,Dickson-Brady,2024-03-19,content,small
109,Hancock and Sons,2024-03-19,content,medium
110,Johnson-Doyle,2024-03-20,content,small
111,Patton-Jenkins,2024-03-20,direct,medium
112,"Shields, Cochran and Adams",2024-03-20,organic_search,small
113,"Rodriguez, Brennan and Garrison",2024-03-22,organic_search,small
114,Gonzalez Group,2024-03-24,content,medium
115,Torres-Pope,2024-03-24,organic_search,small
116,Walker Ltd,2024-03-25,organic_search,medium
117,Ross LLC,2024-03-25,referral,medium
118,Rasmussen LLC,2024-03-25,paid_search,small
119,May-Ross,2024-03-28,referral,large
120,"Rivera, Johnson and Wiley",2024-03-29,referral,small
121,White-Estes,2024-03-30,organic_search,small
122,Johnson-Carlson,2024-03-31,organic_search,medium
123,Chandler-Edwards,2024-04-01,paid_search,small
124,"Joyce, Wilson and Lam",2024-04-01,paid_search,medium
125,Scott Ltd,2024-04-01,direct,large
126,Smith-Frost,2024-04-03,paid_search,medium
127,"Mcdaniel, Bentley and Mclaughlin",2024-04-03,paid_search,small
128,Diaz Inc,2024-04-04,organic_search,small
129,"Mccall, Hanson and Alvarado",2024-04-04,organic_search,small
130,Cortez LLC,2024-04-04,referral,small
131,"Parker, Ortiz and Powell",2024-04-05,organic_search,medium
132,Spencer-Lee,2024-04-06,organic_search,medium
133,"Bentley, Byrd and Orr",2024-04-08,content,small
134,"Carroll, Sullivan and Bass",2024-04-09,referral,small
135,Mitchell-Jordan,2024-04-09,organic_search,small
136,"Lawson, Morris and Ramos",2024-04-09,content,small
137,"Lewis, Kennedy and Santana",2024-04-09,direct,medium
138,"Jackson, Miller and Robertson",2024-04-09,referral,small
139,"Harvey, Davis and Crane",2024-04-09,referral,medium
140,Chambers and Sons,2024-04-11,paid_search,small
141,Hernandez Inc,2024-04-11,organic_search,small
142,Riggs PLC,2024-04-11,content,medium
143,Gibson Ltd,2024-04-12,content,small
144,"Lee, Horton and Snyder",2024-04-12,referral,medium
145,Hernandez Ltd,2024-04-12,paid_search,small
146,Stafford Inc,2024-04-13,referral,small
147,Robinson-Brock,2024-04-14,organic_search,medium
148,"Holmes, Williams and Wright",2024-04-14,organic_search,small
149,Bryant Group,2024-04-15,organic_search,small
150,"Schmidt, Hansen and Stewart",2024-04-16,referral,medium
151,Salazar-Ball,2024-04-16,paid_search,small
152,"Simmons, Meadows and Griffin",2024-04-18,referral,medium
153,Manning Group,2024-04-19,content,small
154,Green-Wright,2024-04-19,organic_search,large
155,"Ramirez, Strickland and Washington",2024-04-20,organic_search,small
156,Hill Inc,2024-04-22,organic_search,small
157,"Mitchell, Nelson and Flores",2024-04-25,organic_search,small
158,"Miller, Hernandez and Reyes",2024-04-26,referral,medium
159,Mccarthy Inc,2024-04-26,content,medium
160,Russell-Daniels,2024-04-26,referral,small
161,Brown-Wall,2024-04-27,content,medium
162,Stein-Silva,2024-04-27,organic_search,large
163,"Smith, Gilmore and Johnston",2024-04-27,organic_search,small
164,Smith-Bell,2024-04-29,organic_search,medium
165,Castaneda-Ashley,2024-04-30,paid_search,medium
166,Medina-Navarro,2024-04-30,direct,small
167,"Hurst, Freeman and Nelson",2024-05-01,organic_search,medium
168,Johnson-Rogers,2024-05-01,direct,large
169,"Yates, Ramsey and Pittman",2024-05-02,content,small
170,Hooper PLC,2024-05-03,direct,small
171,Meadows PLC,2024-05-04,organic_search,medium
172,"Alvarado, Miller and Patterson",2024-05-04,paid_search,medium
173,White-Green,2024-05-04,organic_search,small
174,Lewis-Murphy,2024-05-04,content,medium
175,Ramirez-Bean,2024-05-04,paid_search,small
176,King-Miller,2024-05-05,content,medium
177,Curry Inc,2024-05-06,content,small
178,Walker-Jones,2024-05-06,paid_search,medium
179,"Williams, Johnson and Wright",2024-05-06,content,small
180,Howell and Sons,2024-05-07,content,medium
181,Wells Inc,2024-05-07,organic_search,small
182,"Gould, Marshall and Scott",2024-05-08,organic_search,medium
183,Jackson-Lawson,2024-05-09,organic_search,medium
184,"Higgins, Strickland and Martin",2024-05-10,organic_search,medium
185,Rodriguez-Johnson,2024-05-10,organic_search,large
186,Johnston-Odonnell,2024-05-11,paid_search,medium
187,Sanders-Espinoza,2024-05-13,organic_search,large
188,Vargas Ltd,2024-05-13,content,small
189,Garcia LLC,2024-05-13,paid_search,small
190,"Burke, Martinez and Riggs",2024-05-13,paid_search,small
191,Reed Group,2024-05-14,referral,small
192,"Wood, Hunter and Peterson",2024-05-14,organic_search,small
193,Short-Garcia,2024-05-14,referral,small
194,Reid-Poole,2024-05-14,referral,small
195,"Hernandez, Thompson and Boyd",2024-05-14,organic_search,small
196,"Nelson, Morton and Medina",2024-05-15,organic_search,small
197,Marshall-Petersen,2024-05-15,referral,small
198,"Adams, Christian and Rivas",2024-05-16,direct,large
199,Ramirez Group,2024-05-17,paid_search,small
200,Christensen PLC,2024-05-18,organic_search,small
201,"Barnett, Rogers and Snyder",2024-05-19,organic_search,small
202,White-Lewis,2024-05-20,organic_search,small
203,Peterson-Beard,2024-05-20,organic_search,small
204,"Beard, Peters and Black",2024-05-20,paid_search,small
205,Miller Ltd,2024-05-20,paid_search,small
206,Freeman-Chang,2024-05-20,organic_search,small
207,"Alvarez, Joseph and West",2024-05-20,content,small
208,Davis and Sons,2024-05-21,paid_search,small
209,Holt-Torres,2024-05-22,organic_search,small
210,"Wood, Tran and Cooper",2024-05-23,content,small
211,"Pierce, Bell and Chavez",2024-05-23,paid_search,small
212,King-Martinez,2024-05-23,referral,small
213,Stewart Ltd,2024-05-24,organic_search,small
214,"Tapia, Vaughn and Lee",2024-05-24,paid_search,small
215,"Washington, Hardy and Bray",2024-05-24,paid_search,medium
216,"Carlson, Hooper and Wall",2024-05-24,organic_search,medium
217,Perez-White,2024-05-24,paid_search,medium
218,Erickson and Sons,2024-05-27,content,small
219,Williams-Brown,2024-05-27,content,small
220,Terry-Martinez,2024-05-27,organic_search,small
221,Garcia-Smith,2024-05-27,organic_search,small
222,Harrison-Alexander,2024-05-28,organic_search,medium
223,Sheppard LLC,2024-05-28,content,medium
224,Wilson-Jones,2024-05-28,referral,small
225,Jones-Soto,2024-05-29,organic_search,small
226,Hernandez PLC,2024-05-30,direct,small
227,Miller-Wright,2024-05-30,content,medium
228,"Duran, Obrien and Gibbs",2024-05-31,paid_search,medium
229,Rowe Group,2024-05-31,organic_search,small
230,Kerr-Evans,2024-05-31,paid_search,small
231,"Branch, Torres and Oliver",2024-05-31,direct,small
232,"Choi, Garcia and Farmer",2024-05-31,referral,small
233,"Clark, Guerrero and Moore",2024-06-01,paid_search,small
234,Arnold and Sons,2024-06-01,referral,small
235,Ortiz Ltd,2024-06-02,content,small
236,"Harrison, Johnson and Roberts",2024-06-03,organic_search,small
237,Warner-Gibson,2024-06-03,paid_search,medium
238,"Hall, Baker and Moody",2024-06-04,organic_search,small
239,"Guerrero, Peck and Coleman",2024-06-04,content,medium
240,"Walker, Hernandez and Baker",2024-06-05,content,small
241,Jones and Sons,2024-06-05,content,small
242,Larson-Holloway,2024-06-05,organic_search,small
243,Gonzales-Harrison,2024-06-06,paid_search,small
244,Lyons-Bender,2024-06-06,organic_search,small
245,"Fernandez, Kim and George",2024-06-06,referral,medium
246,Navarro-Munoz,2024-06-07,referral,small
247,Davis Ltd,2024-06-07,organic_search,small
248,"Matthews, Smith and Hubbard",2024-06-09,direct,small
249,Johnston-Hines,2024-06-10,content,small
250,Ruiz Ltd,2024-06-10,direct,small
251,Moon-White,2024-06-10,paid_search,medium
252,"Graham, Olsen and Costa",2024-06-11,content,small
253,Bailey-Cook,2024-06-12,direct,medium
254,"Garcia, Martin and Jenkins",2024-06-13,referral,small
255,Roberts-Landry,2024-06-13,paid_search,medium
256,"Johnson, Miller and King",2024-06-13,paid_search,small
257,Cordova Group,2024-06-17,organic_search,medium
258,"Bryan, Smith and Booth",2024-06-17,referral,small
259,Gutierrez-Lopez,2024-06-17,organic_search,small
260,Dean-Jimenez,2024-06-19,organic_search,large
261,Wolf-Harris,2024-06-19,organic_search,small
262,"Anderson, Roberts and Gilmore",2024-06-19,paid_search,small
263,Martinez-Dudley,2024-06-19,paid_search,medium
264,"Lloyd, Mckinney and Collins",2024-06-19,referral,medium
265,Tran Inc,2024-06-20,organic_search,small
266,Gay Inc,2024-06-21,paid_search,small
267,Valentine-Holland,2024-06-21,organic_search,small
268,Jimenez Ltd,2024-06-21,organic_search,small
269,Hicks-Hill,2024-06-21,direct,small
270,Baird-Sanchez,2024-06-22,referral,small
271,"Thomas, Lee and Greene",2024-06-24,referral,small
272,"Suarez, Shields and Hill",2024-06-24,organic_search,small
273,Morgan-French,2024-06-24,organic_search,small
274,Hoover-Campbell,2024-06-25,referral,small
275,Monroe-Carpenter,2024-06-26,organic_search,medium
276,"Burns, Hernandez and Ryan",2024-06-26,organic_search,small
277,Cook-Hines,2024-06-26,paid_search,small
278,Gibson-Morris,2024-06-27,organic_search,small
279,Pollard and Sons,2024-06-27,paid_search,small
280,"Reyes, Chase and Jenkins",2024-06-28,direct,medium
281,Garner-Thornton,2024-06-28,paid_search,small
282,Hughes-Alvarado,2024-06-28,direct,small
283,"Pollard, Simpson and Johnson",2024-06-29,organic_search,large
284,"Sanford, Rivera and Garcia",2024-06-30,content,small
285,Garcia-Lozano,2024-06-30,content,medium
286,Bowen Group,2024-07-01,organic_search,small
287,"Booker, Jones and Harrington",2024-07-01,organic_search,small
288,Morgan-Schwartz,2024-07-02,referral,small
289,"Miller, Murphy and Craig",2024-07-02,paid_search,small
290,"James, Stewart and Higgins",2024-07-03,paid_search,medium
291,Brennan-Johnson,2024-07-04,organic_search,medium
292,Young Ltd,2024-07-04,referral,medium
293,Bright-Francis,2024-07-05,paid_search,medium
294,Good-Hodges,2024-07-05,organic_search,medium
295,"Brennan, Wallace and Benson",2024-07-05,direct,small
296,Williams Inc,2024-07-06,content,small
297,Howard-Jordan,2024-07-08,organic_search,medium
298,Schmidt PLC,2024-07-08,direct,small
299,"Sparks, Jackson and Miller",2024-07-09,referral,small
300,Harvey-Allen,2024-07-09,organic_search,small
301,"Thomas, Murray and King",2024-07-09,paid_search,small
302,Estrada-Nolan,2024-07-09,content,medium
303,Santana-Byrd,2024-07-09,organic_search,small
304,Jones LLC,2024-07-10,paid_search,small
305,"Evans, Hayden and Vaughn",2024-07-10,direct,medium
306,Bruce-Gonzalez,2024-07-10,organic_search,large
307,Castaneda-Rodriguez,2024-07-10,organic_search,small
308,Armstrong-Andrews,2024-07-11,organic_search,large
309,"Phillips, Spence and Barrett",2024-07-11,referral,small
310,Smith-Grimes,2024-07-11,organic_search,small
311,"Beltran, Lozano and Mcgee",2024-07-11,organic_search,small
312,Parsons-Hall,2024-07-11,organic_search,large
313,Robinson-Lee,2024-07-12,referral,medium
314,Byrd-Le,2024-07-12,referral,small
315,"Becker, Taylor and Davis",2024-07-12,paid_search,small
316,"Lucas, Parker and Alexander",2024-07-12,referral,small
317,"Diaz, Anderson and Browning",2024-07-14,content,small
318,Burgess-Thompson,2024-07-15,direct,small
319,Buchanan LLC,2024-07-15,referral,medium
320,"Shaw, Nelson and Martin",2024-07-16,paid_search,medium
321,Coffey-Phillips,2024-07-16,direct,small
322,Brock-Mcdonald,2024-07-17,organic_search,small
323,Taylor and Sons,2024-07-17,content,large
324,"Ramsey, Whitney and Coffey",2024-07-17,paid_search,small
325,"Diaz, Gibbs and Smith",2024-07-18,organic_search,small
326,"Martinez, Richardson and Curry",2024-07-19,organic_search,large
327,Richards-Carson,2024-07-19,content,small
328,Rodriguez-Hall,2024-07-19,referral,small
329,Harvey PLC,2024-07-19,referral,small
330,Herman-Walker,2024-07-20,direct,small
331,Reid Group,2024-07-20,paid_search,small
332,"Turner, Ortiz and Taylor",2024-07-21,content,small
333,Torres Group,2024-07-22,organic_search,small
334,Davis PLC,2024-07-22,organic_search,medium
335,Price LLC,2024-07-23,direct,medium
336,"Avery, Horton and Fernandez",2024-07-23,paid_search,small
337,"Newton, Moore and Perry",2024-07-23,organic_search,small
338,Bass PLC,2024-07-24,organic_search,small
339,Crosby-Ramirez,2024-07-24,paid_search,small
340,"Wood, Ramos and Sampson",2024-07-24,paid_search,small
341,Garcia-Jennings,2024-07-25,content,small
342,"Winters, Newman and Brown",2024-07-26,organic_search,small
343,Lopez-Martinez,2024-07-26,content,medium
344,Davis-Lewis,2024-07-26,organic_search,small
345,"Harper, Smith and Buchanan",2024-07-28,paid_search,small
346,Zhang PLC,2024-07-29,organic_search,medium
347,Jones PLC,2024-07-30,paid_search,medium
348,Willis and Sons,2024-07-30,organic_search,medium
349,Schroeder-Kramer,2024-07-30,paid_search,medium
350,"Smith, Garrison and Thomas",2024-07-31,paid_search,small
351,Fernandez and Sons,2024-07-31,organic_search,small
352,Guerrero Inc,2024-07-31,organic_search,medium
353,Smith and Sons,2024-07-31,paid_search,small
354,"Morris, Thompson and Williams",2024-08-01,referral,medium
355,"Fisher, Wilson and Brown",2024-08-02,content,small
356,Strickland-Palmer,2024-08-02,organic_search,small
357,Hayes and Sons,2024-08-03,content,medium
358,"Williams, Logan and Camacho",2024-08-03,referral,small
359,"Turner, Schneider and Johnson",2024-08-03,organic_search,medium
360,Boone-Simmons,2024-08-04,organic_search,small
361,Henry Group,2024-08-04,organic_search,small
362,Lam LLC,2024-08-05,referral,medium
363,"Hernandez, Martinez and Weber",2024-08-05,direct,small
364,"Kelley, Nguyen and Vang",2024-08-05,content,small
365,"Phillips, Wagner and Jordan",2024-08-06,organic_search,small
366,"Wilson, Pena and Rich",2024-08-07,organic_search,small
367,"Le, Lewis and Hayes",2024-08-07,organic_search,medium
368,Gutierrez Group,2024-08-07,organic_search,small
369,Perry-Davis,2024-08-08,organic_search,small
370,Edwards-Scott,2024-08-09,organic_search,small
371,Mcdaniel Group,2024-08-09,content,medium
372,Davis Inc,2024-08-09,content,medium
373,Reynolds Ltd,2024-08-11,content,small
374,"Watson, Anderson and Brown",2024-08-12,paid_search,large
375,"Hoffman, Santiago and Jenkins",2024-08-12,organic_search,small
376,"Pugh, Henderson and Moon",2024-08-12,paid_search,medium
377,Schmitt PLC,2024-08-12,referral,small
378,Bell-Lane,2024-08-12,direct,small
379,Moore Group,2024-08-12,paid_search,small
380,Boone LLC,2024-08-12,paid_search,medium
381,"Richardson, Farmer and Andrews",2024-08-12,organic_search,large
382,Bruce-Villegas,2024-08-13,paid_search,small
383,"Austin, Day and Johnson",2024-08-13,organic_search,small
384,"Gallegos, Adams and White",2024-08-14,paid_search,small
385,"Farmer, Dorsey and Bell",2024-08-14,paid_search,large
386,Kane PLC,2024-08-14,paid_search,large
387,"Morales, Thomas and Schultz",2024-08-14,referral,small
388,Davis PLC,2024-08-14,paid_search,small
389,Bennett Group,2024-08-15,content,medium
390,Moore-Collins,2024-08-15,referral,small
391,Frank-Bradley,2024-08-15,paid_search,small
392,Ware and Sons,2024-08-17,direct,small
393,Webster Inc,2024-08-17,paid_search,small
394,"Miller, Ramos and Coleman",2024-08-17,paid_search,small
395,"Ramos, Nelson and Fischer",2024-08-18,paid_search,medium
396,Reed Inc,2024-08-18,organic_search,small
397,Gregory-Watkins,2024-08-18,organic_search,large
398,"Estrada, Williams and Foster",2024-08-19,content,small
399,"Brown, Harris and Dougherty",2024-08-19,content,medium
400,Duran LLC,2024-08-19,organic_search,small
401,Wilson-Jimenez,2024-08-19,content,small
402,Thompson-James,2024-08-20,paid_search,medium
403,"Hall, Hansen and Barnett",2024-08-21,direct,small
404,Jones-Hensley,2024-08-21,organic_search,small
405,Graham Group,2024-08-22,direct,small
406,Atkins PLC,2024-08-22,direct,small
407,Berry-Mckinney,2024-08-22,organic_search,small
408,Roberts-Sullivan,2024-08-22,paid_search,small
409,Jackson-Meza,2024-08-23,direct,small
410,Collier-Gillespie,2024-08-23,organic_search,small
411,Kim Inc,2024-08-23,organic_search,small
412,Graham Group,2024-08-24,referral,small
413,"Miller, Harrell and Reese",2024-08-24,referral,medium
414,Cook and Sons,2024-08-25,paid_search,small
415,Dixon Inc,2024-08-25,referral,large
416,"Hicks, Bullock and Bailey",2024-08-26,referral,small
417,"Mullen, Brewer and Hernandez",2024-08-26,content,large
418,Thomas and Sons,2024-08-27,organic_search,medium
419,Morrison Ltd,2024-08-27,paid_search,medium
420,Thompson Ltd,2024-08-27,organic_search,small
421,Marshall-Elliott,2024-08-28,organic_search,small
422,"Cole, Glass and Cunningham",2024-08-28,organic_search,small
423,"Downs, Morris and Maddox",2024-08-29,organic_search,large
424,Hernandez-Jones,2024-08-30,referral,small
425,Welch-Hogan,2024-08-30,paid_search,small
426,"Brown, Romero and Collins",2024-08-30,paid_search,medium
427,Johnson-Wood,2024-08-30,organic_search,small
428,Jones-Lin,2024-09-01,content,medium
429,Gilbert PLC,2024-09-01,content,medium
430,Ford-Spencer,2024-09-01,paid_search,medium
431,"Huang, Cole and Pacheco",2024-09-02,referral,large
432,"Lopez, Jacobs and Mason",2024-09-02,organic_search,large
433,Hayes LLC,2024-09-02,organic_search,medium
434,"Miller, Lucas and Williams",2024-09-03,referral,small
435,"Kim, Gonzales and Mills",2024-09-04,paid_search,large
436,Cox LLC,2024-09-05,paid_search,small
437,Ortiz-Morgan,2024-09-05,content,small
438,"Williams, Mccoy and Cook",2024-09-05,paid_search,small
439,Davis-Gregory,2024-09-06,organic_search,small
440,King-York,2024-09-06,organic_search,small
441,"Marks, Cook and Aguilar",2024-09-06,direct,medium
442,Rangel LLC,2024-09-06,paid_search,small
443,"Hale, Myers and Larson",2024-09-06,referral,small
444,Collins Group,2024-09-07,referral,medium
445,"Conner, Li and Santiago",2024-09-07,paid_search,small
446,"Osborn, Gaines and Davis",2024-09-08,direct,small
447,"Henderson, Cox and Cox",2024-09-08,content,small
448,Bean LLC,2024-09-08,referral,small
449,Lee-Cooke,2024-09-09,direct,small
450,Jones Inc,2024-09-09,paid_search,large
451,"Wise, Conley and Stephenson",2024-09-10,referral,large
452,Stanley PLC,2024-09-10,organic_search,medium
453,Harper and Sons,2024-09-10,direct,small
454,White Ltd,2024-09-10,organic_search,medium
455,"Lamb, Martin and Kim",2024-09-10,organic_search,small
456,Diaz-Ball,2024-09-11,organic_search,small
457,Bishop-Goodwin,2024-09-11,paid_search,medium
458,Young-Allen,2024-09-11,direct,medium
459,Mckee-Lee,2024-09-11,referral,medium
460,"Valentine, Joyce and Murray",2024-09-11,direct,small
461,Strickland-Shaw,2024-09-11,direct,medium
462,Burch-Montoya,2024-09-12,paid_search,small
463,"Taylor, Wright and Davidson",2024-09-13,content,small
464,Spencer-Garcia,2024-09-13,direct,small
465,"Rosales, Mitchell and Hines",2024-09-13,organic_search,small
466,Cole-Palmer,2024-09-13,direct,medium
467,Davis-Lozano,2024-09-14,organic_search,medium
468,Wilkerson-Arias,2024-09-16,paid_search,medium
469,Brown-Shaw,2024-09-17,paid_search,medium
470,Hughes Inc,2024-09-17,paid_search,small
471,Walker-Flores,2024-09-17,organic_search,small
472,Combs Ltd,2024-09-18,organic_search,medium
473,Moody-Taylor,2024-09-20,content,small
474,Lowery-Kennedy,2024-09-20,organic_search,medium
475,Blake Group,2024-09-21,paid_search,small
476,Gilbert-Bullock,2024-09-23,organic_search,medium
477,Scott and Sons,2024-09-23,referral,small
478,"Bentley, Lynch and Henderson",2024-09-24,referral,small
479,Young-Martinez,2024-09-24,direct,medium
480,Barnes PLC,2024-09-24,paid_search,small
481,Brown-Copeland,2024-09-25,content,medium
482,Carlson-Smith,2024-09-25,paid_search,large
483,"Andrews, Higgins and Carter",2024-09-25,referral,small
484,Mendez and Sons,2024-09-26,organic_search,small
485,"Butler, Beck and Miller",2024-09-26,paid_search,medium
486,Jones-Fox,2024-09-26,organic_search,medium
487,"Hartman, Romero and Smith",2024-09-27,paid_search,large
488,Williams-Hughes,2024-09-27,paid_search,large
489,King-Smith,2024-09-28,direct,small
490,Cooper Ltd,2024-09-28,referral,medium
491,"Fuller, Ingram and Moss",2024-09-30,organic_search,small
492,Anderson-Bell,2024-09-30,direct,medium
493,Li-Thompson,2024-10-01,content,medium
494,"Marshall, Dominguez and Welch",2024-10-02,direct,large
495,Brown Group,2024-10-02,referral,small
496,Carter Inc,2024-10-03,organic_search,small
497,Blackwell LLC,2024-10-03,paid_search,small
498,Robertson-Hays,2024-10-03,referral,small
499,"Kennedy, Johnson and Lucas",2024-10-04,paid_search,medium
500,Kelly-Norman,2024-10-04,referral,small
501,"Rivera, Martinez and Richardson",2024-10-04,paid_search,medium
502,Paul-Kline,2024-10-04,content,small
503,Morgan-Lopez,2024-10-05,content,medium
504,"Jimenez, Glass and Stone",2024-10-06,referral,small
505,Acosta Inc,2024-10-06,content,small
506,Morrison-Short,2024-10-06,paid_search,medium
507,"Carter, Garcia and Murphy",2024-10-07,organic_search,medium
508,Parker-Morrison,2024-10-07,organic_search,small
509,Jackson-Wallace,2024-10-07,paid_search,small
510,Williams-Berg,2024-10-07,paid_search,small
511,Mendez-Graham,2024-10-08,referral,large
512,"Whitney, Gould and Jones",2024-10-08,referral,small
513,"Sullivan, Palmer and Brady",2024-10-10,organic_search,medium
514,Cisneros and Sons,2024-10-11,content,small
515,"Gregory, Kim and Martinez",2024-10-11,organic_search,small
516,Osborne LLC,2024-10-11,organic_search,small
517,Reyes-Bradley,2024-10-11,organic_search,small
518,"Hernandez, Cole and Watson",2024-10-12,paid_search,small
519,Hines-Berry,2024-10-12,referral,small
520,"Richardson, Edwards and Ramirez",2024-10-14,referral,small
521,Johnson and Sons,2024-10-14,organic_search,large
522,Holmes-Mcintyre,2024-10-14,paid_search,medium
523,Green LLC,2024-10-14,organic_search,medium
524,"Griffin, Davies and Mitchell",2024-10-16,referral,medium
525,Gonzalez-Taylor,2024-10-16,organic_search,small
526,Hayes Ltd,2024-10-16,referral,medium
527,Osborn-Cochran,2024-10-16,organic_search,small
528,Contreras-Mckinney,2024-10-16,paid_search,small
529,"Daniels, Vance and York",2024-10-17,organic_search,medium
530,"Mckinney, Graves and Thompson",2024-10-17,organic_search,medium
531,Hicks-Martinez,2024-10-18,referral,small
532,Conner and Sons,2024-10-18,organic_search,small
533,Johnson-Spencer,2024-10-18,organic_search,medium
534,Mcdonald-Bird,2024-10-18,paid_search,small
535,Salazar Inc,2024-10-19,paid_search,small
536,Parker Ltd,2024-10-20,organic_search,small
537,"Mendoza, Jenkins and Ortiz",2024-10-21,referral,medium
538,"Jones, Compton and Day",2024-10-21,content,small
539,Owens-Holmes,2024-10-21,direct,large
540,Humphrey PLC,2024-10-21,referral,small
541,"Matthews, Saunders and Anderson",2024-10-21,paid_search,small
542,"Bartlett, Brown and Martinez",2024-10-22,organic_search,small
543,Torres and Sons,2024-10-22,direct,small
544,Donovan-Perez,2024-10-22,paid_search,small
545,"Jacobson, Singleton and King",2024-10-22,organic_search,small
546,"Huber, Hill and Weber",2024-10-23,paid_search,small
547,"Ferguson, Shaw and Jackson",2024-10-23,organic_search,small
548,"Moore, Hopkins and Le",2024-10-23,organic_search,medium
549,"Morgan, Bradshaw and Williams",2024-10-24,referral,small
550,Miller Ltd,2024-10-24,referral,small
551,"Baker, Clark and Armstrong",2024-10-24,organic_search,medium
552,"Fowler, Jimenez and Burton",2024-10-25,paid_search,small
553,May-Turner,2024-10-25,direct,small
554,Ballard Ltd,2024-10-26,organic_search,large
555,Evans-Jones,2024-10-26,referral,small
556,Moore Group,2024-10-27,organic_search,small
557,Marshall-Peterson,2024-10-27,content,medium
558,Edwards Ltd,2024-10-27,paid_search,small
559,Gross-Valencia,2024-10-28,content,medium
560,Anderson-Wood,2024-10-28,organic_search,small
561,"Rodriguez, Allen and Martinez",2024-10-28,direct,medium
562,Wright-Davis,2024-10-28,content,medium
563,Dougherty-Lin,2024-10-28,paid_search,small
564,Wright-Grimes,2024-10-29,paid_search,small
565,Li PLC,2024-10-29,organic_search,medium
566,"Edwards, Hines and Jimenez",2024-10-29,referral,small
567,"Owens, Koch and Jimenez",2024-10-29,referral,small
568,Landry PLC,2024-10-30,organic_search,medium
569,Levy-Lewis,2024-10-31,organic_search,medium
570,Williams-Campbell,2024-10-31,paid_search,medium
571,"Khan, Pena and Ruiz",2024-10-31,paid_search,small
572,"Smith, Rodriguez and Anderson",2024-10-31,paid_search,small
573,Luna-Gallagher,2024-10-31,paid_search,small
574,Williams-Williams,2024-11-01,content,small
575,"Lee, Tran and Jones",2024-11-01,direct,large
576,"Cole, Pierce and Bryan",2024-11-01,paid_search,small
577,"Becker, Wilson and Hester",2024-11-01,paid_search,small
578,Brooks-Hatfield,2024-11-01,paid_search,medium
579,"Mcmillan, Fischer and Gonzalez",2024-11-03,paid_search,small
580,"Morales, Williams and Williams",2024-11-04,organic_search,medium
581,"Cook, Wells and Bryant",2024-11-05,organic_search,medium
582,"Barry, Taylor and Velazquez",2024-11-05,referral,medium
583,Martin-Ewing,2024-11-05,referral,medium
584,"Kirby, Wheeler and Romero",2024-11-05,paid_search,small
585,"Patel, Erickson and Evans",2024-11-06,referral,small
586,Richardson Ltd,2024-11-06,organic_search,medium
587,Whitney PLC,2024-11-06,content,small
588,Robles-Swanson,2024-11-07,organic_search,medium
589,"Soto, Carlson and Baker",2024-11-07,paid_search,medium
590,"Patton, Parsons and Lane",2024-11-08,content,medium
591,"Williams, Castillo and Warren",2024-11-09,content,large
592,"Harvey, Randall and Hernandez",2024-11-09,direct,medium
593,"Allen, Armstrong and Graves",2024-11-09,paid_search,small
594,Smith LLC,2024-11-11,paid_search,small
595,Hernandez-Vaughn,2024-11-11,content,small
596,Shaw-Carr,2024-11-11,paid_search,medium
597,Salas-Fitzgerald,2024-11-11,referral,small
598,Thornton PLC,2024-11-12,content,small
599,Hoffman Ltd,2024-11-12,organic_search,small
600,Fox-Edwards,2024-11-12,paid_search,small
601,Stevens PLC,2024-11-12,organic_search,small
602,Payne-Lowe,2024-11-13,organic_search,small
603,"Becker, Lara and Baker",2024-11-13,paid_search,medium
604,Lee-Wright,2024-11-14,paid_search,small
605,"Evans, David and Hendrix",2024-11-14,direct,small
606,Bush-Vaughn,2024-11-14,paid_search,small
607,Stewart-Bailey,2024-11-15,organic_search,medium
608,"Hill, Martinez and Rhodes",2024-11-16,organic_search,small
609,Huang-Foster,2024-11-16,content,small
610,Blevins-Ballard,2024-11-16,organic_search,small
611,Williams-Moses,2024-11-17,referral,small
612,Reed Group,2024-11-18,organic_search,small
613,"Scott, Mendoza and Harris",2024-11-18,direct,medium
614,"Nelson, Hoffman and Nelson",2024-11-18,organic_search,medium
615,Gilbert PLC,2024-11-18,paid_search,small
616,Sanchez Ltd,2024-11-19,paid_search,medium
617,"Perez, Hall and Garcia",2024-11-19,paid_search,small
618,Love-Garcia,2024-11-20,organic_search,small
619,Smith PLC,2024-11-20,direct,small
620,Russell Group,2024-11-20,paid_search,small
621,Santos-Avila,2024-11-21,paid_search,small
622,Morris-Brewer,2024-11-21,referral,small
623,Pearson and Sons,2024-11-21,organic_search,small
624,"Rodgers, Jefferson and Johnson",2024-11-21,referral,small
625,Butler and Sons,2024-11-22,referral,small
626,Osborn Group,2024-11-22,paid_search,medium
627,Lopez-Curry,2024-11-24,content,small
628,Mcdowell-Smith,2024-11-24,paid_search,medium
629,"Morrison, Hebert and Rogers",2024-11-24,content,small
630,Hays-Daniels,2024-11-24,referral,small
631,Small-Anderson,2024-11-25,direct,small
632,"Mcdonald, Lee and Rodriguez",2024-11-25,organic_search,small
633,Simon Ltd,2024-11-25,referral,small
634,Higgins-Smith,2024-11-26,paid_search,small
635,Gibbs-Bradley,2024-11-26,organic_search,small
636,Thompson Ltd,2024-11-26,organic_search,large
637,Wilcox-Robertson,2024-11-26,content,small
638,Morales Inc,2024-11-27,organic_search,medium
639,Holden Group,2024-11-27,organic_search,small
640,Boyle-Smith,2024-11-29,direct,small
641,Young-Molina,2024-11-29,paid_search,small
642,Turner-Sharp,2024-11-30,organic_search,medium
643,Green LLC,2024-11-30,referral,small
644,"Young, Contreras and Marshall",2024-12-01,paid_search,small
645,Sullivan PLC,2024-12-02,organic_search,small
646,"Carrillo, Vaughn and Fowler",2024-12-02,organic_search,small
647,Richardson-Walker,2024-12-02,paid_search,small
648,Mendoza Group,2024-12-02,organic_search,small
649,"Zhang, Brooks and Miles",2024-12-03,direct,small
650,Todd-Pham,2024-12-03,content,small
651,Gill Ltd,2024-12-04,content,medium
652,"Marks, Miller and Griffin",2024-12-04,paid_search,small
653,"Cox, Stark and Rodriguez",2024-12-04,referral,small
654,"Leach, Harris and Herrera",2024-12-04,organic_search,large
655,Murphy PLC,2024-12-04,paid_search,small
656,Wilson-Harris,2024-12-05,content,small
657,"Burns, Nolan and Griffin",2024-12-05,referral,large
658,Chavez PLC,2024-12-05,paid_search,small
659,Bryant-Brown,2024-12-06,organic_search,medium
660,Chambers-Parker,2024-12-06,organic_search,small
661,Foster Inc,2024-12-07,paid_search,small
662,"Robinson, Jones and Henderson",2024-12-09,content,small
663,"Brown, Mcknight and Michael",2024-12-09,paid_search,small
664,Andersen Group,2024-12-09,referral,small
665,Mitchell and Sons,2024-12-09,paid_search,small
666,Cannon Ltd,2024-12-09,paid_search,medium
667,"Stuart, Brooks and Vance",2024-12-10,paid_search,small
668,Kane-Knox,2024-12-10,content,large
669,Miller-Brandt,2024-12-10,organic_search,medium
670,"Anderson, Dalton and Wilson",2024-12-10,organic_search,large
671,"Long, Anderson and Irwin",2024-12-10,direct,medium
672,Avila LLC,2024-12-11,content,small
673,Nunez-Stephens,2024-12-11,direct,small
674,"Gray, Hall and Murray",2024-12-12,organic_search,small
675,Hill Ltd,2024-12-12,organic_search,small
676,Johnson Ltd,2024-12-12,content,small
677,Mendez-Mayer,2024-12-12,organic_search,small
678,Allen Inc,2024-12-12,organic_search,medium
679,Wheeler Group,2024-12-12,paid_search,small
680,"Powers, Brennan and Sanchez",2024-12-13,organic_search,small
681,Morales and Sons,2024-12-13,content,large
682,"Robinson, Shields and Brown",2024-12-13,paid_search,medium
683,"Holder, Young and Hendricks",2024-12-13,content,medium
684,"Flores, Harper and Chambers",2024-12-13,organic_search,small
685,Young-Walter,2024-12-14,organic_search,small
686,"Boyd, Gutierrez and Hill",2024-12-14,organic_search,medium
687,"Fry, Hobbs and Buck",2024-12-15,direct,small
688,"Shelton, Peters and Williams",2024-12-15,paid_search,small
689,David-Powers,2024-12-16,content,medium
690,"Flores, Butler and Hernandez",2024-12-16,content,small
691,White-Medina,2024-12-17,paid_search,small
692,Atkinson LLC,2024-12-17,paid_search,small
693,"Thomas, Ford and Brown",2024-12-17,organic_search,large
694,Faulkner-Grant,2024-12-18,referral,medium
695,Price LLC,2024-12-18,organic_search,medium
696,Rivera Inc,2024-12-18,organic_search,small
697,Boone-Davis,2024-12-18,content,small
698,"Calderon, Williams and Bennett",2024-12-19,referral,small
699,"Morrison, Russo and Lopez",2024-12-19,organic_search,large
700,"Ramsey, Hansen and Mendoza",2024-12-20,paid_search,small
701,Turner-Stout,2024-12-21,organic_search,small
702,Giles Ltd,2024-12-21,organic_search,small
703,Burgess Group,2024-12-22,organic_search,medium
704,Dominguez Ltd,2024-12-22,organic_search,small
705,Sanders and Sons,2024-12-22,paid_search,small
706,"Morris, Campbell and Owens",2024-12-22,organic_search,small
707,"Howard, Green and Hunt",2024-12-23,organic_search,small
708,Owens-Lang,2024-12-23,content,large
709,"Harrison, Franco and Rocha",2024-12-23,organic_search,small
710,Edwards-Williams,2024-12-23,referral,medium
711,Figueroa Inc,2024-12-23,content,small
712,Tran-Silva,2024-12-24,referral,medium
713,"Butler, Hernandez and Rivera",2024-12-24,organic_search,small
714,Hudson-Sanchez,2024-12-24,organic_search,small
715,"Pena, Cohen and Scott",2024-12-24,direct,small
716,Levy-May,2024-12-24,paid_search,medium
717,Murray-Oconnor,2024-12-24,direct,medium
718,Jackson-Cortez,2024-12-25,referral,small
719,White-Preston,2024-12-25,organic_search,medium
720,"Bernard, Warren and Combs",2024-12-25,paid_search,medium
721,Landry Ltd,2024-12-25,organic_search,medium
722,Duran Group,2024-12-26,direct,small
723,Kirby and Sons,2024-12-26,organic_search,small
724,Mann Inc,2024-12-26,direct,small
725,Wagner LLC,2024-12-26,paid_search,small
726,Williamson Ltd,2024-12-26,organic_search,large
727,"Durham, Hopkins and Smith",2024-12-26,content,small
728,"Arnold, Smith and Moreno",2024-12-26,organic_search,medium
729,Nichols-Mitchell,2024-12-26,referral,large
730,"Li, Craig and Drake",2024-12-26,paid_search,small
731,Rodriguez Inc,2024-12-27,paid_search,small
732,"Hernandez, Lee and Fox",2024-12-27,content,medium
733,Adams-Sanders,2024-12-27,organic_search,small
734,Chung-Stevens,2024-12-28,content,small
735,Branch and Sons,2024-12-29,organic_search,small
736,Sutton-Abbott,2024-12-29,paid_search,medium
737,"Frey, Santos and Johnson",2024-12-31,content,medium
738,Gray-Tran,2024-12-31,referral,medium
739,Walsh Ltd,2024-12-31,paid_search,small
740,Miller Group,2025-01-01,referral,medium
741,"Mueller, Knight and Hodge",2025-01-01,organic_search,medium
742,Jacobson Inc,2025-01-02,organic_search,small
743,Lewis Ltd,2025-01-02,content,medium
744,"Alvarez, Williams and Jones",2025-01-03,direct,large
745,Lam-Elliott,2025-01-03,paid_search,small
746,White LLC,2025-01-03,content,small
747,Ali PLC,2025-01-03,referral,small
748,Goodwin Ltd,2025-01-05,organic_search,small
749,Hickman-Evans,2025-01-05,organic_search,small
750,"Allen, Davenport and Price",2025-01-06,paid_search,large
751,"Rivera, Campos and Taylor",2025-01-06,organic_search,small
752,"Ramsey, Mason and Mccann",2025-01-06,paid_search,large
753,Davis and Sons,2025-01-07,paid_search,small
754,Peterson PLC,2025-01-07,organic_search,small
755,"Sanders, Ayala and Johnson",2025-01-07,direct,small
756,Bowers-Hayes,2025-01-07,organic_search,medium
757,Kelly Group,2025-01-07,organic_search,small
758,Lopez-Willis,2025-01-07,organic_search,medium
759,Miller-Montgomery,2025-01-07,organic_search,large
760,Marquez Inc,2025-01-08,direct,small
761,Moore-Dawson,2025-01-08,organic_search,small
762,"Moore, Price and Ward",2025-01-08,referral,medium
763,Smith LLC,2025-01-09,organic_search,small
764,Ward-Nelson,2025-01-09,paid_search,small
765,Miller Group,2025-01-10,content,medium
766,Hawkins-Hunt,2025-01-10,organic_search,small
767,Johnson LLC,2025-01-10,direct,small
768,"Davis, George and Nguyen",2025-01-10,content,small
769,Smith-Gutierrez,2025-01-10,organic_search,large
770,Hardy PLC,2025-01-10,organic_search,medium
771,Armstrong and Sons,2025-01-11,organic_search,small
772,"James, Taylor and Turner",2025-01-11,content,medium
773,Thomas-Jackson,2025-01-11,organic_search,large
774,Fisher-Washington,2025-01-11,referral,small
775,Ward and Sons,2025-01-12,paid_search,small
776,"Weber, Wheeler and Gonzalez",2025-01-13,paid_search,large
777,Taylor Inc,2025-01-13,organic_search,small
778,Cook-Oliver,2025-01-14,referral,medium
779,Alexander-Jordan,2025-01-15,paid_search,medium
780,"Mccann, Taylor and Flores",2025-01-15,direct,medium
781,"Harris, Edwards and Oconnell",2025-01-16,organic_search,medium
782,Carter-Neal,2025-01-16,paid_search,small
783,Faulkner-Casey,2025-01-16,organic_search,small
784,Bennett-Velasquez,2025-01-17,organic_search,small
785,Diaz-Frederick,2025-01-17,paid_search,medium
786,Vargas PLC,2025-01-17,content,large
787,Maldonado PLC,2025-01-17,organic_search,small
788,Benton Group,2025-01-18,content,large
789,"Clark, Salinas and Guerra",2025-01-18,direct,small
790,Fuentes Group,2025-01-19,organic_search,medium
791,"Porter, Schultz and Allen",2025-01-19,organic_search,small
792,"Moore, Henderson and Bennett",2025-01-19,organic_search,small
793,Ewing-Mendoza,2025-01-20,paid_search,small
794,Ferguson-Mclean,2025-01-20,direct,medium
795,"Barnes, Johnson and Schmitt",2025-01-21,content,small
796,"Woodard, Herrera and Little",2025-01-21,direct,medium
797,Rodriguez and Sons,2025-01-22,content,medium
798,"Ortega, Jackson and Salazar",2025-01-23,content,medium
799,"Terrell, Byrd and Ross",2025-01-23,organic_search,small
800,Sheppard-Jordan,2025-01-23,referral,small
801,Garcia and Sons,2025-01-23,organic_search,small
802,"Burgess, Grant and Watts",2025-01-24,direct,small
803,Griffin Group,2025-01-24,paid_search,small
804,Barton-Chapman,2025-01-24,organic_search,small
805,"Hernandez, Cuevas and Webb",2025-01-24,paid_search,small
806,Perry-Nixon,2025-01-24,paid_search,medium
807,Guerra Ltd,2025-01-25,organic_search,large
808,Bailey LLC,2025-01-26,direct,large
809,Mueller-Boyd,2025-01-26,referral,small
810,Alvarez-Kim,2025-01-27,paid_search,small
811,"Chavez, Jones and Williams",2025-01-27,referral,small
812,"Wilson, Sweeney and Wong",2025-01-27,content,small
813,"Marsh, Spears and Yang",2025-01-28,content,small
814,"Thompson, Moore and Castro",2025-01-29,organic_search,small
815,Hall-Sullivan,2025-01-29,referral,small
816,Lopez Ltd,2025-01-29,organic_search,medium
817,Foster-Mclaughlin,2025-01-29,organic_search,medium
818,Cole Group,2025-01-30,paid_search,small
819,Smith-Lewis,2025-01-30,paid_search,small
820,Goodwin-Stokes,2025-01-30,organic_search,large
821,Ray PLC,2025-01-31,organic_search,small
822,Diaz and Sons,2025-01-31,organic_search,medium
823,Wilson-Lambert,2025-01-31,content,small
824,Rose-Fowler,2025-02-02,paid_search,small
825,"Price, Long and Wilson",2025-02-02,organic_search,small
826,Bruce-Williamson,2025-02-03,referral,small
827,"Mccarthy, Evans and Mendez",2025-02-03,paid_search,medium
828,Powers LLC,2025-02-03,organic_search,small
829,Allen Inc,2025-02-03,content,medium
830,Brooks and Sons,2025-02-04,paid_search,medium
831,"Price, Carlson and Andrews",2025-02-05,content,large
832,Lopez-Reid,2025-02-05,organic_search,large
833,"Ellison, Arias and Thompson",2025-02-05,organic_search,large
834,Burns and Sons,2025-02-06,organic_search,small
835,Edwards Group,2025-02-07,organic_search,small
836,"Brown, Howard and Smith",2025-02-07,organic_search,small
837,Lee Group,2025-02-08,paid_search,small
838,"Wagner, Simpson and Cohen",2025-02-08,content,medium
839,Mckinney-Wallace,2025-02-10,organic_search,small
840,Miller Inc,2025-02-10,organic_search,small
841,Carter LLC,2025-02-10,direct,small
842,Medina and Sons,2025-02-11,paid_search,small
843,Cunningham-Barton,2025-02-11,direct,small
844,Dunn-Wilson,2025-02-11,organic_search,large
845,Adams PLC,2025-02-12,content,large
846,Weaver-Sherman,2025-02-12,paid_search,large
847,"Alexander, Robinson and Coleman",2025-02-13,direct,medium
848,"Greer, Potter and Evans",2025-02-13,paid_search,medium
849,Cole LLC,2025-02-13,paid_search,small
850,Gonzales Inc,2025-02-13,organic_search,medium
851,Clark Ltd,2025-02-13,content,small
852,"Norris, Callahan and Bishop",2025-02-14,paid_search,small
853,Martin-Taylor,2025-02-14,organic_search,medium
854,Li Inc,2025-02-14,direct,small
855,"Bell, Campbell and Ryan",2025-02-14,referral,small
856,Werner-Carter,2025-02-14,organic_search,small
857,"Adams, Hodge and Duke",2025-02-15,direct,large
858,"Ochoa, Taylor and Brady",2025-02-15,direct,medium
859,Sellers-Riddle,2025-02-15,referral,small
860,"Martinez, Cline and Wright",2025-02-15,organic_search,small
861,"Morris, Wright and Bridges",2025-02-16,referral,small
862,Burns-Ray,2025-02-16,referral,medium
863,Burton-Brooks,2025-02-17,organic_search,medium
864,Schultz Inc,2025-02-17,organic_search,large
865,Robertson-Ramirez,2025-02-18,content,large
866,Gibson-Freeman,2025-02-18,organic_search,small
867,"Smith, Schroeder and Oconnor",2025-02-18,referral,small
868,"Stanton, Reid and Terry",2025-02-18,organic_search,medium
869,Flynn Group,2025-02-18,referral,large
870,Donaldson and Sons,2025-02-19,organic_search,medium
871,Adams-Clayton,2025-02-19,referral,large
872,Kelley-Anderson,2025-02-19,direct,small
873,Kramer-Shannon,2025-02-19,paid_search,small
874,Williams Ltd,2025-02-19,paid_search,small
875,Smith-Noble,2025-02-20,organic_search,small
876,Alexander Inc,2025-02-20,referral,small
877,Harris-Barker,2025-02-20,organic_search,medium
878,Khan LLC,2025-02-20,content,small
879,Baxter LLC,2025-02-21,direct,small
880,Pena LLC,2025-02-21,paid_search,medium
881,Watson Ltd,2025-02-22,content,medium
882,Williams Ltd,2025-02-22,referral,small
883,Barber-Fischer,2025-02-23,organic_search,small
884,Rios-Padilla,2025-02-23,paid_search,small
885,Lewis Inc,2025-02-24,paid_search,small
886,Wheeler PLC,2025-02-24,organic_search,small
887,"Wallace, Smith and Cooper",2025-02-24,organic_search,small
888,Mcneil Group,2025-02-24,paid_search,large
889,"Anderson, Jones and Reyes",2025-02-25,referral,medium
890,"Shaffer, Garcia and Richardson",2025-02-25,referral,small
891,Taylor-Ayala,2025-02-25,paid_search,medium
892,May Ltd,2025-02-25,direct,large
893,Jones PLC,2025-02-26,organic_search,small
894,Bishop and Sons,2025-02-27,paid_search,small
895,Bell-Lewis,2025-02-28,direct,medium
896,"Hernandez, Jenkins and Parks",2025-02-28,paid_search,small
897,Miller Inc,2025-02-28,direct,small
898,Goodwin PLC,2025-02-28,content,small
899,"Cruz, Richmond and Edwards",2025-03-01,organic_search,large
900,Wright Ltd,2025-03-01,direct,large
901,Wright PLC,2025-03-01,organic_search,small
902,"Griffith, Mitchell and Pugh",2025-03-02,referral,medium
903,Abbott Ltd,2025-03-03,organic_search,medium
904,Harris-Lawson,2025-03-03,organic_search,medium
905,Adkins LLC,2025-03-03,content,small
906,"Brown, Hurst and Blevins",2025-03-03,organic_search,small
907,Cruz-Allen,2025-03-03,organic_search,small
908,"Wheeler, Rice and Levine",2025-03-03,organic_search,medium
909,Peck-Anderson,2025-03-04,organic_search,medium
910,"Fisher, Payne and Thompson",2025-03-04,organic_search,medium
911,Best-Townsend,2025-03-04,organic_search,small
912,Matthews Inc,2025-03-04,referral,small
913,Lewis-Livingston,2025-03-05,direct,medium
914,Hunter-Fuller,2025-03-05,paid_search,small
915,"Wang, Henderson and Morales",2025-03-05,content,medium
916,"Herrera, Jensen and Ramirez",2025-03-05,paid_search,medium
917,Miller-Mccall,2025-03-05,organic_search,small
918,Herrera Group,2025-03-05,organic_search,small
919,"Walters, Davenport and Becker",2025-03-06,organic_search,small
920,Collins Group,2025-03-06,direct,small
921,"Ashley, Allen and Sanchez",2025-03-06,paid_search,small
922,Wilson-Salazar,2025-03-06,referral,small
923,Parker Ltd,2025-03-07,organic_search,small
924,"Yang, Wilson and Zimmerman",2025-03-07,paid_search,medium
925,"Smith, Crawford and Reed",2025-03-08,paid_search,small
926,"Logan, Le and Jackson",2025-03-08,organic_search,small
927,Brady LLC,2025-03-10,content,medium
928,"Tanner, Wise and Johnson",2025-03-10,organic_search,small
929,Nelson-Brown,2025-03-10,organic_search,small
930,"Proctor, Burton and Crawford",2025-03-11,paid_search,medium
931,"Ward, Porter and Bradley",2025-03-11,organic_search,medium
932,Moore-Ayala,2025-03-11,referral,large
933,"Craig, Wilson and Yang",2025-03-12,paid_search,medium
934,Williams Inc,2025-03-12,referral,large
935,Williams LLC,2025-03-13,organic_search,large
936,Mora-White,2025-03-13,content,medium
937,Tran Ltd,2025-03-13,paid_search,small
938,"Rios, Walker and Wright",2025-03-13,organic_search,small
939,"Flores, Mckenzie and Duncan",2025-03-14,referral,small
940,Shaw Inc,2025-03-14,referral,large
941,Walker PLC,2025-03-14,direct,small
942,Finley Inc,2025-03-14,direct,small
943,Cline-Ayala,2025-03-14,paid_search,medium
944,Murphy-Tran,2025-03-15,referral,small
945,Wood LLC,2025-03-15,paid_search,large
946,"Mueller, Stevenson and Sanchez",2025-03-15,paid_search,large
947,Vargas-Snyder,2025-03-16,content,medium
948,Oconnor PLC,2025-03-16,direct,medium
949,Hernandez Group,2025-03-16,organic_search,small
950,Hall LLC,2025-03-17,paid_search,medium
951,"Franco, Wiley and Tapia",2025-03-17,content,medium
952,Blake Group,2025-03-17,content,small
953,"Acosta, Garcia and Moreno",2025-03-18,paid_search,small
954,Barnes Inc,2025-03-18,content,large
955,Dawson Inc,2025-03-18,organic_search,small
956,Morse PLC,2025-03-18,paid_search,small
957,Haynes-Watson,2025-03-18,paid_search,medium
958,"Miller, Davis and Anderson",2025-03-19,organic_search,medium
959,Jones-Bradley,2025-03-19,paid_search,small
960,Bates-Anderson,2025-03-19,organic_search,medium
961,Green-Edwards,2025-03-20,content,small
962,Haynes-Moss,2025-03-20,organic_search,medium
963,Chavez-Hall,2025-03-20,organic_search,small
964,Taylor PLC,2025-03-21,paid_search,small
965,Moore and Sons,2025-03-21,organic_search,small
966,Owens-Russell,2025-03-21,organic_search,small
967,"Howard, Townsend and Hayes",2025-03-21,paid_search,medium
968,Baker-Wilson,2025-03-21,organic_search,small
969,Aguirre LLC,2025-03-21,organic_search,small
970,"Terry, Williams and Huff",2025-03-21,paid_search,medium
971,Hernandez-Dawson,2025-03-21,direct,small
972,Foster-Williams,2025-03-22,referral,medium
973,Green-Ewing,2025-03-22,organic_search,small
974,Crane Group,2025-03-22,paid_search,small
975,"Adkins, Wright and Murray",2025-03-22,organic_search,small
976,Martinez Inc,2025-03-23,organic_search,small
977,Anderson Group,2025-03-23,organic_search,small
978,Parks-Pace,2025-03-24,organic_search,small
979,Aguilar LLC,2025-03-24,referral,small
980,Johnson Inc,2025-03-25,direct,small
981,Orr Group,2025-03-25,paid_search,small
982,Davis LLC,2025-03-25,referral,medium
983,Williams Group,2025-03-25,paid_search,small
984,Jackson PLC,2025-03-26,content,small
985,Underwood-Foster,2025-03-26,organic_search,small
986,Reyes Group,2025-03-26,organic_search,medium
987,Gomez and Sons,2025-03-27,paid_search,small
988,Ramirez-Stephenson,2025-03-27,content,small
989,Mendez PLC,2025-03-27,paid_search,small
990,Holland Group,2025-03-27,content,medium
991,Andrade-Mendoza,2025-03-28,organic_search,medium
992,Ramirez and Sons,2025-03-29,organic_search,small
993,Gonzalez-Wilkerson,2025-03-30,referral,small
994,"Wright, Mcknight and Stephens",2025-03-30,referral,large
995,Mayo Ltd,2025-03-30,referral,medium
996,Castillo-Harrington,2025-03-31,referral,medium
997,Durham-Shaw,2025-03-31,organic_search,small
998,Nelson-Johnson,2025-03-31,content,medium
999,"Robinson, Huang and Osborne",2025-03-31,organic_search,small
1000,Stokes Group,2025-03-31,referral,large
1001,"Howard, Silva and Hall",2025-04-01,paid_search,small
1002,Garcia Ltd,2025-04-01,organic_search,small
1003,Adams Ltd,2025-04-01,organic_search,small
1004,Gallagher and Sons,2025-04-01,organic_search,medium
1005,"Bradford, Salinas and Kelly",2025-04-01,organic_search,small
1006,Thompson PLC,2025-04-02,paid_search,small
1007,Drake-Wolfe,2025-04-02,referral,medium
1008,"Johnson, Haynes and Meza",2025-04-02,organic_search,small
1009,"Thomas, Vaughan and Copeland",2025-04-02,referral,small
1010,Weaver-Thompson,2025-04-03,paid_search,small
1011,Davis and Sons,2025-04-03,paid_search,small
1012,"Robinson, Fox and Smith",2025-04-03,paid_search,medium
1013,"Harris, Anderson and Love",2025-04-03,content,large
1014,Brown-Hernandez,2025-04-04,organic_search,large
1015,"Stark, Schroeder and Mathis",2025-04-04,paid_search,large
1016,Yu-Brooks,2025-04-04,content,small
1017,"Foster, Garcia and Turner",2025-04-05,paid_search,small
1018,Daugherty Ltd,2025-04-05,content,small
1019,Conner-Yu,2025-04-05,paid_search,small
1020,"Stewart, Mann and Hoffman",2025-04-06,paid_search,medium
1021,"Buchanan, Walker and Chapman",2025-04-07,organic_search,small
1022,Gray Ltd,2025-04-07,paid_search,medium
1023,"Phillips, Thompson and Smith",2025-04-07,direct,small
1024,"Fry, Myers and Gamble",2025-04-08,paid_search,small
1025,"Johnson, Guzman and Mccall",2025-04-08,content,medium
1026,"Walker, Cunningham and Zuniga",2025-04-08,content,small
1027,Rivera Inc,2025-04-08,content,medium
1028,Reed LLC,2025-04-09,paid_search,medium
1029,Fields Inc,2025-04-09,paid_search,medium
1030,"Santiago, Daniel and Rogers",2025-04-09,organic_search,small
1031,Baker and Sons,2025-04-09,organic_search,large
1032,"Jones, Scott and Rodriguez",2025-04-09,organic_search,small
1033,Williams Group,2025-04-09,paid_search,large
1034,"Barnes, Jackson and Gutierrez",2025-04-09,referral,medium
1035,Bell-Bennett,2025-04-10,referral,medium
1036,Kramer-Lane,2025-04-10,content,small
1037,"Perez, Hayes and Lloyd",2025-04-10,organic_search,medium
1038,Phillips LLC,2025-04-10,content,small
1039,Lynn-Jones,2025-04-10,organic_search,small
1040,Barron and Sons,2025-04-10,paid_search,medium
1041,"Jones, Mcmahon and Spence",2025-04-10,paid_search,small
1042,Wheeler-Austin,2025-04-11,paid_search,medium
1043,Bush-Reynolds,2025-04-11,referral,small
1044,"Martin, Preston and Moore",2025-04-11,paid_search,medium
1045,Rivera and Sons,2025-04-12,content,large
1046,Terry-Bowen,2025-04-13,organic_search,medium
1047,"Fernandez, Guerrero and Evans",2025-04-13,paid_search,small
1048,Williams PLC,2025-04-13,organic_search,small
1049,"Larsen, Hernandez and Ward",2025-04-14,organic_search,medium
1050,Miller-Colon,2025-04-14,organic_search,small
1051,"Greene, Gonzalez and Johnson",2025-04-14,paid_search,small
1052,Little Inc,2025-04-15,content,small
1053,Anthony-Parker,2025-04-15,organic_search,small
1054,Ruiz-Jacobson,2025-04-15,direct,large
1055,Davis-Stephens,2025-04-15,paid_search,small
1056,Watson Group,2025-04-15,content,medium
1057,Lopez-Williams,2025-04-16,paid_search,small
1058,Marshall-Perez,2025-04-16,organic_search,small
1059,Elliott-Hernandez,2025-04-17,organic_search,medium
1060,"Contreras, Miller and Cooper",2025-04-17,direct,small
1061,"Gutierrez, Avila and Perez",2025-04-18,direct,large
1062,Randall PLC,2025-04-18,organic_search,medium
1063,Sheppard-Mcdaniel,2025-04-18,referral,small
1064,Armstrong-Young,2025-04-19,organic_search,small
1065,Miller-Orr,2025-04-19,organic_search,small
1066,"Johnson, Duncan and Black",2025-04-19,paid_search,medium
1067,"Byrd, Oliver and Martinez",2025-04-19,referral,medium
1068,Thompson-Joyce,2025-04-20,paid_search,large
1069,Stokes and Sons,2025-04-21,content,small
1070,Henderson Ltd,2025-04-21,referral,large
1071,Harris-Carson,2025-04-21,organic_search,small
1072,Flowers LLC,2025-04-21,organic_search,small
1073,Bartlett-Sloan,2025-04-22,organic_search,small
1074,Miller PLC,2025-04-22,paid_search,small
1075,Arnold-Gates,2025-04-23,paid_search,small
1076,"Ellis, Marks and Buchanan",2025-04-23,direct,small
1077,"Matthews, Harrington and Rodriguez",2025-04-23,paid_search,small
1078,Hernandez PLC,2025-04-24,organic_search,medium
1079,"Chang, Ayers and Buckley",2025-04-24,paid_search,small
1080,"Chan, Floyd and Dillon",2025-04-24,organic_search,small
1081,Humphrey-Baker,2025-04-24,paid_search,small
1082,"Washington, Lynch and Johnson",2025-04-24,organic_search,medium
1083,Powell-Montgomery,2025-04-24,organic_search,medium
1084,"Steele, Williams and Preston",2025-04-24,organic_search,large
1085,Vaughn-Williams,2025-04-24,paid_search,medium
1086,Mccall-Prince,2025-04-24,referral,medium
1087,Morgan LLC,2025-04-24,direct,small
1088,Ramirez-Vasquez,2025-04-26,paid_search,small
1089,"Cohen, Compton and Perez",2025-04-26,referral,small
1090,Mccann-Ramos,2025-04-27,organic_search,medium
1091,Adams-Butler,2025-04-27,content,medium
1092,"Davis, Alexander and Mcintyre",2025-04-27,content,small
1093,Figueroa-Malone,2025-04-28,paid_search,small
1094,Nicholson-Robertson,2025-04-28,direct,small
1095,Jones Ltd,2025-04-28,referral,small
1096,"Powell, Deleon and Warren",2025-04-28,organic_search,small
1097,"Johnson, Lee and Whitaker",2025-04-28,referral,small
1098,Wright Group,2025-04-28,organic_search,medium
1099,Hull Ltd,2025-04-28,organic_search,large
1100,Hill Group,2025-04-29,organic_search,small
1101,"Sanders, Leblanc and Maldonado",2025-04-29,organic_search,small
1102,Watson PLC,2025-04-29,content,small
1103,Thompson-Harrell,2025-04-29,organic_search,small
1104,"Arnold, Cooper and Monroe",2025-04-29,content,large
1105,Curry-Barker,2025-04-30,paid_search,large
1106,Johnson-Williams,2025-04-30,paid_search,small
1107,"Chan, Lewis and Walker",2025-05-01,organic_search,medium
1108,Byrd LLC,2025-05-01,content,small
1109,"Ortiz, Smith and Deleon",2025-05-01,paid_search,small
1110,"Smith, Buck and Holland",2025-05-01,paid_search,small
1111,"Owen, Walker and Franklin",2025-05-01,paid_search,small
1112,Marquez-Fletcher,2025-05-02,organic_search,small
1113,Coleman-Bennett,2025-05-02,paid_search,medium
1114,Stevens-Robinson,2025-05-02,direct,small
1115,Byrd-Holloway,2025-05-02,content,small
1116,Silva-Smith,2025-05-03,organic_search,small
1117,"Levy, Franco and Hoffman",2025-05-03,content,medium
1118,"Lynch, Evans and Rodriguez",2025-05-04,paid_search,small
1119,Rogers LLC,2025-05-04,content,small
1120,"Nguyen, Hill and Douglas",2025-05-05,content,small
1121,"Evans, Hernandez and Cannon",2025-05-05,referral,medium
1122,Trujillo PLC,2025-05-05,organic_search,medium
1123,Guerrero-Becker,2025-05-05,paid_search,small
1124,"Johnson, Jimenez and Phillips",2025-05-05,organic_search,medium
1125,Sullivan-Doyle,2025-05-06,paid_search,large
1126,"Erickson, Armstrong and Lee",2025-05-07,organic_search,small
1127,"Reeves, Parks and Little",2025-05-07,content,small
1128,Knox-Powers,2025-05-07,content,small
1129,"Evans, Jackson and Sandoval",2025-05-08,direct,small
1130,"White, Davis and Anderson",2025-05-08,referral,medium
1131,Hardy-Hansen,2025-05-08,organic_search,medium
1132,Arroyo LLC,2025-05-09,paid_search,medium
1133,"Davis, Kelly and Garner",2025-05-09,organic_search,large
1134,Fisher-Eaton,2025-05-09,referral,small
1135,Green-Carter,2025-05-10,organic_search,large
1136,Ruiz Ltd,2025-05-10,paid_search,medium
1137,"Carpenter, Oliver and Kennedy",2025-05-10,direct,small
1138,Mason Ltd,2025-05-11,organic_search,small
1139,Moreno-Gutierrez,2025-05-11,paid_search,small
1140,Taylor and Sons,2025-05-11,organic_search,small
1141,Ortiz-Hudson,2025-05-12,referral,large
1142,Thomas-Huffman,2025-05-12,referral,medium
1143,Maxwell Group,2025-05-12,referral,small
1144,Welch-Thompson,2025-05-12,organic_search,small
1145,"Brown, Hayes and Clark",2025-05-13,direct,small
1146,Johnston and Sons,2025-05-13,content,medium
1147,Glover-Chan,2025-05-14,referral,medium
1148,Mendez Ltd,2025-05-14,direct,medium
1149,Powell-Sanford,2025-05-14,content,small
1150,Smith-Ferguson,2025-05-14,content,small
1151,"Watson, Smith and Morris",2025-05-14,content,small
1152,"Lee, Rhodes and Sims",2025-05-14,referral,small
1153,Perez LLC,2025-05-15,organic_search,small
1154,Anderson-Reyes,2025-05-15,organic_search,small
1155,"Torres, Brown and Williams",2025-05-15,organic_search,small
1156,Bryant-Meyer,2025-05-16,organic_search,small
1157,"Morgan, Barron and Cowan",2025-05-16,organic_search,medium
1158,Ferrell-Henry,2025-05-16,organic_search,small
1159,Martin Group,2025-05-17,organic_search,small
1160,Perez Ltd,2025-05-18,paid_search,small
1161,Clark Inc,2025-05-18,paid_search,small
1162,"Wagner, Martinez and Dawson",2025-05-18,referral,small
1163,Brooks Ltd,2025-05-19,paid_search,small
1164,Wise-Dean,2025-05-19,referral,small
1165,"Vang, Stanley and Valdez",2025-05-20,paid_search,small
1166,Williams Inc,2025-05-20,paid_search,small
1167,Wallace-Martinez,2025-05-20,organic_search,small
1168,Wells-Hernandez,2025-05-20,content,small
1169,"Jennings, Smith and Fisher",2025-05-21,organic_search,small
1170,Bates LLC,2025-05-21,organic_search,medium
1171,"Obrien, Taylor and Rivas",2025-05-21,organic_search,medium
1172,Hunt PLC,2025-05-21,content,large
1173,Campbell Inc,2025-05-21,paid_search,medium
1174,Gonzalez-Gonzalez,2025-05-21,organic_search,medium
1175,Decker-Dudley,2025-05-21,paid_search,small
1176,Warner-Phillips,2025-05-21,organic_search,large
1177,Kelley and Sons,2025-05-21,organic_search,medium
1178,"Fitzpatrick, Rivera and Smith",2025-05-22,organic_search,small
1179,"Davis, Rodriguez and Andrews",2025-05-22,referral,small
1180,Hernandez-Davis,2025-05-23,content,small
1181,"Jones, Cummings and Conway",2025-05-23,content,small
1182,"Hall, Hinton and Phillips",2025-05-23,paid_search,small
1183,Williams-Li,2025-05-23,paid_search,medium
1184,Phelps LLC,2025-05-23,direct,small
1185,"Edwards, Rodgers and Davis",2025-05-23,organic_search,small
1186,Smith and Sons,2025-05-24,content,large
1187,"Holland, Murphy and Kline",2025-05-24,organic_search,small
1188,"Adams, Quinn and Watson",2025-05-25,organic_search,small
1189,White-Morales,2025-05-25,organic_search,small
1190,Nelson-Cruz,2025-05-25,organic_search,small
1191,Marsh-Banks,2025-05-25,direct,small
1192,Wilson Ltd,2025-05-25,organic_search,small
1193,"Brown, Dunlap and Moore",2025-05-25,direct,small
1194,Pruitt-Webb,2025-05-26,content,small
1195,"Gregory, White and James",2025-05-26,paid_search,medium
1196,Carr-Huffman,2025-05-26,paid_search,large
1197,"Mcpherson, Anderson and Knapp",2025-05-27,paid_search,medium
1198,Clay Group,2025-05-27,direct,medium
1199,Brown Ltd,2025-05-27,direct,small
1200,Smith-Oneill,2025-05-27,direct,small
1201,"Saunders, Ray and Cunningham",2025-05-27,organic_search,medium
1202,"Marks, Stone and Watts",2025-05-27,direct,medium
1203,"Davis, Stanley and Wright",2025-05-27,paid_search,medium
1204,Alvarado-Davidson,2025-05-28,content,small
1205,Combs PLC,2025-05-28,referral,medium
1206,"Brown, Schneider and Moore",2025-05-28,paid_search,small
1207,Christian-Booth,2025-05-28,paid_search,large
1208,Walton LLC,2025-05-29,organic_search,small
1209,Rivera LLC,2025-05-29,direct,small
1210,Hunter PLC,2025-05-29,referral,small
1211,"Gray, Montoya and Miller",2025-05-29,organic_search,medium
1212,Solis-West,2025-05-30,organic_search,small
1213,West-Wilson,2025-05-30,organic_search,small
1214,Mcgee-Smith,2025-05-31,organic_search,medium
1215,Gutierrez-Hawkins,2025-05-31,organic_search,large
1216,Petersen PLC,2025-06-01,paid_search,small
1217,"Walsh, Wu and Hart",2025-06-01,organic_search,medium
1218,"Powers, Clements and Cox",2025-06-01,organic_search,small
1219,Velasquez Group,2025-06-02,organic_search,small
1220,Castro-Harvey,2025-06-02,organic_search,large
1221,Moran-Cox,2025-06-02,content,medium
1222,Wilson-Malone,2025-06-02,paid_search,small
1223,Smith LLC,2025-06-02,organic_search,small
1224,"Brandt, Carter and Boyd",2025-06-03,organic_search,medium
1225,"Rodriguez, Prince and Vasquez",2025-06-03,content,medium
1226,"Newton, Ortiz and King",2025-06-04,paid_search,medium
1227,Lopez Group,2025-06-04,referral,small
1228,Bryant and Sons,2025-06-04,organic_search,small
1229,"Morgan, Sherman and Williams",2025-06-04,organic_search,large
1230,"Monroe, Chapman and Barton",2025-06-04,content,small
1231,Ellis-Lawrence,2025-06-04,referral,large
1232,"Taylor, Porter and Moreno",2025-06-05,paid_search,small
1233,Tran Group,2025-06-05,content,small
1234,"Webb, Romero and Morse",2025-06-05,organic_search,large
1235,Holt and Sons,2025-06-05,organic_search,small
1236,"Ochoa, Garcia and Sandoval",2025-06-05,organic_search,medium
1237,"Andrade, Gordon and Cruz",2025-06-05,content,small
1238,"Moon, Farmer and Hill",2025-06-06,paid_search,medium
1239,Waller-Chavez,2025-06-06,organic_search,small
1240,Taylor PLC,2025-06-06,referral,small
1241,"Tanner, Hunt and Cameron",2025-06-09,paid_search,small
1242,"Valencia, Joseph and Walls",2025-06-09,organic_search,small
1243,"Robinson, Clark and Klein",2025-06-10,organic_search,small
1244,"Reed, Chambers and Zavala",2025-06-10,content,medium
1245,"Hester, Thompson and Daniels",2025-06-10,referral,small
1246,"Morris, Wilson and Bell",2025-06-10,paid_search,small
1247,Aguilar-Bender,2025-06-10,content,medium
1248,"Butler, Adkins and Skinner",2025-06-10,organic_search,medium
1249,Rich-Henderson,2025-06-11,organic_search,small
1250,Mills Inc,2025-06-11,organic_search,small
1251,Thomas-Santiago,2025-06-11,referral,medium
1252,Adams and Sons,2025-06-11,organic_search,medium
1253,Vega-Thomas,2025-06-11,paid_search,small
1254,Vaughn LLC,2025-06-12,organic_search,small
1255,Molina Inc,2025-06-12,organic_search,small
1256,Cervantes-Garcia,2025-06-12,direct,small
1257,"Stevenson, Hancock and Newton",2025-06-13,organic_search,small
1258,"Price, Dixon and Robles",2025-06-13,referral,small
1259,"Roberts, Beck and House",2025-06-13,paid_search,small
1260,Butler-French,2025-06-13,organic_search,small
1261,"Edwards, Arnold and Smith",2025-06-14,referral,small
1262,Harris-Melton,2025-06-14,referral,small
1263,Greer-Pruitt,2025-06-15,paid_search,medium
1264,"Mckinney, Richardson and Chapman",2025-06-15,organic_search,medium
1265,"Morrison, Parsons and Brandt",2025-06-15,organic_search,small
1266,Cole-Lucero,2025-06-16,paid_search,small
1267,Lopez and Sons,2025-06-16,referral,medium
1268,"Palmer, Bennett and Patterson",2025-06-16,direct,medium
1269,"Baker, Martin and Singleton",2025-06-16,direct,medium
1270,Rivera Ltd,2025-06-16,paid_search,small
1271,Williams LLC,2025-06-17,paid_search,small
1272,"Williams, Randolph and Gilbert",2025-06-17,organic_search,small
1273,"Turner, Tyler and Pierce",2025-06-17,paid_search,large
1274,Bowers LLC,2025-06-17,referral,small
1275,"Robinson, White and Jones",2025-06-18,content,small
1276,"Moore, Daniels and Powell",2025-06-18,content,medium
1277,Walker-Lewis,2025-06-19,organic_search,medium
1278,Rivera-Carter,2025-06-19,paid_search,small
1279,"Moreno, Barajas and Colon",2025-06-19,referral,large
1280,"Smith, Caldwell and Griffin",2025-06-19,organic_search,small
1281,"Austin, Oliver and Haley",2025-06-19,organic_search,medium
1282,"Blackwell, James and Hogan",2025-06-19,paid_search,small
1283,Cruz PLC,2025-06-20,organic_search,small
1284,"Campbell, Pruitt and Short",2025-06-20,paid_search,medium
1285,Robertson-Hicks,2025-06-20,organic_search,medium
1286,Williams-Villanueva,2025-06-20,organic_search,small
1287,Flores Inc,2025-06-20,referral,medium
1288,Jackson PLC,2025-06-20,direct,medium
1289,"Smith, Jones and Santiago",2025-06-20,paid_search,small
1290,Hancock Group,2025-06-21,paid_search,small
1291,Harris Ltd,2025-06-21,organic_search,small
1292,"Rowe, Lucas and Case",2025-06-21,direct,medium
1293,"Parks, Johnson and Love",2025-06-22,paid_search,small
1294,Miller Inc,2025-06-22,content,small
1295,Bauer PLC,2025-06-22,content,small
1296,Andrews and Sons,2025-06-23,content,medium
1297,Russell-Hayes,2025-06-23,direct,medium
1298,Hamilton-Smith,2025-06-24,organic_search,small
1299,"Wilson, Smith and Cortez",2025-06-24,direct,small
1300,Avila PLC,2025-06-24,paid_search,medium
1301,Haynes Inc,2025-06-25,referral,medium
1302,Reilly-Rodriguez,2025-06-25,paid_search,medium
1303,"Turner, Miller and Hubbard",2025-06-25,organic_search,medium
1304,James-Short,2025-06-26,content,medium
1305,Wells PLC,2025-06-26,content,small
1306,Taylor Group,2025-06-26,organic_search,small
1307,"Phillips, Walters and Evans",2025-06-26,referral,medium
1308,"Wong, Bernard and Smith",2025-06-26,organic_search,small
1309,"Thomas, Williams and Armstrong",2025-06-27,direct,medium
1310,Medina-Arroyo,2025-06-27,paid_search,medium
1311,Clark-Figueroa,2025-06-27,content,small
1312,"Cooper, Gutierrez and Brewer",2025-06-27,direct,large
1313,"Thomas, White and Jensen",2025-06-27,content,small
1314,Lee-White,2025-06-27,organic_search,small
1315,"Phelps, York and Randolph",2025-06-27,referral,small
1316,"Murray, Dunn and Roberts",2025-06-28,organic_search,small
1317,King and Sons,2025-06-28,organic_search,small
1318,"Carpenter, Lynn and Howard",2025-06-28,organic_search,small
1319,"Rios, Garcia and Harvey",2025-06-28,organic_search,small
1320,Stewart Group,2025-06-29,organic_search,small
1321,Jensen-Torres,2025-06-29,organic_search,medium
1322,"Hernandez, Knight and Aguirre",2025-06-29,organic_search,small
1323,Jackson-Edwards,2025-06-30,organic_search,medium
1324,Joseph Ltd,2025-06-30,referral,small
1325,Hill-Ward,2025-06-30,organic_search,medium
1326,"Quinn, Humphrey and Ford",2025-06-30,organic_search,medium
1327,Hampton-Tucker,2025-06-30,referral,small
1328,Thompson PLC,2025-06-30,referral,small
1329,Wilkinson and Sons,2025-06-30,paid_search,medium
1330,"Gonzalez, Gross and Sims",2025-06-30,organic_search,small
1331,"Jones, Smith and Hunter",2025-07-01,referral,small
1332,Hess PLC,2025-07-01,organic_search,medium
1333,Hammond-Lewis,2025-07-01,referral,small
1334,Arnold PLC,2025-07-01,organic_search,small
1335,"Kennedy, Rowe and Diaz",2025-07-01,organic_search,medium
1336,Vance PLC,2025-07-02,paid_search,small
1337,"Vincent, Anderson and Mason",2025-07-02,referral,large
1338,Sanders PLC,2025-07-02,direct,large
1339,Bates PLC,2025-07-03,paid_search,medium
1340,"Martin, Palmer and Griffin",2025-07-03,paid_search,large
1341,Knight PLC,2025-07-03,content,small
1342,"Brennan, Thomas and Dennis",2025-07-03,paid_search,large
1343,Williams-Juarez,2025-07-04,direct,large
1344,Brown LLC,2025-07-05,paid_search,large
1345,Williams and Sons,2025-07-06,direct,small
1346,"Velez, Ward and Harrison",2025-07-06,direct,medium
1347,Keith-Williams,2025-07-07,content,small
1348,"Nguyen, Padilla and Boyd",2025-07-07,content,small
1349,Davenport-Baker,2025-07-08,organic_search,small
1350,"Hudson, Bennett and Gray",2025-07-08,organic_search,large
1351,"Valdez, Houston and Black",2025-07-08,paid_search,small
1352,Kaufman-Walker,2025-07-08,paid_search,large
1353,Gomez-Parrish,2025-07-08,content,small
1354,Sparks-Eaton,2025-07-09,paid_search,medium
1355,Shaw and Sons,2025-07-09,paid_search,small
1356,Martin-Jones,2025-07-10,direct,medium
1357,"Campbell, Hernandez and Moore",2025-07-10,paid_search,large
1358,"Love, Wilson and Hall",2025-07-10,referral,large
1359,Cortez-Olson,2025-07-11,direct,small
1360,Mendoza-Garza,2025-07-11,referral,small
1361,"Whitaker, Johnson and Williams",2025-07-11,referral,small
1362,"Vargas, Taylor and Hunt",2025-07-11,direct,small
1363,"Thomas, Jackson and Nielsen",2025-07-11,organic_search,small
1364,"Mullen, Greene and Elliott",2025-07-11,direct,small
1365,Johns Ltd,2025-07-12,organic_search,small
1366,"Nicholson, Valentine and Robinson",2025-07-12,organic_search,medium
1367,"Haney, Dillon and Jackson",2025-07-14,paid_search,small
1368,Burke-Norton,2025-07-14,organic_search,medium
1369,Hanson PLC,2025-07-15,content,medium
1370,Jackson-Jennings,2025-07-15,paid_search,small
1371,Carlson-Jones,2025-07-15,content,small
1372,Cruz-Rodriguez,2025-07-15,direct,small
1373,Mills PLC,2025-07-15,paid_search,small
1374,"Barnes, Hernandez and Davis",2025-07-15,organic_search,large
1375,Valenzuela-Greene,2025-07-16,paid_search,small
1376,"Gordon, Wilson and Olson",2025-07-16,organic_search,medium
1377,Winters PLC,2025-07-16,organic_search,small
1378,Prince Ltd,2025-07-17,direct,medium
1379,"Reynolds, Fisher and Golden",2025-07-17,organic_search,large
1380,"Moreno, Perez and Lang",2025-07-17,content,medium
1381,Bell-Ballard,2025-07-18,paid_search,small
1382,"Johnston, Coleman and Scott",2025-07-18,organic_search,small
1383,Kent Inc,2025-07-18,direct,small
1384,George-Stephens,2025-07-18,paid_search,medium
1385,Lopez-Fletcher,2025-07-19,organic_search,medium
1386,Lane Inc,2025-07-19,organic_search,small
1387,"Smith, Pena and Watts",2025-07-20,referral,small
1388,Ortiz-Rodriguez,2025-07-20,paid_search,small
1389,Pearson-King,2025-07-20,paid_search,small
1390,"Henderson, Diaz and Hill",2025-07-20,content,small
1391,"Sanders, Harris and Arnold",2025-07-20,paid_search,small
1392,"Olson, Wood and Peters",2025-07-21,organic_search,small
1393,Hinton-Lane,2025-07-21,paid_search,small
1394,"Sanders, Taylor and Shields",2025-07-21,organic_search,small
1395,Adkins Group,2025-07-21,organic_search,small
1396,"Avery, Garcia and Romero",2025-07-21,organic_search,small
1397,Owen-Mendez,2025-07-22,organic_search,large
1398,"Mann, Martin and Oconnell",2025-07-22,organic_search,small
1399,Brock and Sons,2025-07-22,organic_search,medium
1400,Frost-Graham,2025-07-22,organic_search,medium
1401,Baker LLC,2025-07-22,referral,medium
1402,Lynch Ltd,2025-07-23,direct,large
1403,Arias-Morales,2025-07-23,referral,small
1404,"Meyer, Dawson and Harper",2025-07-23,organic_search,small
1405,Bowman Group,2025-07-23,organic_search,small
1406,Harris Ltd,2025-07-24,organic_search,medium
1407,"Mitchell, Johnson and Greene",2025-07-24,direct,small
1408,"Hale, Gilbert and Craig",2025-07-24,paid_search,small
1409,Allen-Smith,2025-07-24,organic_search,medium
1410,Miller LLC,2025-07-24,direct,small
1411,Gomez-Foster,2025-07-25,organic_search,small
1412,"Gonzalez, Smith and Padilla",2025-07-25,paid_search,medium
1413,Dunn Ltd,2025-07-25,referral,medium
1414,"Herman, Bailey and Richmond",2025-07-25,direct,small
1415,Perez-Mccarty,2025-07-25,organic_search,medium
1416,Spears-Andrews,2025-07-26,organic_search,small
1417,Thompson-Hunter,2025-07-26,paid_search,medium
1418,"Jones, Phillips and Arroyo",2025-07-28,content,small
1419,"Frye, Walter and Li",2025-07-28,organic_search,medium
1420,"Wright, Ramos and Bennett",2025-07-28,organic_search,small
1421,Carrillo-Todd,2025-07-29,content,medium
1422,Maldonado-Mosley,2025-07-29,organic_search,medium
1423,Olson LLC,2025-07-29,organic_search,small
1424,Reyes and Sons,2025-07-29,referral,small
1425,"Haynes, Mcbride and Gutierrez",2025-07-29,referral,small
1426,Black-Smith,2025-07-29,organic_search,medium
1427,Wright-Davis,2025-07-30,direct,small
1428,"Goodman, Peterson and Spencer",2025-07-30,organic_search,medium
1429,Woods LLC,2025-07-30,organic_search,medium
1430,Shannon LLC,2025-07-30,referral,small
1431,Valentine Ltd,2025-07-30,organic_search,small
1432,Porter and Sons,2025-07-31,content,small
1433,Moss LLC,2025-07-31,referral,small
1434,Perez and Sons,2025-08-01,organic_search,medium
1435,"Kelly, Maxwell and Wilson",2025-08-01,paid_search,small
1436,Lowe Ltd,2025-08-01,organic_search,small
1437,Austin-Duran,2025-08-02,direct,small
1438,"Rubio, Charles and Watson",2025-08-02,paid_search,small
1439,Vasquez-Galloway,2025-08-03,organic_search,medium
1440,"Melton, Henry and Joyce",2025-08-03,content,small
1441,"Ramirez, Walker and Ray",2025-08-03,organic_search,small
1442,Fox Group,2025-08-05,organic_search,small
1443,Ayers-Johnson,2025-08-05,organic_search,small
1444,Long-Parks,2025-08-05,organic_search,medium
1445,Bryant Inc,2025-08-05,paid_search,medium
1446,"Holmes, Stewart and Smith",2025-08-06,paid_search,small
1447,"Clark, Carpenter and Nguyen",2025-08-06,direct,small
1448,"Hensley, Lopez and Baker",2025-08-07,organic_search,medium
1449,Ruiz-Austin,2025-08-07,paid_search,medium
1450,White-Coleman,2025-08-07,organic_search,small
1451,Haynes-Watson,2025-08-08,organic_search,small
1452,Ramirez-White,2025-08-08,organic_search,small
1453,Krause Ltd,2025-08-08,paid_search,small
1454,Olsen Ltd,2025-08-09,referral,medium
1455,Brock-Peters,2025-08-09,organic_search,medium
1456,Gonzalez-Marsh,2025-08-09,organic_search,small
1457,"Hernandez, Shaffer and Thompson",2025-08-10,paid_search,small
1458,Taylor-Barry,2025-08-10,content,large
1459,"Holmes, Le and Floyd",2025-08-11,content,small
1460,King-Garrison,2025-08-11,referral,small
1461,Ross Ltd,2025-08-11,paid_search,small
1462,Brown LLC,2025-08-12,paid_search,small
1463,Combs-Davis,2025-08-12,referral,small
1464,"Cook, Ward and Castro",2025-08-13,referral,small
1465,Cooper-Jenkins,2025-08-13,paid_search,small
1466,Dillon-Mccarty,2025-08-13,referral,small
1467,Ray Ltd,2025-08-13,content,small
1468,"Ryan, Krause and Mitchell",2025-08-13,paid_search,medium
1469,Nunez-Freeman,2025-08-14,paid_search,small
1470,"Griffin, Miller and Austin",2025-08-14,content,medium
1471,Welch-Thomas,2025-08-15,referral,small
1472,Davidson LLC,2025-08-15,paid_search,small
1473,Welch-Duncan,2025-08-15,content,medium
1474,Miller LLC,2025-08-15,organic_search,medium
1475,Edwards Ltd,2025-08-16,content,small
1476,Page-Jacobs,2025-08-16,direct,small
1477,Nelson-Wallace,2025-08-16,organic_search,medium
1478,Adkins-Meyer,2025-08-17,organic_search,small
1479,Gutierrez-White,2025-08-17,organic_search,large
1480,Martinez and Sons,2025-08-18,organic_search,small
1481,"King, Manning and Brady",2025-08-18,organic_search,small
1482,Jackson Inc,2025-08-18,paid_search,small
1483,Brown Group,2025-08-18,organic_search,medium
1484,"Brown, Wise and Warren",2025-08-19,organic_search,medium
1485,Garcia PLC,2025-08-20,organic_search,medium
1486,Miller Group,2025-08-20,content,medium
1487,Perez-Rojas,2025-08-20,paid_search,large
1488,Sims-Anderson,2025-08-20,organic_search,small
1489,Johnson Ltd,2025-08-21,content,medium
1490,Dalton-Nguyen,2025-08-21,organic_search,small
1491,Mcdonald-Pitts,2025-08-21,referral,small
1492,Dunn-Taylor,2025-08-21,referral,medium
1493,"Ryan, Garza and Bryant",2025-08-21,paid_search,small
1494,"Fields, Elliott and Mills",2025-08-21,referral,small
1495,"Ferguson, Stout and Olson",2025-08-22,paid_search,large
1496,Ballard Group,2025-08-22,referral,small
1497,Diaz-Green,2025-08-22,organic_search,small
1498,Smith-Mills,2025-08-23,content,small
1499,Cooper Group,2025-08-24,paid_search,large
1500,"Smith, Weeks and Arroyo",2025-08-24,organic_search,small
1501,Evans-Cannon,2025-08-25,paid_search,large
1502,Harper-Robles,2025-08-25,organic_search,medium
1503,"Brooks, Jenkins and Castro",2025-08-25,referral,medium
1504,Wright-Espinoza,2025-08-25,referral,medium
1505,"Price, Gray and Baker",2025-08-25,content,medium
1506,Garrett-Black,2025-08-25,content,medium
1507,"Aguirre, Cohen and Mitchell",2025-08-25,referral,medium
1508,"Patel, Adams and Lopez",2025-08-25,paid_search,small
1509,White LLC,2025-08-26,organic_search,small
1510,Walsh PLC,2025-08-26,organic_search,large
1511,Nelson-Dean,2025-08-26,referral,small
1512,Flores and Sons,2025-08-27,organic_search,small
1513,Booker Inc,2025-08-27,referral,small
1514,Compton LLC,2025-08-28,organic_search,small
1515,Martinez-Gonzales,2025-08-28,paid_search,small
1516,Hall and Sons,2025-08-29,direct,medium
1517,Snyder LLC,2025-08-30,organic_search,medium
1518,Collins-Lloyd,2025-08-31,paid_search,small
1519,Ford-Moody,2025-08-31,organic_search,large
1520,Miller-Christensen,2025-09-01,referral,small
1521,Brown Group,2025-09-02,paid_search,small
1522,Daniels and Sons,2025-09-02,content,medium
1523,Huang LLC,2025-09-02,organic_search,medium
1524,Clayton-Martinez,2025-09-02,paid_search,small
1525,"Wright, Wise and Ramos",2025-09-02,direct,small
1526,"Vang, Gonzalez and Moss",2025-09-02,paid_search,medium
1527,Boyd and Sons,2025-09-03,direct,small
1528,Price-Ali,2025-09-03,organic_search,medium
1529,Moore-Chandler,2025-09-03,organic_search,large
1530,"Pineda, Meyer and King",2025-09-03,paid_search,small
1531,"Evans, Ward and Williams",2025-09-03,organic_search,small
1532,"Robinson, Rodriguez and Chen",2025-09-03,referral,medium
1533,Smith-Bauer,2025-09-03,paid_search,small
1534,"Wilson, Mccormick and Smith",2025-09-03,paid_search,small
1535,Perkins Ltd,2025-09-03,paid_search,medium
1536,Barker-Moore,2025-09-04,organic_search,small
1537,Wright Group,2025-09-04,content,small
1538,Parks LLC,2025-09-04,paid_search,medium
1539,"Brown, Kelly and Moore",2025-09-04,organic_search,medium
1540,"Moody, Martinez and Hall",2025-09-05,organic_search,medium
1541,"Kramer, Sherman and Trujillo",2025-09-05,referral,medium
1542,Quinn-Smith,2025-09-05,paid_search,small
1543,Howard-Taylor,2025-09-05,organic_search,medium
1544,Washington Group,2025-09-05,referral,medium
1545,"Phillips, Terry and Lopez",2025-09-06,organic_search,small
1546,Stephens LLC,2025-09-07,organic_search,small
1547,"Mcdonald, Dillon and George",2025-09-07,organic_search,small
1548,"Martin, Schmidt and Cole",2025-09-08,content,small
1549,Weaver-Gibson,2025-09-08,content,small
1550,"Hunter, Gross and Andrade",2025-09-08,organic_search,small
1551,"Vincent, Parsons and Allen",2025-09-08,content,large
1552,"Brown, Coffey and Fuentes",2025-09-08,organic_search,small
1553,Warren Group,2025-09-08,paid_search,small
1554,"Moore, Campbell and Ortiz",2025-09-09,content,small
1555,Rodriguez-Mills,2025-09-09,organic_search,small
1556,Williams and Sons,2025-09-09,organic_search,small
1557,Russo and Sons,2025-09-10,direct,medium
1558,Washington Inc,2025-09-10,referral,small
1559,Duncan Group,2025-09-10,organic_search,small
1560,"Burns, Hanson and Garza",2025-09-10,content,small
1561,Diaz PLC,2025-09-10,paid_search,small
1562,"Jones, Conrad and Clark",2025-09-10,organic_search,small
1563,Hebert-Collier,2025-09-10,content,small
1564,Owen-Brown,2025-09-10,organic_search,large
1565,"Paul, Zamora and Short",2025-09-11,paid_search,medium
1566,"Brown, Jensen and Rice",2025-09-11,organic_search,medium
1567,"Jones, Torres and Blackburn",2025-09-11,organic_search,small
1568,"Davis, Hardy and Schmidt",2025-09-12,paid_search,small
1569,Lee Ltd,2025-09-12,paid_search,small
1570,Hudson and Sons,2025-09-12,paid_search,small
1571,"Curry, Perry and Garcia",2025-09-12,paid_search,small
1572,"Ray, Craig and Park",2025-09-13,paid_search,small
1573,Andrade-Jackson,2025-09-14,paid_search,small
1574,Pierce PLC,2025-09-14,direct,small
1575,Sandoval-Ferguson,2025-09-15,organic_search,large
1576,"Ramos, Gomez and Edwards",2025-09-15,content,small
1577,Kirk-Gutierrez,2025-09-15,direct,small
1578,"Jordan, Swanson and Franklin",2025-09-16,organic_search,small
1579,"Gardner, Brooks and Pierce",2025-09-16,organic_search,small
1580,"King, Nixon and West",2025-09-16,organic_search,medium
1581,Smith-Johnson,2025-09-16,paid_search,small
1582,Larson-Holmes,2025-09-16,paid_search,medium
1583,Smith-Joyce,2025-09-16,paid_search,small
1584,Foley Inc,2025-09-17,paid_search,large
1585,"Short, Ellison and Dixon",2025-09-17,paid_search,medium
1586,"Howe, Moore and Johnson",2025-09-17,direct,large
1587,Moore-Baker,2025-09-18,organic_search,small
1588,"Wright, Scott and Evans",2025-09-18,referral,large
1589,"Ross, Hardin and Navarro",2025-09-18,direct,medium
1590,"Nguyen, Olson and Freeman",2025-09-18,paid_search,medium
1591,"Warner, Weiss and Davis",2025-09-19,organic_search,medium
1592,"Evans, Cross and Johnston",2025-09-19,referral,medium
1593,Deleon LLC,2025-09-19,paid_search,medium
1594,Hobbs-Hamilton,2025-09-19,organic_search,medium
1595,Kane and Sons,2025-09-19,organic_search,medium
1596,"Delgado, Guzman and Smith",2025-09-19,content,medium
1597,"Reyes, Torres and Williams",2025-09-20,content,small
1598,"Cunningham, Murphy and Wolfe",2025-09-20,paid_search,medium
1599,Williams Ltd,2025-09-20,referral,medium
1600,Maddox-Mullins,2025-09-22,organic_search,medium
1601,"Wagner, Walker and Roberts",2025-09-22,organic_search,medium
1602,Hernandez-Rogers,2025-09-22,organic_search,small
1603,Duncan-Williams,2025-09-22,organic_search,small
1604,Baker-Ross,2025-09-22,organic_search,medium
1605,Ayala-Anderson,2025-09-23,organic_search,small
1606,Castillo and Sons,2025-09-23,direct,small
1607,Foster-Duncan,2025-09-23,paid_search,small
1608,"Gilbert, Fitzgerald and Sanchez",2025-09-23,organic_search,small
1609,Adams Group,2025-09-24,paid_search,large
1610,Cohen-Johnston,2025-09-24,organic_search,small
1611,Powers Group,2025-09-25,organic_search,small
1612,Bailey-Flores,2025-09-25,direct,medium
1613,"Rios, Carrillo and Jackson",2025-09-25,direct,small
1614,Jensen-Branch,2025-09-26,referral,medium
1615,Hanson-Alexander,2025-09-26,referral,medium
1616,Gonzalez LLC,2025-09-26,content,large
1617,Todd Inc,2025-09-26,direct,large
1618,Singh and Sons,2025-09-26,direct,small
1619,"Mcintosh, Melton and Wilkins",2025-09-26,content,small
1620,Cooper Inc,2025-09-27,direct,medium
1621,Cole-Johnson,2025-09-27,paid_search,small
1622,Singh and Sons,2025-09-27,content,large
1623,Payne LLC,2025-09-27,referral,small
1624,"Webb, Blair and Thomas",2025-09-28,organic_search,small
1625,"Barnett, Bennett and Escobar",2025-09-28,paid_search,small
1626,"Williams, Jackson and Campbell",2025-09-28,paid_search,small
1627,"Williamson, Brown and Pena",2025-09-28,organic_search,small
1628,Jones Ltd,2025-09-29,content,small
1629,Alvarado-Durham,2025-09-29,content,small
1630,Lin-Smith,2025-09-29,paid_search,large
1631,"Hughes, Whitney and Romero",2025-09-29,paid_search,medium
1632,"Garcia, Stewart and Delacruz",2025-09-29,paid_search,large
1633,"Miller, Gonzalez and Rasmussen",2025-09-29,referral,small
1634,"House, Smith and Wright",2025-09-29,paid_search,medium
1635,"Torres, Burns and Garner",2025-09-30,content,small
1636,Reed LLC,2025-09-30,paid_search,medium
1637,Garrett-Young,2025-09-30,organic_search,large
1638,"Hill, Brown and Scott",2025-09-30,paid_search,medium
1639,Zamora-Briggs,2025-09-30,referral,large
1640,Raymond LLC,2025-10-01,referral,small
1641,Hernandez Group,2025-10-01,referral,small
1642,"Taylor, Blair and Meyer",2025-10-01,paid_search,small
1643,"Salazar, Garrett and Perez",2025-10-01,paid_search,small
1644,Berry Group,2025-10-01,paid_search,small
1645,Browning-Murphy,2025-10-01,organic_search,medium
1646,"Anderson, Delgado and Carpenter",2025-10-02,organic_search,small
1647,"Mcbride, Huffman and Parker",2025-10-02,paid_search,small
1648,"Roach, Browning and Jordan",2025-10-02,organic_search,medium
1649,Douglas PLC,2025-10-02,content,medium
1650,Stewart PLC,2025-10-03,content,small
1651,"Fry, Wilson and Stewart",2025-10-03,direct,large
1652,Acosta LLC,2025-10-03,organic_search,small
1653,Ali-Turner,2025-10-03,organic_search,small
1654,"Peck, Shannon and Mahoney",2025-10-03,organic_search,medium
1655,Hernandez-Lopez,2025-10-04,organic_search,small
1656,Lopez PLC,2025-10-06,direct,small
1657,"Adams, Bradley and Hall",2025-10-06,paid_search,small
1658,Hall Inc,2025-10-06,direct,small
1659,Miller-Chan,2025-10-06,paid_search,small
1660,Shaw PLC,2025-10-06,referral,small
1661,Joseph-Brooks,2025-10-06,organic_search,small
1662,Henry-Taylor,2025-10-06,organic_search,medium
1663,Perez Group,2025-10-07,referral,large
1664,Schaefer Group,2025-10-07,paid_search,medium
1665,Newton and Sons,2025-10-07,paid_search,small
1666,Jones Group,2025-10-07,content,medium
1667,"Burns, Nguyen and Ellis",2025-10-07,content,small
1668,Patterson Inc,2025-10-08,direct,small
1669,"Moss, James and Edwards",2025-10-08,content,small
1670,"Crosby, Armstrong and Herrera",2025-10-08,organic_search,medium
1671,"Liu, Buchanan and Meyer",2025-10-09,paid_search,small
1672,Bryant-Rich,2025-10-09,organic_search,medium
1673,Stone Group,2025-10-09,referral,small
1674,"Williams, Hughes and Hubbard",2025-10-09,referral,small
1675,Lee Group,2025-10-10,organic_search,small
1676,Wilkerson-Ayala,2025-10-10,content,medium
1677,Murray-Henderson,2025-10-11,organic_search,small
1678,"Ellison, Vaughn and Mckee",2025-10-11,organic_search,small
1679,Gallegos-Hayes,2025-10-12,organic_search,small
1680,"Mason, White and Richards",2025-10-12,organic_search,medium
1681,"Payne, Long and Morris",2025-10-12,organic_search,medium
1682,White PLC,2025-10-13,paid_search,small
1683,"Huang, Khan and Davis",2025-10-13,paid_search,small
1684,Holt-Meadows,2025-10-13,direct,small
1685,Higgins Inc,2025-10-13,paid_search,small
1686,Wilson Group,2025-10-13,organic_search,small
1687,"Cox, Mills and Cruz",2025-10-13,organic_search,small
1688,"Salazar, Moore and Pierce",2025-10-14,direct,medium
1689,Tate LLC,2025-10-14,direct,medium
1690,"Savage, Huffman and Martin",2025-10-15,organic_search,medium
1691,White Ltd,2025-10-15,organic_search,small
1692,Barnes LLC,2025-10-15,paid_search,large
1693,"Mack, Griffin and Sims",2025-10-15,organic_search,medium
1694,Roach and Sons,2025-10-16,organic_search,medium
1695,Dean LLC,2025-10-16,organic_search,medium
1696,Ellis Group,2025-10-17,referral,medium
1697,"Aguirre, Franklin and Snyder",2025-10-17,paid_search,small
1698,Chapman Group,2025-10-17,organic_search,small
1699,Ortiz-Miller,2025-10-18,referral,small
1700,"Smith, Khan and Ramirez",2025-10-18,organic_search,small
1701,"Grant, Bryan and Williams",2025-10-18,paid_search,medium
1702,Brown LLC,2025-10-19,direct,small
1703,Thomas Inc,2025-10-19,content,medium
1704,"Lane, Morrison and Rivera",2025-10-19,organic_search,small
1705,Williams Group,2025-10-20,organic_search,medium
1706,Martin LLC,2025-10-20,paid_search,small
1707,"Guerrero, Graves and Armstrong",2025-10-20,direct,medium
1708,"Thompson, Gibson and Riley",2025-10-20,organic_search,small
1709,Davis LLC,2025-10-20,organic_search,small
1710,Richardson-Gray,2025-10-20,referral,small
1711,Chang PLC,2025-10-21,organic_search,large
1712,Carter and Sons,2025-10-21,paid_search,small
1713,Neal LLC,2025-10-21,organic_search,large
1714,Rose-Warren,2025-10-21,organic_search,small
1715,"Clark, Brown and Duncan",2025-10-22,paid_search,small
1716,"Rice, Miller and Ramsey",2025-10-22,content,small
1717,"Peck, Andersen and Mitchell",2025-10-22,direct,small
1718,"Abbott, Green and Andrews",2025-10-22,content,small
1719,"Gomez, Anderson and Hart",2025-10-23,organic_search,medium
1720,"Daniel, Jimenez and Morton",2025-10-23,content,small
1721,"Hall, Roberts and Lee",2025-10-23,organic_search,small
1722,Johnson Ltd,2025-10-23,direct,small
1723,Mclaughlin and Sons,2025-10-24,paid_search,small
1724,"Duarte, Gutierrez and Cook",2025-10-24,organic_search,medium
1725,"Shaffer, Lewis and Davidson",2025-10-24,organic_search,small
1726,"Campbell, Tyler and Parker",2025-10-25,organic_search,medium
1727,"Pierce, Wang and Wilson",2025-10-26,paid_search,large
1728,Peterson-Ramsey,2025-10-26,organic_search,large
1729,"Choi, Collier and Lee",2025-10-26,direct,medium
1730,Nielsen-Mendoza,2025-10-27,organic_search,small
1731,Robles-Brewer,2025-10-27,referral,large
1732,Moore-Murray,2025-10-27,organic_search,small
1733,"Huang, Ford and Olsen",2025-10-27,referral,small
1734,"Brown, Meyer and Cunningham",2025-10-28,organic_search,small
1735,"Stewart, Herrera and Clark",2025-10-28,paid_search,large
1736,"Rivera, Hendricks and Flynn",2025-10-28,paid_search,small
1737,Montes LLC,2025-10-28,referral,medium
1738,Morgan Group,2025-10-28,organic_search,small
1739,"Ferguson, Martin and Obrien",2025-10-28,content,medium
1740,Larson LLC,2025-10-28,paid_search,small
1741,"Hodge, Mckinney and Nelson",2025-10-28,organic_search,small
1742,Crawford and Sons,2025-10-29,organic_search,medium
1743,Hayes-Sampson,2025-10-29,content,large
1744,Warren and Sons,2025-10-29,referral,small
1745,Brooks Inc,2025-10-29,paid_search,small
1746,Gentry Group,2025-10-29,referral,medium
1747,"Johnson, Webb and Porter",2025-10-29,paid_search,medium
1748,Peterson Group,2025-10-29,content,small
1749,"Russo, Collins and Murphy",2025-10-30,organic_search,medium
1750,Short PLC,2025-10-30,organic_search,medium
1751,"Haney, Harris and Johnson",2025-10-31,referral,large
1752,Reeves-Boyd,2025-10-31,direct,large
1753,Collins Inc,2025-10-31,paid_search,small
1754,"Charles, Wiggins and Cook",2025-10-31,organic_search,small
1755,Garcia Ltd,2025-11-01,referral,small
1756,"Edwards, Lane and Collins",2025-11-01,organic_search,small
1757,Flores and Sons,2025-11-02,organic_search,small
1758,Hill-Flores,2025-11-02,organic_search,medium
1759,Lambert-Nelson,2025-11-02,organic_search,small
1760,Hill Inc,2025-11-02,referral,large
1761,"Castro, Garcia and Daniels",2025-11-02,paid_search,medium
1762,"Flores, Thomas and Bush",2025-11-02,organic_search,medium
1763,Andrews-Jackson,2025-11-03,organic_search,small
1764,Austin-Morgan,2025-11-03,paid_search,small
1765,Williams-Johnson,2025-11-03,organic_search,medium
1766,"Williams, Reyes and Miller",2025-11-03,organic_search,medium
1767,White-Carlson,2025-11-03,content,medium
1768,"Soto, Vaughn and Griffin",2025-11-03,content,small
1769,Edwards-Roth,2025-11-03,organic_search,large
1770,"Chang, Lamb and Miller",2025-11-03,organic_search,large
1771,Bradley-Davis,2025-11-04,direct,small
1772,"Mcdonald, Bryant and Cohen",2025-11-04,organic_search,large
1773,"Miranda, Ruiz and Meza",2025-11-04,referral,medium
1774,Callahan PLC,2025-11-05,content,medium
1775,Durham-Myers,2025-11-05,organic_search,small
1776,"Stark, Rivera and Valencia",2025-11-05,paid_search,large
1777,Chavez-Johnson,2025-11-05,content,medium
1778,Rodriguez-Mendoza,2025-11-05,content,small
1779,Campbell LLC,2025-11-05,referral,small
1780,"Andrews, Romero and Sullivan",2025-11-05,content,small
1781,"Robles, Nguyen and Banks",2025-11-05,organic_search,large
1782,Patel-Morales,2025-11-05,content,medium
1783,Allen-Sanchez,2025-11-06,content,medium
1784,Dickson Group,2025-11-06,content,medium
1785,Peterson Ltd,2025-11-06,referral,large
1786,"Reynolds, Baird and Bradley",2025-11-06,organic_search,medium
1787,Stephens-Young,2025-11-07,organic_search,small
1788,"Caldwell, Stevenson and Joseph",2025-11-07,paid_search,medium
1789,Wilson-Carlson,2025-11-07,organic_search,large
1790,Peters-Short,2025-11-08,paid_search,large
1791,Parker Group,2025-11-08,direct,medium
1792,George Ltd,2025-11-08,organic_search,small
1793,"Wise, Gray and Snyder",2025-11-08,organic_search,small
1794,"Brown, Robinson and Taylor",2025-11-09,organic_search,small
1795,"Berger, Fields and Smith",2025-11-09,content,small
1796,Guerrero Group,2025-11-09,organic_search,small
1797,"Carter, Gilbert and West",2025-11-09,paid_search,small
1798,Maldonado LLC,2025-11-10,organic_search,small
1799,Hudson-Gentry,2025-11-10,organic_search,medium
1800,Sellers-Zuniga,2025-11-10,organic_search,medium
1801,"Haas, Cooper and Davis",2025-11-10,direct,medium
1802,Carr PLC,2025-11-11,referral,small
1803,Abbott-Phelps,2025-11-11,content,small
1804,Wood PLC,2025-11-12,paid_search,medium
1805,Smith PLC,2025-11-12,referral,large
1806,Rodriguez-Campbell,2025-11-12,paid_search,small
1807,Young Ltd,2025-11-12,paid_search,small
1808,"Long, Flores and Reyes",2025-11-12,paid_search,small
1809,Graham-Clark,2025-11-12,direct,medium
1810,Wells and Sons,2025-11-12,organic_search,small
1811,"Cruz, Middleton and Larsen",2025-11-13,content,small
1812,Roberts Ltd,2025-11-13,content,small
1813,Taylor Inc,2025-11-13,organic_search,small
1814,"Smith, Griffith and Tucker",2025-11-13,content,medium
1815,Proctor-Taylor,2025-11-13,referral,small
1816,May Group,2025-11-14,referral,small
1817,English-Dominguez,2025-11-14,organic_search,small
1818,Hanson-Gibson,2025-11-14,referral,medium
1819,Arnold-Cole,2025-11-14,content,medium
1820,Perez-Coleman,2025-11-14,referral,small
1821,Lane Ltd,2025-11-15,organic_search,small
1822,Joseph LLC,2025-11-16,paid_search,medium
1823,House-Johnston,2025-11-16,content,medium
1824,Good PLC,2025-11-16,referral,medium
1825,Bush-Wilson,2025-11-16,referral,small
1826,Nixon-Miller,2025-11-16,paid_search,small
1827,"Simon, Terrell and Terrell",2025-11-17,referral,small
1828,Marshall-Miller,2025-11-17,paid_search,small
1829,"Davis, Kennedy and Harmon",2025-11-18,organic_search,large
1830,"Miller, Schultz and Yates",2025-11-18,content,small
1831,Austin-Berger,2025-11-18,organic_search,large
1832,"Osborne, Harrison and Hunt",2025-11-18,content,small
1833,Berry-Rivera,2025-11-19,referral,small
1834,Yu-Yates,2025-11-19,referral,small
1835,Jackson-Neal,2025-11-19,content,small
1836,"Curry, Acosta and Elliott",2025-11-19,direct,small
1837,Soto PLC,2025-11-19,direct,medium
1838,Berry Ltd,2025-11-20,direct,small
1839,Lamb-Weber,2025-11-20,paid_search,medium
1840,Washington-Martinez,2025-11-20,organic_search,small
1841,York LLC,2025-11-20,direct,large
1842,Anderson-Campbell,2025-11-20,direct,small
1843,Smith-Rodriguez,2025-11-20,paid_search,small
1844,Kent Ltd,2025-11-20,paid_search,small
1845,Hopkins LLC,2025-11-21,referral,medium
1846,Green Ltd,2025-11-21,paid_search,medium
1847,Washington PLC,2025-11-21,organic_search,small
1848,Cooper Inc,2025-11-21,paid_search,small
1849,Larson and Sons,2025-11-22,content,small
1850,Mullins-Gutierrez,2025-11-22,organic_search,medium
1851,Young-Alexander,2025-11-22,referral,medium
1852,"Jackson, Lane and Wilkinson",2025-11-23,organic_search,small
1853,May Inc,2025-11-23,organic_search,small
1854,Jackson Group,2025-11-24,organic_search,medium
1855,Turner-Reese,2025-11-24,content,medium
1856,"Hall, Vega and Price",2025-11-24,paid_search,small
1857,Thomas-Berg,2025-11-24,organic_search,small
1858,Roberts Group,2025-11-24,organic_search,small
1859,Gregory-Nixon,2025-11-25,content,small
1860,"Blanchard, Davis and Schmidt",2025-11-25,paid_search,small
1861,Blanchard-Reynolds,2025-11-25,organic_search,medium
1862,"Garrison, Rogers and Adams",2025-11-25,paid_search,small
1863,Scott PLC,2025-11-26,organic_search,medium
1864,Murray-Leonard,2025-11-26,paid_search,medium
1865,Navarro PLC,2025-11-27,organic_search,medium
1866,Meyer Ltd,2025-11-27,paid_search,small
1867,"Kaiser, Edwards and Smith",2025-11-27,organic_search,medium
1868,Decker Inc,2025-11-27,direct,medium
1869,Davis-Garcia,2025-11-27,organic_search,small
1870,Bell-Hardy,2025-11-27,direct,small
1871,Lee-Johnson,2025-11-28,paid_search,medium
1872,Brown PLC,2025-11-28,organic_search,small
1873,"Shannon, Robinson and Greene",2025-11-28,paid_search,medium
1874,Erickson Inc,2025-11-29,organic_search,small
1875,Gates and Sons,2025-11-29,direct,medium
1876,Douglas-Yoder,2025-11-29,paid_search,large
1877,"Pratt, Lopez and Rodriguez",2025-11-29,organic_search,small
1878,King Group,2025-11-29,organic_search,small
1879,"Mayer, Fowler and Livingston",2025-11-30,paid_search,small
1880,Hammond-Schwartz,2025-11-30,organic_search,small
1881,"Carrillo, Morris and Martin",2025-11-30,referral,small
1882,Ramirez Inc,2025-12-01,content,small
1883,Price-Ferrell,2025-12-01,organic_search,medium
1884,Sosa-Baker,2025-12-01,content,small
1885,Jones-Krause,2025-12-02,organic_search,small
1886,Bishop and Sons,2025-12-02,organic_search,small
1887,"Vasquez, Thomas and Mack",2025-12-02,content,small
1888,Mendez Inc,2025-12-02,paid_search,medium
1889,Baldwin-Garcia,2025-12-03,paid_search,small
1890,Jones Ltd,2025-12-03,paid_search,small
1891,Waters-Smith,2025-12-03,paid_search,medium
1892,Hernandez-Bowman,2025-12-03,organic_search,small
1893,Ortega LLC,2025-12-03,direct,small
1894,Graves Group,2025-12-03,organic_search,small
1895,"Smith, Zimmerman and Wise",2025-12-04,content,medium
1896,Graham-Anthony,2025-12-04,referral,small
1897,Fernandez Inc,2025-12-04,direct,small
1898,Finley-Meyers,2025-12-04,organic_search,small
1899,Martinez-Nichols,2025-12-04,content,small
1900,Cook-Turner,2025-12-04,organic_search,medium
1901,Chen Ltd,2025-12-04,paid_search,small
1902,Diaz LLC,2025-12-05,organic_search,small
1903,Randall LLC,2025-12-05,organic_search,medium
1904,"Harris, Spencer and Ponce",2025-12-05,content,small
1905,"Lee, Dominguez and Mosley",2025-12-05,organic_search,medium
1906,"Barker, Tucker and Mcclure",2025-12-06,content,small
1907,Moss-Taylor,2025-12-06,organic_search,small
1908,Johnson PLC,2025-12-06,content,small
1909,Burns Inc,2025-12-06,organic_search,small
1910,"Schneider, Porter and Hanna",2025-12-07,organic_search,medium
1911,Levy-Smith,2025-12-07,organic_search,medium
1912,Brown-French,2025-12-08,paid_search,small
1913,Sullivan and Sons,2025-12-08,organic_search,small
1914,"Contreras, Ellis and Gregory",2025-12-08,organic_search,medium
1915,"Hernandez, Riley and Buckley",2025-12-08,organic_search,medium
1916,Moss Group,2025-12-08,organic_search,small
1917,"Smith, Meadows and Montgomery",2025-12-08,content,medium
1918,Haynes and Sons,2025-12-08,content,small
1919,Jackson Inc,2025-12-08,content,medium
1920,Hoover-Davis,2025-12-08,organic_search,small
1921,"Jackson, Garza and Meyers",2025-12-09,organic_search,small
1922,Wilson PLC,2025-12-09,organic_search,small
1923,"Walker, Brock and Simmons",2025-12-10,paid_search,medium
1924,"Gregory, Nguyen and Daugherty",2025-12-10,referral,medium
1925,"Gardner, Morris and Oconnell",2025-12-10,direct,small
1926,Duran PLC,2025-12-10,content,medium
1927,Rogers Inc,2025-12-10,direct,large
1928,Thomas-Perry,2025-12-10,content,small
1929,"Wood, Martin and Sanchez",2025-12-11,organic_search,medium
1930,"Williams, Garcia and Boone",2025-12-11,organic_search,small
1931,"Bennett, Moore and Hobbs",2025-12-11,direct,medium
1932,Smith and Sons,2025-12-11,referral,large
1933,Mann PLC,2025-12-11,paid_search,small
1934,Butler-Aguirre,2025-12-11,paid_search,medium
1935,Schwartz-Harris,2025-12-11,organic_search,small
1936,"Nelson, Cole and Allen",2025-12-11,content,small
1937,Bishop Inc,2025-12-11,direct,small
1938,"White, Porter and Clements",2025-12-12,content,small
1939,"Serrano, Turner and Barnes",2025-12-12,paid_search,medium
1940,"Young, Wilson and Moreno",2025-12-12,content,small
1941,Montgomery PLC,2025-12-12,organic_search,medium
1942,"Robinson, Townsend and Hopkins",2025-12-12,content,medium
1943,Brown-Rodriguez,2025-12-12,organic_search,small
1944,Jennings Group,2025-12-12,referral,small
1945,Thompson-Santiago,2025-12-12,content,small
1946,Brown LLC,2025-12-12,referral,small
1947,Clark-King,2025-12-12,referral,medium
1948,"Trujillo, Chang and Williams",2025-12-13,organic_search,medium
1949,"Williams, Medina and Moore",2025-12-13,organic_search,large
1950,Washington Inc,2025-12-14,paid_search,small
1951,Jacobson Ltd,2025-12-14,direct,small
1952,Watkins-Nguyen,2025-12-15,referral,small
1953,Burgess LLC,2025-12-15,organic_search,small
1954,Maxwell LLC,2025-12-15,direct,small
1955,Garcia Ltd,2025-12-15,referral,medium
1956,Kane-Bennett,2025-12-15,organic_search,small
1957,Jones PLC,2025-12-15,content,small
1958,Brown-Graham,2025-12-16,paid_search,small
1959,Reilly Group,2025-12-16,organic_search,small
1960,Hughes and Sons,2025-12-16,organic_search,medium
1961,Cortez-Chen,2025-12-16,paid_search,medium
1962,Harris-Martinez,2025-12-16,content,medium
1963,"Carroll, Ramirez and Rodriguez",2025-12-16,direct,small
1964,Ellis-Jackson,2025-12-16,content,small
1965,Robinson-Phillips,2025-12-17,content,small
1966,Clarke Ltd,2025-12-17,paid_search,small
1967,"Whitehead, Lane and Tran",2025-12-17,paid_search,medium
1968,Miller PLC,2025-12-17,organic_search,small
1969,Atkins-Robinson,2025-12-17,organic_search,medium
1970,Hood-Ramirez,2025-12-17,content,small
1971,"Patterson, Salas and Wright",2025-12-18,organic_search,large
1972,Riley-Snow,2025-12-18,referral,small
1973,"Shah, Mcintyre and Villanueva",2025-12-18,paid_search,medium
1974,Baird-Williams,2025-12-18,paid_search,small
1975,Quinn-Gordon,2025-12-18,organic_search,small
1976,Schmidt-Mendoza,2025-12-18,paid_search,small
1977,"Nicholson, Chavez and Allen",2025-12-18,organic_search,small
1978,"Mullins, Steele and Russell",2025-12-18,organic_search,small
1979,Anderson LLC,2025-12-19,referral,small
1980,Holland Inc,2025-12-19,referral,small
1981,Castillo LLC,2025-12-19,paid_search,small
1982,Warner PLC,2025-12-19,organic_search,small
1983,"Silva, Bray and Ford",2025-12-20,paid_search,medium
1984,Sawyer Group,2025-12-20,content,small
1985,Clarke LLC,2025-12-20,organic_search,small
1986,"Marshall, Schultz and Dalton",2025-12-20,paid_search,small
1987,Cruz Ltd,2025-12-21,paid_search,medium
1988,Schmidt-Phillips,2025-12-21,organic_search,medium
1989,Wolfe-Salazar,2025-12-22,paid_search,medium
1990,"Norton, French and Miller",2025-12-22,organic_search,medium
1991,Fitzgerald-Brown,2025-12-22,organic_search,medium
1992,"Cox, Williams and Reyes",2025-12-22,organic_search,medium
1993,Harvey-Diaz,2025-12-23,organic_search,small
1994,Wong Ltd,2025-12-23,referral,small
1995,Castro and Sons,2025-12-23,paid_search,small
1996,Zavala and Sons,2025-12-23,paid_search,small
1997,"Wilson, Mendoza and Crosby",2025-12-24,direct,small
1998,"Pitts, Warner and Mullins",2025-12-24,paid_search,large
1999,Flores LLC,2025-12-24,organic_search,small
2000,"Frazier, Ramirez and Brown",2025-12-24,paid_search,small
2001,Chavez-Mason,2025-12-24,referral,small
2002,Harrison PLC,2025-12-25,paid_search,medium
2003,"Bryan, Lam and Hayes",2025-12-25,content,medium
2004,Marsh-Dougherty,2025-12-25,paid_search,small
2005,Lopez Group,2025-12-25,direct,medium
2006,Miller and Sons,2025-12-25,paid_search,medium
2007,Mullen-Jones,2025-12-26,referral,medium
2008,Hill Ltd,2025-12-26,organic_search,small
2009,Crawford and Sons,2025-12-26,organic_search,large
2010,"Crane, Johnson and Butler",2025-12-26,referral,medium
2011,"Weaver, Anderson and Reed",2025-12-27,organic_search,small
2012,Rojas-Smith,2025-12-27,referral,medium
2013,Brown and Sons,2025-12-28,referral,small
2014,"Newman, Jenkins and Cooper",2025-12-29,referral,small
2015,"Buchanan, Tucker and Wade",2025-12-29,organic_search,small
2016,"Wilkinson, Wallace and Torres",2025-12-29,content,large
2017,Villanueva LLC,2025-12-29,referral,medium
2018,Mccormick and Sons,2025-12-29,organic_search,large
2019,Watson-Roberts,2025-12-30,referral,medium
2020,Hernandez LLC,2025-12-30,organic_search,medium
2021,Huber-Montgomery,2025-12-31,content,small
2022,Joseph LLC,2025-12-31,organic_search,medium
2023,Mcpherson Ltd,2025-12-31,organic_search,medium
2024,"Conway, Bauer and Martin",2025-12-31,content,medium
2025,Williams LLC,2025-12-31,content,small
2026,"Martinez, Green and Lopez",2025-12-31,paid_search,medium
