account_id,month_number,month_date,seats,churned_this_month
1,0,2024-01-15,7.0,False
1,1,2024-02-15,7.0,False
1,2,2024-03-15,7.0,False
1,3,2024-04-15,7.0,False
1,4,2024-05-15,7.0,False
1,5,2024-06-15,7.0,False
1,6,2024-07-15,7.0,False
1,7,2024-08-15,7.0,False
1,8,2024-09-15,7.0,False
1,9,2024-10-15,7.0,False
1,10,2024-11-15,7.0,False
1,11,2024-12-15,8.0,False
1,12,2025-01-15,8.0,False
1,13,2025-02-15,8.0,False
1,14,2025-03-15,8.0,False
1,15,2025-04-15,8.0,False
1,16,2025-05-15,8.0,False
1,17,2025-06-15,8.0,False
1,18,2025-07-15,8.0,False
1,19,2025-08-15,8.0,False
1,20,2025-09-15,8.0,False
1,21,2025-10-15,8.0,False
1,22,2025-11-15,8.0,False
1,23,2025-12-15,8.0,False
2,0,2024-01-15,1.0,False
2,1,2024-02-15,1.0,False
2,2,2024-03-15,1.0,False
2,3,2024-04-15,1.0,False
2,4,2024-05-15,1.0,False
2,5,2024-06-15,1.0,False
2,6,2024-07-15,1.0,False
2,7,2024-08-15,1.0,False
2,8,2024-09-15,1.0,False
2,9,2024-10-15,1.0,False
2,10,2024-11-15,1.0,False
2,11,2024-12-15,1.0,False
2,12,2025-01-15,1.0,False
2,13,2025-02-15,1.0,False
2,14,2025-03-15,1.0,False
2,15,2025-04-15,1.0,False
2,16,2025-05-15,1.0,False
2,17,2025-06-15,1.0,False
2,18,2025-07-15,1.0,False
2,19,2025-08-15,1.0,False
2,20,2025-09-15,1.0,False
2,21,2025-10-15,2.0,False
2,22,2025-11-15,2.0,False
2,23,2025-12-15,3.0,False
7,0,2024-01-18,9.0,False
7,1,2024-02-18,9.0,False
7,2,2024-03-18,9.0,False
7,3,2024-04-18,9.0,False
7,4,2024-05-18,9.0,False
7,5,2024-06-18,9.0,False
7,6,2024-07-18,9.0,False
7,7,2024-08-18,9.0,True
11,0,2024-01-21,2.0,False
11,1,2024-02-21,2.0,False
11,2,2024-03-21,2.0,False
11,3,2024-04-21,2.0,False
11,4,2024-05-21,2.0,False
11,5,2024-06-21,2.0,False
11,6,2024-07-21,2.0,False
11,7,2024-08-21,2.0,False
11,8,2024-09-21,2.0,False
11,9,2024-10-21,2.0,False
11,10,2024-11-21,2.0,False
11,11,2024-12-21,2.0,False
11,12,2025-01-21,2.0,False
11,13,2025-02-21,2.0,False
11,14,2025-03-21,2.0,False
11,15,2025-04-21,2.0,False
11,16,2025-05-21,2.0,True
12,0,2024-01-22,23.0,False
12,1,2024-02-22,23.0,False
12,2,2024-03-22,23.0,True
15,0,2024-01-23,2.0,False
15,1,2024-02-23,2.0,False
15,2,2024-03-23,2.0,False
15,3,2024-04-23,2.0,False
15,4,2024-05-23,2.0,False
15,5,2024-06-23,2.0,False
15,6,2024-07-23,2.0,False
15,7,2024-08-23,2.0,False
15,8,2024-09-23,2.0,False
15,9,2024-10-23,2.0,False
15,10,2024-11-23,2.0,False
15,11,2024-12-23,2.0,False
15,12,2025-01-23,2.0,False
15,13,2025-02-23,2.0,False
15,14,2025-03-23,4.0,False
15,15,2025-04-23,4.0,False
15,16,2025-05-23,4.0,False
15,17,2025-06-23,4.0,False
15,18,2025-07-23,4.0,False
15,19,2025-08-23,4.0,False
15,20,2025-09-23,4.0,False
15,21,2025-10-23,4.0,False
15,22,2025-11-23,4.0,False
15,23,2025-12-23,4.0,False
23,0,2024-01-30,25.0,False
23,1,2024-02-29,26.0,False
23,2,2024-03-29,26.0,False
23,3,2024-04-29,26.0,False
23,4,2024-05-29,26.0,False
23,5,2024-06-29,26.0,False
23,6,2024-07-29,27.0,False
23,7,2024-08-29,27.0,False
23,8,2024-09-29,27.0,False
23,9,2024-10-29,27.0,False
23,10,2024-11-29,27.0,False
23,11,2024-12-29,27.0,True
26,0,2024-01-31,2.0,False
26,1,2024-02-29,2.0,False
26,2,2024-03-29,2.0,False
26,3,2024-04-29,2.0,False
26,4,2024-05-29,2.0,False
26,5,2024-06-29,2.0,False
26,6,2024-07-29,2.0,False
26,7,2024-08-29,2.0,False
26,8,2024-09-29,2.0,False
26,9,2024-10-29,2.0,False
26,10,2024-11-29,2.0,False
26,11,2024-12-29,2.0,False
26,12,2025-01-29,2.0,False
26,13,2025-02-28,2.0,False
26,14,2025-03-28,2.0,False
26,15,2025-04-28,2.0,False
26,16,2025-05-28,2.0,False
26,17,2025-06-28,2.0,False
26,18,2025-07-28,2.0,False
26,19,2025-08-28,2.0,False
26,20,2025-09-28,2.0,False
26,21,2025-10-28,2.0,False
26,22,2025-11-28,2.0,False
26,23,2025-12-28,2.0,False
28,0,2024-02-01,4.0,False
28,1,2024-03-01,4.0,False
28,2,2024-04-01,4.0,False
28,3,2024-05-01,4.0,False
28,4,2024-06-01,5.0,False
28,5,2024-07-01,5.0,False
28,6,2024-08-01,5.0,False
28,7,2024-09-01,5.0,False
28,8,2024-10-01,5.0,False
28,9,2024-11-01,5.0,False
28,10,2024-12-01,5.0,False
28,11,2025-01-01,5.0,False
28,12,2025-02-01,5.0,False
28,13,2025-03-01,5.0,False
28,14,2025-04-01,5.0,False
28,15,2025-05-01,5.0,False
28,16,2025-06-01,5.0,False
28,17,2025-07-01,5.0,False
28,18,2025-08-01,5.0,False
28,19,2025-09-01,5.0,False
28,20,2025-10-01,5.0,False
28,21,2025-11-01,5.0,False
28,22,2025-12-01,5.0,False
30,0,2024-02-02,6.0,False
30,1,2024-03-02,6.0,False
30,2,2024-04-02,8.0,False
30,3,2024-05-02,8.0,False
30,4,2024-06-02,8.0,False
30,5,2024-07-02,8.0,False
30,6,2024-08-02,8.0,True
31,0,2024-02-06,1.0,False
31,1,2024-03-06,1.0,False
31,2,2024-04-06,1.0,True
34,0,2024-02-06,4.0,False
34,1,2024-03-06,4.0,False
34,2,2024-04-06,4.0,False
34,3,2024-05-06,4.0,True
35,0,2024-02-07,3.0,False
35,1,2024-03-07,3.0,False
35,2,2024-04-07,3.0,False
35,3,2024-05-07,3.0,False
35,4,2024-06-07,3.0,False
35,5,2024-07-07,3.0,False
35,6,2024-08-07,3.0,False
35,7,2024-09-07,3.0,False
35,8,2024-10-07,5.0,False
35,9,2024-11-07,7.0,False
35,10,2024-12-07,7.0,False
35,11,2025-01-07,7.0,False
35,12,2025-02-07,7.0,True
48,0,2024-02-19,26.0,False
48,1,2024-03-19,26.0,False
48,2,2024-04-19,26.0,False
48,3,2024-05-19,26.0,False
48,4,2024-06-19,26.0,False
48,5,2024-07-19,26.0,False
48,6,2024-08-19,26.0,False
48,7,2024-09-19,26.0,False
48,8,2024-10-19,26.0,False
48,9,2024-11-19,26.0,False
48,10,2024-12-19,26.0,False
48,11,2025-01-19,26.0,False
48,12,2025-02-19,26.0,False
48,13,2025-03-19,26.0,False
48,14,2025-04-19,26.0,False
48,15,2025-05-19,26.0,False
48,16,2025-06-19,26.0,False
48,17,2025-07-19,26.0,False
48,18,2025-08-19,26.0,False
48,19,2025-09-19,26.0,False
48,20,2025-10-19,26.0,False
48,21,2025-11-19,26.0,False
48,22,2025-12-19,26.0,False
51,0,2024-02-23,9.0,False
51,1,2024-03-23,9.0,False
51,2,2024-04-23,9.0,False
51,3,2024-05-23,9.0,False
51,4,2024-06-23,9.0,False
51,5,2024-07-23,9.0,False
51,6,2024-08-23,9.0,False
51,7,2024-09-23,9.0,False
51,8,2024-10-23,9.0,False
51,9,2024-11-23,9.0,False
51,10,2024-12-23,9.0,False
51,11,2025-01-23,9.0,False
51,12,2025-02-23,10.0,False
51,13,2025-03-23,10.0,False
51,14,2025-04-23,10.0,False
51,15,2025-05-23,10.0,False
51,16,2025-06-23,10.0,True
52,0,2024-02-24,1.0,False
52,1,2024-03-24,1.0,False
52,2,2024-04-24,1.0,False
52,3,2024-05-24,1.0,True
60,0,2024-03-01,2.0,False
60,1,2024-04-01,2.0,False
60,2,2024-05-01,2.0,False
60,3,2024-06-01,2.0,False
60,4,2024-07-01,2.0,False
60,5,2024-08-01,2.0,False
60,6,2024-09-01,3.0,False
60,7,2024-10-01,3.0,False
60,8,2024-11-01,3.0,False
60,9,2024-12-01,3.0,False
60,10,2025-01-01,3.0,False
60,11,2025-02-01,3.0,False
60,12,2025-03-01,3.0,False
60,13,2025-04-01,3.0,False
60,14,2025-05-01,3.0,False
60,15,2025-06-01,3.0,False
60,16,2025-07-01,3.0,False
60,17,2025-08-01,3.0,False
60,18,2025-09-01,3.0,False
60,19,2025-10-01,3.0,False
60,20,2025-11-01,3.0,False
60,21,2025-12-01,3.0,False
67,0,2024-03-06,2.0,False
67,1,2024-04-06,2.0,False
67,2,2024-05-06,2.0,False
67,3,2024-06-06,2.0,False
67,4,2024-07-06,2.0,False
67,5,2024-08-06,2.0,False
67,6,2024-09-06,2.0,False
67,7,2024-10-06,4.0,False
67,8,2024-11-06,4.0,False
67,9,2024-12-06,4.0,False
67,10,2025-01-06,4.0,False
67,11,2025-02-06,4.0,False
67,12,2025-03-06,4.0,False
67,13,2025-04-06,4.0,False
67,14,2025-05-06,4.0,False
67,15,2025-06-06,4.0,False
67,16,2025-07-06,4.0,False
67,17,2025-08-06,4.0,False
67,18,2025-09-06,4.0,False
67,19,2025-10-06,4.0,False
67,20,2025-11-06,4.0,False
67,21,2025-12-06,4.0,False
69,0,2024-03-07,7.0,False
69,1,2024-04-07,7.0,False
69,2,2024-05-07,7.0,False
69,3,2024-06-07,7.0,False
69,4,2024-07-07,7.0,False
69,5,2024-08-07,7.0,False
69,6,2024-09-07,7.0,False
69,7,2024-10-07,7.0,False
69,8,2024-11-07,7.0,False
69,9,2024-12-07,7.0,False
69,10,2025-01-07,7.0,False
69,11,2025-02-07,7.0,False
69,12,2025-03-07,7.0,False
69,13,2025-04-07,7.0,False
69,14,2025-05-07,7.0,False
69,15,2025-06-07,7.0,False
69,16,2025-07-07,9.0,False
69,17,2025-08-07,9.0,False
69,18,2025-09-07,9.0,False
69,19,2025-10-07,9.0,False
69,20,2025-11-07,9.0,False
69,21,2025-12-07,9.0,False
71,0,2024-03-08,2.0,False
71,1,2024-04-08,3.0,False
71,2,2024-05-08,3.0,False
71,3,2024-06-08,3.0,True
73,0,2024-03-12,13.0,False
73,1,2024-04-12,13.0,False
73,2,2024-05-12,13.0,False
73,3,2024-06-12,13.0,False
73,4,2024-07-12,13.0,False
73,5,2024-08-12,13.0,False
73,6,2024-09-12,13.0,False
73,7,2024-10-12,13.0,False
73,8,2024-11-12,13.0,False
73,9,2024-12-12,13.0,False
73,10,2025-01-12,13.0,False
73,11,2025-02-12,13.0,False
73,12,2025-03-12,13.0,False
73,13,2025-04-12,13.0,False
73,14,2025-05-12,13.0,False
73,15,2025-06-12,13.0,False
73,16,2025-07-12,13.0,False
73,17,2025-08-12,13.0,False
73,18,2025-09-12,13.0,False
73,19,2025-10-12,13.0,False
73,20,2025-11-12,13.0,False
73,21,2025-12-12,13.0,False
75,0,2024-03-13,11.0,False
75,1,2024-04-13,11.0,False
75,2,2024-05-13,11.0,False
75,3,2024-06-13,11.0,False
75,4,2024-07-13,11.0,False
75,5,2024-08-13,11.0,False
75,6,2024-09-13,11.0,False
75,7,2024-10-13,11.0,False
75,8,2024-11-13,11.0,False
75,9,2024-12-13,11.0,False
75,10,2025-01-13,11.0,False
75,11,2025-02-13,11.0,False
75,12,2025-03-13,11.0,False
75,13,2025-04-13,11.0,False
75,14,2025-05-13,11.0,False
75,15,2025-06-13,11.0,True
82,0,2024-03-17,6.0,True
83,0,2024-03-18,14.0,False
83,1,2024-04-18,14.0,False
83,2,2024-05-18,14.0,False
83,3,2024-06-18,14.0,False
83,4,2024-07-18,14.0,False
83,5,2024-08-18,14.0,False
83,6,2024-09-18,14.0,True
85,0,2024-03-19,7.0,False
85,1,2024-04-19,7.0,False
85,2,2024-05-19,7.0,False
85,3,2024-06-19,7.0,False
85,4,2024-07-19,7.0,False
85,5,2024-08-19,7.0,False
85,6,2024-09-19,7.0,False
85,7,2024-10-19,7.0,False
85,8,2024-11-19,7.0,False
85,9,2024-12-19,7.0,False
85,10,2025-01-19,7.0,False
85,11,2025-02-19,7.0,False
85,12,2025-03-19,7.0,False
85,13,2025-04-19,7.0,False
85,14,2025-05-19,7.0,False
85,15,2025-06-19,7.0,False
85,16,2025-07-19,7.0,False
85,17,2025-08-19,7.0,False
85,18,2025-09-19,7.0,False
85,19,2025-10-19,7.0,False
85,20,2025-11-19,7.0,False
85,21,2025-12-19,7.0,False
91,0,2024-03-23,3.0,False
91,1,2024-04-23,3.0,False
91,2,2024-05-23,3.0,False
91,3,2024-06-23,3.0,False
91,4,2024-07-23,3.0,False
91,5,2024-08-23,3.0,False
91,6,2024-09-23,3.0,False
91,7,2024-10-23,3.0,False
91,8,2024-11-23,3.0,False
91,9,2024-12-23,3.0,False
91,10,2025-01-23,5.0,False
91,11,2025-02-23,5.0,False
91,12,2025-03-23,5.0,False
91,13,2025-04-23,5.0,False
91,14,2025-05-23,5.0,False
91,15,2025-06-23,5.0,False
91,16,2025-07-23,5.0,False
91,17,2025-08-23,5.0,False
91,18,2025-09-23,5.0,False
91,19,2025-10-23,5.0,False
91,20,2025-11-23,5.0,False
91,21,2025-12-23,5.0,False
95,0,2024-03-26,7.0,False
95,1,2024-04-26,7.0,False
95,2,2024-05-26,7.0,False
95,3,2024-06-26,7.0,False
95,4,2024-07-26,7.0,False
95,5,2024-08-26,7.0,False
95,6,2024-09-26,7.0,False
95,7,2024-10-26,7.0,False
95,8,2024-11-26,7.0,False
95,9,2024-12-26,7.0,False
95,10,2025-01-26,7.0,False
95,11,2025-02-26,7.0,False
95,12,2025-03-26,7.0,False
95,13,2025-04-26,7.0,False
95,14,2025-05-26,7.0,False
95,15,2025-06-26,7.0,False
95,16,2025-07-26,7.0,False
95,17,2025-08-26,7.0,False
95,18,2025-09-26,7.0,False
95,19,2025-10-26,7.0,False
95,20,2025-11-26,7.0,False
95,21,2025-12-26,7.0,False
100,0,2024-03-29,1.0,False
100,1,2024-04-29,2.0,False
100,2,2024-05-29,2.0,False
100,3,2024-06-29,2.0,False
100,4,2024-07-29,2.0,False
100,5,2024-08-29,2.0,False
100,6,2024-09-29,2.0,False
100,7,2024-10-29,2.0,False
100,8,2024-11-29,2.0,False
100,9,2024-12-29,2.0,False
100,10,2025-01-29,2.0,False
100,11,2025-02-28,3.0,False
100,12,2025-03-28,3.0,False
100,13,2025-04-28,3.0,False
100,14,2025-05-28,3.0,False
100,15,2025-06-28,3.0,False
100,16,2025-07-28,3.0,False
100,17,2025-08-28,3.0,False
100,18,2025-09-28,3.0,False
100,19,2025-10-28,3.0,False
100,20,2025-11-28,3.0,False
100,21,2025-12-28,3.0,False
101,0,2024-03-31,1.0,False
101,1,2024-04-30,1.0,False
101,2,2024-05-30,1.0,False
101,3,2024-06-30,1.0,False
101,4,2024-07-30,1.0,False
101,5,2024-08-30,1.0,False
101,6,2024-09-30,1.0,True
103,0,2024-04-01,8.0,False
103,1,2024-05-01,8.0,False
103,2,2024-06-01,8.0,False
103,3,2024-07-01,8.0,False
103,4,2024-08-01,8.0,False
103,5,2024-09-01,8.0,False
103,6,2024-10-01,8.0,False
103,7,2024-11-01,8.0,False
103,8,2024-12-01,8.0,False
103,9,2025-01-01,8.0,False
103,10,2025-02-01,8.0,False
103,11,2025-03-01,8.0,False
103,12,2025-04-01,8.0,False
103,13,2025-05-01,8.0,False
103,14,2025-06-01,8.0,False
103,15,2025-07-01,8.0,False
103,16,2025-08-01,8.0,False
103,17,2025-09-01,8.0,False
103,18,2025-10-01,8.0,False
103,19,2025-11-01,8.0,False
103,20,2025-12-01,8.0,True
111,0,2024-04-03,6.0,False
111,1,2024-05-03,6.0,False
111,2,2024-06-03,6.0,False
111,3,2024-07-03,6.0,False
111,4,2024-08-03,8.0,False
111,5,2024-09-03,8.0,False
111,6,2024-10-03,9.0,False
111,7,2024-11-03,9.0,False
111,8,2024-12-03,9.0,False
111,9,2025-01-03,9.0,False
111,10,2025-02-03,9.0,False
111,11,2025-03-03,10.0,False
111,12,2025-04-03,10.0,False
111,13,2025-05-03,10.0,False
111,14,2025-06-03,10.0,False
111,15,2025-07-03,10.0,False
111,16,2025-08-03,10.0,False
111,17,2025-09-03,10.0,False
111,18,2025-10-03,10.0,False
111,19,2025-11-03,10.0,False
111,20,2025-12-03,11.0,False
113,0,2024-04-05,3.0,False
113,1,2024-05-05,3.0,False
113,2,2024-06-05,3.0,False
113,3,2024-07-05,3.0,False
113,4,2024-08-05,3.0,False
113,5,2024-09-05,3.0,False
113,6,2024-10-05,3.0,False
113,7,2024-11-05,4.0,False
113,8,2024-12-05,4.0,False
113,9,2025-01-05,4.0,False
113,10,2025-02-05,4.0,False
113,11,2025-03-05,4.0,False
113,12,2025-04-05,4.0,False
113,13,2025-05-05,4.0,False
113,14,2025-06-05,4.0,False
113,15,2025-07-05,4.0,False
113,16,2025-08-05,4.0,False
113,17,2025-09-05,4.0,False
113,18,2025-10-05,4.0,False
113,19,2025-11-05,4.0,False
113,20,2025-12-05,4.0,False
115,0,2024-04-07,1.0,False
115,1,2024-05-07,1.0,False
115,2,2024-06-07,1.0,False
115,3,2024-07-07,1.0,False
115,4,2024-08-07,1.0,False
115,5,2024-09-07,1.0,False
115,6,2024-10-07,1.0,False
115,7,2024-11-07,1.0,False
115,8,2024-12-07,1.0,False
115,9,2025-01-07,1.0,False
115,10,2025-02-07,1.0,False
115,11,2025-03-07,1.0,False
115,12,2025-04-07,1.0,False
115,13,2025-05-07,1.0,False
115,14,2025-06-07,1.0,True
116,0,2024-04-08,8.0,False
116,1,2024-05-08,8.0,False
116,2,2024-06-08,8.0,False
116,3,2024-07-08,9.0,True
132,0,2024-04-20,11.0,False
132,1,2024-05-20,11.0,False
132,2,2024-06-20,11.0,False
132,3,2024-07-20,11.0,False
132,4,2024-08-20,11.0,True
135,0,2024-04-23,2.0,False
135,1,2024-05-23,2.0,False
135,2,2024-06-23,2.0,False
135,3,2024-07-23,2.0,True
138,0,2024-04-23,1.0,False
138,1,2024-05-23,1.0,False
138,2,2024-06-23,1.0,False
138,3,2024-07-23,1.0,False
138,4,2024-08-23,1.0,False
138,5,2024-09-23,1.0,False
138,6,2024-10-23,1.0,False
138,7,2024-11-23,1.0,False
138,8,2024-12-23,1.0,False
138,9,2025-01-23,1.0,False
138,10,2025-02-23,1.0,False
138,11,2025-03-23,1.0,False
138,12,2025-04-23,1.0,False
138,13,2025-05-23,1.0,False
138,14,2025-06-23,1.0,False
138,15,2025-07-23,1.0,False
138,16,2025-08-23,2.0,False
138,17,2025-09-23,2.0,False
138,18,2025-10-23,2.0,False
138,19,2025-11-23,2.0,False
138,20,2025-12-23,2.0,False
140,0,2024-04-25,2.0,False
140,1,2024-05-25,2.0,False
140,2,2024-06-25,2.0,False
140,3,2024-07-25,2.0,False
140,4,2024-08-25,2.0,False
140,5,2024-09-25,2.0,False
140,6,2024-10-25,2.0,False
140,7,2024-11-25,2.0,False
140,8,2024-12-25,2.0,False
140,9,2025-01-25,2.0,False
140,10,2025-02-25,2.0,False
140,11,2025-03-25,2.0,False
140,12,2025-04-25,2.0,False
140,13,2025-05-25,2.0,False
140,14,2025-06-25,2.0,False
140,15,2025-07-25,4.0,False
140,16,2025-08-25,4.0,False
140,17,2025-09-25,4.0,False
140,18,2025-10-25,4.0,False
140,19,2025-11-25,4.0,False
140,20,2025-12-25,4.0,False
156,0,2024-05-06,1.0,False
156,1,2024-06-06,1.0,False
156,2,2024-07-06,1.0,False
156,3,2024-08-06,1.0,False
156,4,2024-09-06,1.0,False
156,5,2024-10-06,1.0,False
156,6,2024-11-06,1.0,False
156,7,2024-12-06,1.0,False
156,8,2025-01-06,1.0,False
156,9,2025-02-06,1.0,False
156,10,2025-03-06,1.0,False
156,11,2025-04-06,1.0,False
156,12,2025-05-06,1.0,False
156,13,2025-06-06,1.0,False
156,14,2025-07-06,1.0,False
156,15,2025-08-06,1.0,False
156,16,2025-09-06,1.0,False
156,17,2025-10-06,1.0,False
156,18,2025-11-06,1.0,False
156,19,2025-12-06,1.0,True
157,0,2024-05-09,1.0,False
157,1,2024-06-09,1.0,False
157,2,2024-07-09,1.0,True
160,0,2024-05-10,3.0,False
160,1,2024-06-10,3.0,False
160,2,2024-07-10,3.0,False
160,3,2024-08-10,3.0,False
160,4,2024-09-10,3.0,False
160,5,2024-10-10,3.0,False
160,6,2024-11-10,3.0,False
160,7,2024-12-10,3.0,False
160,8,2025-01-10,5.0,False
160,9,2025-02-10,5.0,False
160,10,2025-03-10,6.0,False
160,11,2025-04-10,6.0,False
160,12,2025-05-10,6.0,False
160,13,2025-06-10,6.0,False
160,14,2025-07-10,7.0,False
160,15,2025-08-10,7.0,False
160,16,2025-09-10,7.0,False
160,17,2025-10-10,7.0,False
160,18,2025-11-10,7.0,False
160,19,2025-12-10,8.0,False
161,0,2024-05-11,8.0,False
161,1,2024-06-11,8.0,False
161,2,2024-07-11,8.0,False
161,3,2024-08-11,8.0,False
161,4,2024-09-11,8.0,False
161,5,2024-10-11,8.0,False
161,6,2024-11-11,8.0,False
161,7,2024-12-11,8.0,False
161,8,2025-01-11,8.0,False
161,9,2025-02-11,8.0,False
161,10,2025-03-11,10.0,False
161,11,2025-04-11,10.0,False
161,12,2025-05-11,10.0,False
161,13,2025-06-11,10.0,False
161,14,2025-07-11,10.0,False
161,15,2025-08-11,10.0,False
161,16,2025-09-11,10.0,False
161,17,2025-10-11,10.0,False
161,18,2025-11-11,10.0,False
161,19,2025-12-11,10.0,False
171,0,2024-05-18,9.0,False
171,1,2024-06-18,9.0,False
171,2,2024-07-18,9.0,True
172,0,2024-05-18,6.0,False
172,1,2024-06-18,6.0,False
172,2,2024-07-18,7.0,False
172,3,2024-08-18,7.0,False
172,4,2024-09-18,7.0,False
172,5,2024-10-18,7.0,False
172,6,2024-11-18,7.0,False
172,7,2024-12-18,7.0,False
172,8,2025-01-18,7.0,False
172,9,2025-02-18,7.0,False
172,10,2025-03-18,7.0,False
172,11,2025-04-18,7.0,False
172,12,2025-05-18,7.0,True
176,0,2024-05-19,8.0,False
176,1,2024-06-19,8.0,False
176,2,2024-07-19,8.0,False
176,3,2024-08-19,8.0,False
176,4,2024-09-19,8.0,False
176,5,2024-10-19,8.0,False
176,6,2024-11-19,8.0,False
176,7,2024-12-19,8.0,False
176,8,2025-01-19,8.0,False
176,9,2025-02-19,8.0,False
176,10,2025-03-19,8.0,True
181,0,2024-05-21,3.0,False
181,1,2024-06-21,3.0,False
181,2,2024-07-21,3.0,False
181,3,2024-08-21,3.0,False
181,4,2024-09-21,3.0,False
181,5,2024-10-21,3.0,False
181,6,2024-11-21,3.0,False
181,7,2024-12-21,3.0,False
181,8,2025-01-21,3.0,False
181,9,2025-02-21,3.0,False
181,10,2025-03-21,3.0,False
181,11,2025-04-21,3.0,False
181,12,2025-05-21,3.0,False
181,13,2025-06-21,3.0,False
181,14,2025-07-21,3.0,False
181,15,2025-08-21,3.0,False
181,16,2025-09-21,3.0,False
181,17,2025-10-21,3.0,False
181,18,2025-11-21,3.0,False
181,19,2025-12-21,3.0,False
182,0,2024-05-22,7.0,False
182,1,2024-06-22,7.0,False
182,2,2024-07-22,7.0,False
182,3,2024-08-22,7.0,False
182,4,2024-09-22,7.0,False
182,5,2024-10-22,7.0,False
182,6,2024-11-22,7.0,False
182,7,2024-12-22,9.0,False
182,8,2025-01-22,9.0,False
182,9,2025-02-22,9.0,False
182,10,2025-03-22,9.0,False
182,11,2025-04-22,9.0,False
182,12,2025-05-22,9.0,False
182,13,2025-06-22,9.0,False
182,14,2025-07-22,9.0,False
182,15,2025-08-22,9.0,False
182,16,2025-09-22,9.0,False
182,17,2025-10-22,9.0,False
182,18,2025-11-22,9.0,False
182,19,2025-12-22,9.0,False
186,0,2024-05-25,7.0,False
186,1,2024-06-25,7.0,False
186,2,2024-07-25,7.0,False
186,3,2024-08-25,7.0,False
186,4,2024-09-25,7.0,False
186,5,2024-10-25,7.0,False
186,6,2024-11-25,7.0,False
186,7,2024-12-25,7.0,True
189,0,2024-05-27,3.0,False
189,1,2024-06-27,3.0,False
189,2,2024-07-27,3.0,False
189,3,2024-08-27,5.0,False
189,4,2024-09-27,7.0,False
189,5,2024-10-27,7.0,False
189,6,2024-11-27,7.0,False
189,7,2024-12-27,7.0,True
190,0,2024-05-27,2.0,False
190,1,2024-06-27,2.0,False
190,2,2024-07-27,2.0,False
190,3,2024-08-27,2.0,False
190,4,2024-09-27,2.0,False
190,5,2024-10-27,2.0,False
190,6,2024-11-27,2.0,False
190,7,2024-12-27,2.0,False
190,8,2025-01-27,2.0,False
190,9,2025-02-27,2.0,False
190,10,2025-03-27,2.0,False
190,11,2025-04-27,2.0,False
190,12,2025-05-27,2.0,False
190,13,2025-06-27,2.0,False
190,14,2025-07-27,2.0,False
190,15,2025-08-27,4.0,False
190,16,2025-09-27,4.0,False
190,17,2025-10-27,4.0,False
190,18,2025-11-27,4.0,False
190,19,2025-12-27,4.0,False
192,0,2024-05-28,1.0,True
194,0,2024-05-28,2.0,False
194,1,2024-06-28,2.0,True
196,0,2024-05-29,2.0,False
196,1,2024-06-29,2.0,False
196,2,2024-07-29,2.0,False
196,3,2024-08-29,2.0,False
196,4,2024-09-29,2.0,False
196,5,2024-10-29,2.0,False
196,6,2024-11-29,2.0,False
196,7,2024-12-29,2.0,False
196,8,2025-01-29,2.0,False
196,9,2025-02-28,2.0,False
196,10,2025-03-28,2.0,False
196,11,2025-04-28,2.0,False
196,12,2025-05-28,2.0,False
196,13,2025-06-28,2.0,False
196,14,2025-07-28,2.0,False
196,15,2025-08-28,2.0,False
196,16,2025-09-28,2.0,True
197,0,2024-05-29,3.0,False
197,1,2024-06-29,3.0,False
197,2,2024-07-29,3.0,False
197,3,2024-08-29,3.0,False
197,4,2024-09-29,3.0,False
197,5,2024-10-29,3.0,False
197,6,2024-11-29,3.0,False
197,7,2024-12-29,3.0,False
197,8,2025-01-29,3.0,False
197,9,2025-02-28,3.0,False
197,10,2025-03-28,3.0,False
197,11,2025-04-28,3.0,False
197,12,2025-05-28,3.0,False
197,13,2025-06-28,3.0,False
197,14,2025-07-28,3.0,False
197,15,2025-08-28,3.0,False
197,16,2025-09-28,4.0,False
197,17,2025-10-28,4.0,False
197,18,2025-11-28,4.0,False
197,19,2025-12-28,4.0,False
204,0,2024-06-03,3.0,False
204,1,2024-07-03,4.0,False
204,2,2024-08-03,4.0,False
204,3,2024-09-03,4.0,False
204,4,2024-10-03,4.0,False
204,5,2024-11-03,4.0,False
204,6,2024-12-03,4.0,False
204,7,2025-01-03,4.0,False
204,8,2025-02-03,4.0,False
204,9,2025-03-03,4.0,False
204,10,2025-04-03,4.0,False
204,11,2025-05-03,5.0,False
204,12,2025-06-03,5.0,False
204,13,2025-07-03,5.0,False
204,14,2025-08-03,5.0,False
204,15,2025-09-03,5.0,False
204,16,2025-10-03,5.0,False
204,17,2025-11-03,5.0,False
204,18,2025-12-03,5.0,False
208,0,2024-06-04,1.0,False
208,1,2024-07-04,1.0,False
208,2,2024-08-04,1.0,False
208,3,2024-09-04,1.0,False
208,4,2024-10-04,1.0,False
208,5,2024-11-04,1.0,False
208,6,2024-12-04,1.0,False
208,7,2025-01-04,1.0,False
208,8,2025-02-04,2.0,False
208,9,2025-03-04,2.0,False
208,10,2025-04-04,3.0,False
208,11,2025-05-04,3.0,False
208,12,2025-06-04,3.0,False
208,13,2025-07-04,3.0,False
208,14,2025-08-04,3.0,False
208,15,2025-09-04,3.0,False
208,16,2025-10-04,3.0,False
208,17,2025-11-04,3.0,False
208,18,2025-12-04,3.0,False
211,0,2024-06-06,1.0,False
211,1,2024-07-06,1.0,False
211,2,2024-08-06,1.0,False
211,3,2024-09-06,2.0,False
211,4,2024-10-06,2.0,False
211,5,2024-11-06,2.0,False
211,6,2024-12-06,2.0,True
213,0,2024-06-07,1.0,False
213,1,2024-07-07,1.0,False
213,2,2024-08-07,1.0,False
213,3,2024-09-07,1.0,False
213,4,2024-10-07,1.0,False
213,5,2024-11-07,1.0,False
213,6,2024-12-07,1.0,False
213,7,2025-01-07,1.0,False
213,8,2025-02-07,1.0,False
213,9,2025-03-07,1.0,False
213,10,2025-04-07,1.0,False
213,11,2025-05-07,1.0,False
213,12,2025-06-07,1.0,False
213,13,2025-07-07,2.0,False
213,14,2025-08-07,2.0,False
213,15,2025-09-07,2.0,False
213,16,2025-10-07,2.0,False
213,17,2025-11-07,2.0,True
221,0,2024-06-10,1.0,False
221,1,2024-07-10,1.0,False
221,2,2024-08-10,1.0,False
221,3,2024-09-10,1.0,False
221,4,2024-10-10,1.0,False
221,5,2024-11-10,1.0,False
221,6,2024-12-10,1.0,False
221,7,2025-01-10,1.0,False
221,8,2025-02-10,1.0,False
221,9,2025-03-10,1.0,False
221,10,2025-04-10,1.0,False
221,11,2025-05-10,1.0,False
221,12,2025-06-10,1.0,False
221,13,2025-07-10,3.0,False
221,14,2025-08-10,3.0,False
221,15,2025-09-10,3.0,False
221,16,2025-10-10,3.0,False
221,17,2025-11-10,3.0,False
221,18,2025-12-10,3.0,False
228,0,2024-06-14,8.0,False
228,1,2024-07-14,9.0,False
228,2,2024-08-14,9.0,False
228,3,2024-09-14,9.0,False
228,4,2024-10-14,9.0,False
228,5,2024-11-14,9.0,False
228,6,2024-12-14,9.0,False
228,7,2025-01-14,9.0,False
228,8,2025-02-14,9.0,False
228,9,2025-03-14,9.0,False
228,10,2025-04-14,9.0,True
230,0,2024-06-14,6.0,False
230,1,2024-07-14,6.0,False
230,2,2024-08-14,6.0,False
230,3,2024-09-14,6.0,False
230,4,2024-10-14,6.0,False
230,5,2024-11-14,6.0,False
230,6,2024-12-14,6.0,False
230,7,2025-01-14,6.0,False
230,8,2025-02-14,6.0,False
230,9,2025-03-14,6.0,False
230,10,2025-04-14,6.0,False
230,11,2025-05-14,6.0,False
230,12,2025-06-14,6.0,False
230,13,2025-07-14,8.0,False
230,14,2025-08-14,8.0,False
230,15,2025-09-14,8.0,False
230,16,2025-10-14,8.0,False
230,17,2025-11-14,8.0,False
230,18,2025-12-14,8.0,False
231,0,2024-06-14,3.0,False
231,1,2024-07-14,3.0,False
231,2,2024-08-14,3.0,False
231,3,2024-09-14,3.0,False
231,4,2024-10-14,3.0,False
231,5,2024-11-14,3.0,False
231,6,2024-12-14,3.0,False
231,7,2025-01-14,3.0,False
231,8,2025-02-14,3.0,False
231,9,2025-03-14,3.0,False
231,10,2025-04-14,3.0,False
231,11,2025-05-14,3.0,False
231,12,2025-06-14,3.0,False
231,13,2025-07-14,3.0,False
231,14,2025-08-14,3.0,False
231,15,2025-09-14,3.0,False
231,16,2025-10-14,5.0,False
231,17,2025-11-14,5.0,False
231,18,2025-12-14,5.0,True
233,0,2024-06-15,4.0,False
233,1,2024-07-15,4.0,False
233,2,2024-08-15,6.0,False
233,3,2024-09-15,6.0,False
233,4,2024-10-15,6.0,False
233,5,2024-11-15,6.0,False
233,6,2024-12-15,8.0,True
234,0,2024-06-15,1.0,False
234,1,2024-07-15,2.0,False
234,2,2024-08-15,4.0,False
234,3,2024-09-15,4.0,False
234,4,2024-10-15,4.0,False
234,5,2024-11-15,4.0,False
234,6,2024-12-15,4.0,False
234,7,2025-01-15,4.0,False
234,8,2025-02-15,4.0,False
234,9,2025-03-15,4.0,False
234,10,2025-04-15,4.0,False
234,11,2025-05-15,4.0,False
234,12,2025-06-15,6.0,False
234,13,2025-07-15,6.0,False
234,14,2025-08-15,8.0,False
234,15,2025-09-15,8.0,False
234,16,2025-10-15,8.0,False
234,17,2025-11-15,8.0,False
234,18,2025-12-15,8.0,False
237,0,2024-06-17,11.0,False
237,1,2024-07-17,11.0,False
237,2,2024-08-17,11.0,False
237,3,2024-09-17,11.0,False
237,4,2024-10-17,11.0,False
237,5,2024-11-17,11.0,False
237,6,2024-12-17,11.0,False
237,7,2025-01-17,11.0,False
237,8,2025-02-17,11.0,False
237,9,2025-03-17,11.0,False
237,10,2025-04-17,11.0,False
237,11,2025-05-17,13.0,False
237,12,2025-06-17,13.0,False
237,13,2025-07-17,13.0,False
237,14,2025-08-17,13.0,True
240,0,2024-06-19,2.0,False
240,1,2024-07-19,3.0,False
240,2,2024-08-19,3.0,False
240,3,2024-09-19,3.0,False
240,4,2024-10-19,3.0,False
240,5,2024-11-19,3.0,False
240,6,2024-12-19,4.0,False
240,7,2025-01-19,4.0,False
240,8,2025-02-19,4.0,False
240,9,2025-03-19,4.0,False
240,10,2025-04-19,4.0,False
240,11,2025-05-19,4.0,False
240,12,2025-06-19,4.0,False
240,13,2025-07-19,6.0,False
240,14,2025-08-19,6.0,False
240,15,2025-09-19,6.0,False
240,16,2025-10-19,6.0,False
240,17,2025-11-19,6.0,False
240,18,2025-12-19,6.0,False
242,0,2024-06-19,6.0,False
242,1,2024-07-19,6.0,False
242,2,2024-08-19,6.0,False
242,3,2024-09-19,6.0,False
242,4,2024-10-19,6.0,False
242,5,2024-11-19,6.0,False
242,6,2024-12-19,6.0,False
242,7,2025-01-19,6.0,False
242,8,2025-02-19,6.0,False
242,9,2025-03-19,6.0,False
242,10,2025-04-19,6.0,True
263,0,2024-07-03,7.0,False
263,1,2024-08-03,7.0,False
263,2,2024-09-03,7.0,False
263,3,2024-10-03,7.0,False
263,4,2024-11-03,7.0,False
263,5,2024-12-03,9.0,False
263,6,2025-01-03,9.0,False
263,7,2025-02-03,9.0,False
263,8,2025-03-03,9.0,False
263,9,2025-04-03,9.0,False
263,10,2025-05-03,9.0,False
263,11,2025-06-03,9.0,False
263,12,2025-07-03,9.0,False
263,13,2025-08-03,9.0,False
263,14,2025-09-03,9.0,False
263,15,2025-10-03,9.0,False
263,16,2025-11-03,9.0,False
263,17,2025-12-03,9.0,False
265,0,2024-07-04,1.0,False
265,1,2024-08-04,1.0,False
265,2,2024-09-04,1.0,False
265,3,2024-10-04,1.0,False
265,4,2024-11-04,1.0,False
265,5,2024-12-04,1.0,False
265,6,2025-01-04,1.0,False
265,7,2025-02-04,1.0,False
265,8,2025-03-04,1.0,False
265,9,2025-04-04,1.0,False
265,10,2025-05-04,1.0,False
265,11,2025-06-04,1.0,True
267,0,2024-07-05,1.0,False
267,1,2024-08-05,1.0,False
267,2,2024-09-05,1.0,False
267,3,2024-10-05,1.0,False
267,4,2024-11-05,1.0,False
267,5,2024-12-05,1.0,False
267,6,2025-01-05,1.0,True
268,0,2024-07-05,4.0,False
268,1,2024-08-05,4.0,False
268,2,2024-09-05,4.0,False
268,3,2024-10-05,4.0,False
268,4,2024-11-05,4.0,False
268,5,2024-12-05,4.0,False
268,6,2025-01-05,4.0,False
268,7,2025-02-05,4.0,False
268,8,2025-03-05,4.0,False
268,9,2025-04-05,4.0,False
268,10,2025-05-05,4.0,False
268,11,2025-06-05,4.0,False
268,12,2025-07-05,4.0,False
268,13,2025-08-05,4.0,False
268,14,2025-09-05,4.0,False
268,15,2025-10-05,4.0,False
268,16,2025-11-05,4.0,False
268,17,2025-12-05,4.0,True
269,0,2024-07-05,3.0,False
269,1,2024-08-05,3.0,False
269,2,2024-09-05,3.0,False
269,3,2024-10-05,3.0,False
269,4,2024-11-05,3.0,False
269,5,2024-12-05,3.0,False
269,6,2025-01-05,3.0,False
269,7,2025-02-05,3.0,False
269,8,2025-03-05,3.0,False
269,9,2025-04-05,3.0,False
269,10,2025-05-05,3.0,False
269,11,2025-06-05,3.0,False
269,12,2025-07-05,3.0,False
269,13,2025-08-05,3.0,False
269,14,2025-09-05,3.0,False
269,15,2025-10-05,3.0,False
269,16,2025-11-05,3.0,False
269,17,2025-12-05,3.0,False
272,0,2024-07-08,5.0,False
272,1,2024-08-08,5.0,True
273,0,2024-07-08,2.0,False
273,1,2024-08-08,2.0,False
273,2,2024-09-08,2.0,False
273,3,2024-10-08,2.0,False
273,4,2024-11-08,2.0,False
273,5,2024-12-08,2.0,False
273,6,2025-01-08,3.0,False
273,7,2025-02-08,3.0,False
273,8,2025-03-08,3.0,False
273,9,2025-04-08,3.0,False
273,10,2025-05-08,3.0,False
273,11,2025-06-08,3.0,False
273,12,2025-07-08,3.0,False
273,13,2025-08-08,3.0,False
273,14,2025-09-08,4.0,False
273,15,2025-10-08,4.0,False
273,16,2025-11-08,4.0,False
273,17,2025-12-08,4.0,False
276,0,2024-07-10,4.0,False
276,1,2024-08-10,4.0,False
276,2,2024-09-10,4.0,False
276,3,2024-10-10,4.0,False
276,4,2024-11-10,4.0,False
276,5,2024-12-10,6.0,False
276,6,2025-01-10,6.0,True
282,0,2024-07-12,1.0,False
282,1,2024-08-12,1.0,False
282,2,2024-09-12,1.0,False
282,3,2024-10-12,1.0,False
282,4,2024-11-12,1.0,False
282,5,2024-12-12,1.0,False
282,6,2025-01-12,1.0,False
282,7,2025-02-12,1.0,False
282,8,2025-03-12,1.0,False
282,9,2025-04-12,1.0,False
282,10,2025-05-12,1.0,False
282,11,2025-06-12,1.0,False
282,12,2025-07-12,1.0,False
282,13,2025-08-12,3.0,False
282,14,2025-09-12,5.0,False
282,15,2025-10-12,5.0,False
282,16,2025-11-12,5.0,False
282,17,2025-12-12,5.0,False
292,0,2024-07-18,10.0,False
292,1,2024-08-18,10.0,False
292,2,2024-09-18,10.0,False
292,3,2024-10-18,10.0,True
295,0,2024-07-19,4.0,False
295,1,2024-08-19,4.0,False
295,2,2024-09-19,4.0,False
295,3,2024-10-19,4.0,False
295,4,2024-11-19,4.0,False
295,5,2024-12-19,4.0,False
295,6,2025-01-19,4.0,False
295,7,2025-02-19,4.0,False
295,8,2025-03-19,4.0,False
295,9,2025-04-19,4.0,False
295,10,2025-05-19,4.0,False
295,11,2025-06-19,4.0,True
298,0,2024-07-22,2.0,False
298,1,2024-08-22,2.0,False
298,2,2024-09-22,2.0,False
298,3,2024-10-22,2.0,False
298,4,2024-11-22,2.0,False
298,5,2024-12-22,2.0,False
298,6,2025-01-22,2.0,False
298,7,2025-02-22,2.0,False
298,8,2025-03-22,2.0,False
298,9,2025-04-22,2.0,True
301,0,2024-07-23,3.0,False
301,1,2024-08-23,3.0,False
301,2,2024-09-23,3.0,False
301,3,2024-10-23,3.0,False
301,4,2024-11-23,3.0,False
301,5,2024-12-23,3.0,False
301,6,2025-01-23,4.0,False
301,7,2025-02-23,4.0,False
301,8,2025-03-23,4.0,False
301,9,2025-04-23,4.0,False
301,10,2025-05-23,4.0,False
301,11,2025-06-23,4.0,False
301,12,2025-07-23,4.0,False
301,13,2025-08-23,4.0,False
301,14,2025-09-23,4.0,False
301,15,2025-10-23,4.0,False
301,16,2025-11-23,4.0,False
301,17,2025-12-23,4.0,False
307,0,2024-07-24,2.0,False
307,1,2024-08-24,2.0,True
312,0,2024-07-25,22.0,False
312,1,2024-08-25,22.0,False
312,2,2024-09-25,22.0,False
312,3,2024-10-25,22.0,False
312,4,2024-11-25,22.0,False
312,5,2024-12-25,22.0,False
312,6,2025-01-25,22.0,False
312,7,2025-02-25,22.0,False
312,8,2025-03-25,22.0,False
312,9,2025-04-25,22.0,False
312,10,2025-05-25,22.0,False
312,11,2025-06-25,22.0,False
312,12,2025-07-25,22.0,False
312,13,2025-08-25,22.0,False
312,14,2025-09-25,23.0,False
312,15,2025-10-25,23.0,False
312,16,2025-11-25,23.0,False
312,17,2025-12-25,23.0,False
317,0,2024-07-28,1.0,False
317,1,2024-08-28,1.0,False
317,2,2024-09-28,1.0,True
324,0,2024-07-31,3.0,False
324,1,2024-08-31,3.0,False
324,2,2024-09-30,3.0,False
324,3,2024-10-30,3.0,False
324,4,2024-11-30,3.0,False
324,5,2024-12-30,3.0,False
324,6,2025-01-30,3.0,False
324,7,2025-02-28,3.0,False
324,8,2025-03-28,3.0,False
324,9,2025-04-28,3.0,False
324,10,2025-05-28,3.0,False
324,11,2025-06-28,3.0,False
324,12,2025-07-28,3.0,True
331,0,2024-08-03,2.0,True
334,0,2024-08-05,11.0,False
334,1,2024-09-05,11.0,False
334,2,2024-10-05,11.0,False
334,3,2024-11-05,11.0,False
334,4,2024-12-05,11.0,False
334,5,2025-01-05,11.0,False
334,6,2025-02-05,11.0,False
334,7,2025-03-05,11.0,False
334,8,2025-04-05,11.0,False
334,9,2025-05-05,11.0,False
334,10,2025-06-05,11.0,False
334,11,2025-07-05,11.0,False
334,12,2025-08-05,11.0,False
334,13,2025-09-05,11.0,False
334,14,2025-10-05,11.0,False
334,15,2025-11-05,11.0,False
334,16,2025-12-05,11.0,False
340,0,2024-08-07,7.0,False
340,1,2024-09-07,7.0,False
340,2,2024-10-07,7.0,False
340,3,2024-11-07,7.0,False
340,4,2024-12-07,7.0,False
340,5,2025-01-07,7.0,False
340,6,2025-02-07,7.0,False
340,7,2025-03-07,7.0,False
340,8,2025-04-07,7.0,False
340,9,2025-05-07,7.0,False
340,10,2025-06-07,7.0,False
340,11,2025-07-07,7.0,False
340,12,2025-08-07,7.0,False
340,13,2025-09-07,7.0,False
340,14,2025-10-07,7.0,False
340,15,2025-11-07,7.0,False
340,16,2025-12-07,7.0,False
343,0,2024-08-09,9.0,False
343,1,2024-09-09,9.0,False
343,2,2024-10-09,9.0,False
343,3,2024-11-09,9.0,False
343,4,2024-12-09,9.0,False
343,5,2025-01-09,9.0,False
343,6,2025-02-09,9.0,False
343,7,2025-03-09,9.0,False
343,8,2025-04-09,9.0,False
343,9,2025-05-09,9.0,False
343,10,2025-06-09,9.0,False
343,11,2025-07-09,9.0,False
343,12,2025-08-09,9.0,False
343,13,2025-09-09,9.0,False
343,14,2025-10-09,9.0,False
343,15,2025-11-09,9.0,False
343,16,2025-12-09,9.0,False
344,0,2024-08-09,1.0,False
344,1,2024-09-09,1.0,False
344,2,2024-10-09,1.0,False
344,3,2024-11-09,1.0,False
344,4,2024-12-09,1.0,False
344,5,2025-01-09,1.0,False
344,6,2025-02-09,1.0,False
344,7,2025-03-09,1.0,False
344,8,2025-04-09,1.0,False
344,9,2025-05-09,1.0,False
344,10,2025-06-09,1.0,False
344,11,2025-07-09,1.0,False
344,12,2025-08-09,1.0,False
344,13,2025-09-09,1.0,False
344,14,2025-10-09,1.0,False
344,15,2025-11-09,1.0,False
344,16,2025-12-09,1.0,False
349,0,2024-08-13,6.0,False
349,1,2024-09-13,6.0,False
349,2,2024-10-13,6.0,False
349,3,2024-11-13,6.0,False
349,4,2024-12-13,6.0,False
349,5,2025-01-13,6.0,False
349,6,2025-02-13,6.0,False
349,7,2025-03-13,6.0,True
354,0,2024-08-15,7.0,False
354,1,2024-09-15,7.0,False
354,2,2024-10-15,8.0,False
354,3,2024-11-15,8.0,False
354,4,2024-12-15,8.0,False
354,5,2025-01-15,8.0,False
354,6,2025-02-15,8.0,False
354,7,2025-03-15,10.0,False
354,8,2025-04-15,10.0,False
354,9,2025-05-15,10.0,True
355,0,2024-08-16,2.0,False
355,1,2024-09-16,2.0,False
355,2,2024-10-16,4.0,False
355,3,2024-11-16,4.0,False
355,4,2024-12-16,4.0,False
355,5,2025-01-16,4.0,False
355,6,2025-02-16,4.0,False
355,7,2025-03-16,4.0,False
355,8,2025-04-16,4.0,False
355,9,2025-05-16,4.0,False
355,10,2025-06-16,4.0,False
355,11,2025-07-16,4.0,False
355,12,2025-08-16,4.0,False
355,13,2025-09-16,4.0,False
355,14,2025-10-16,4.0,False
355,15,2025-11-16,4.0,True
359,0,2024-08-17,5.0,False
359,1,2024-09-17,5.0,False
359,2,2024-10-17,5.0,False
359,3,2024-11-17,5.0,False
359,4,2024-12-17,5.0,False
359,5,2025-01-17,5.0,False
359,6,2025-02-17,5.0,False
359,7,2025-03-17,5.0,False
359,8,2025-04-17,5.0,False
359,9,2025-05-17,5.0,False
359,10,2025-06-17,5.0,False
359,11,2025-07-17,5.0,False
359,12,2025-08-17,5.0,False
359,13,2025-09-17,5.0,False
359,14,2025-10-17,5.0,False
359,15,2025-11-17,5.0,False
359,16,2025-12-17,5.0,False
365,0,2024-08-20,1.0,False
365,1,2024-09-20,1.0,False
365,2,2024-10-20,1.0,False
365,3,2024-11-20,1.0,False
365,4,2024-12-20,3.0,False
365,5,2025-01-20,3.0,False
365,6,2025-02-20,3.0,False
365,7,2025-03-20,3.0,False
365,8,2025-04-20,3.0,False
365,9,2025-05-20,3.0,False
365,10,2025-06-20,3.0,False
365,11,2025-07-20,3.0,False
365,12,2025-08-20,3.0,False
365,13,2025-09-20,3.0,False
365,14,2025-10-20,3.0,False
365,15,2025-11-20,3.0,False
365,16,2025-12-20,3.0,False
371,0,2024-08-23,12.0,False
371,1,2024-09-23,12.0,False
371,2,2024-10-23,12.0,False
371,3,2024-11-23,12.0,False
371,4,2024-12-23,12.0,False
371,5,2025-01-23,12.0,False
371,6,2025-02-23,12.0,True
379,0,2024-08-26,2.0,False
379,1,2024-09-26,2.0,False
379,2,2024-10-26,2.0,False
379,3,2024-11-26,2.0,False
379,4,2024-12-26,2.0,False
379,5,2025-01-26,2.0,False
379,6,2025-02-26,3.0,False
379,7,2025-03-26,3.0,False
379,8,2025-04-26,3.0,False
379,9,2025-05-26,3.0,False
379,10,2025-06-26,5.0,False
379,11,2025-07-26,5.0,False
379,12,2025-08-26,5.0,False
379,13,2025-09-26,5.0,False
379,14,2025-10-26,5.0,False
379,15,2025-11-26,5.0,False
379,16,2025-12-26,5.0,False
382,0,2024-08-27,8.0,False
382,1,2024-09-27,8.0,False
382,2,2024-10-27,8.0,False
382,3,2024-11-27,9.0,False
382,4,2024-12-27,9.0,False
382,5,2025-01-27,9.0,False
382,6,2025-02-27,9.0,False
382,7,2025-03-27,9.0,False
382,8,2025-04-27,9.0,False
382,9,2025-05-27,9.0,False
382,10,2025-06-27,10.0,False
382,11,2025-07-27,11.0,False
382,12,2025-08-27,11.0,False
382,13,2025-09-27,11.0,False
382,14,2025-10-27,11.0,False
382,15,2025-11-27,11.0,False
382,16,2025-12-27,11.0,False
394,0,2024-08-31,3.0,False
394,1,2024-09-30,3.0,False
394,2,2024-10-30,3.0,False
394,3,2024-11-30,3.0,False
394,4,2024-12-30,3.0,False
394,5,2025-01-30,3.0,False
394,6,2025-02-28,3.0,False
394,7,2025-03-28,3.0,False
394,8,2025-04-28,3.0,False
394,9,2025-05-28,3.0,False
394,10,2025-06-28,3.0,False
394,11,2025-07-28,3.0,False
394,12,2025-08-28,3.0,False
394,13,2025-09-28,3.0,False
394,14,2025-10-28,3.0,False
394,15,2025-11-28,3.0,False
394,16,2025-12-28,3.0,False
395,0,2024-09-01,9.0,False
395,1,2024-10-01,9.0,False
395,2,2024-11-01,9.0,False
395,3,2024-12-01,9.0,False
395,4,2025-01-01,9.0,False
395,5,2025-02-01,9.0,False
395,6,2025-03-01,9.0,False
395,7,2025-04-01,9.0,False
395,8,2025-05-01,9.0,False
395,9,2025-06-01,9.0,False
395,10,2025-07-01,9.0,False
395,11,2025-08-01,9.0,False
395,12,2025-09-01,9.0,False
395,13,2025-10-01,9.0,False
395,14,2025-11-01,9.0,False
395,15,2025-12-01,9.0,False
397,0,2024-09-01,26.0,False
397,1,2024-10-01,26.0,False
397,2,2024-11-01,26.0,False
397,3,2024-12-01,26.0,False
397,4,2025-01-01,26.0,False
397,5,2025-02-01,26.0,False
397,6,2025-03-01,26.0,False
397,7,2025-04-01,26.0,True
403,0,2024-09-04,5.0,False
403,1,2024-10-04,5.0,False
403,2,2024-11-04,5.0,True
405,0,2024-09-05,1.0,False
405,1,2024-10-05,1.0,True
406,0,2024-09-05,3.0,False
406,1,2024-10-05,3.0,False
406,2,2024-11-05,3.0,False
406,3,2024-12-05,3.0,False
406,4,2025-01-05,3.0,False
406,5,2025-02-05,3.0,False
406,6,2025-03-05,3.0,False
406,7,2025-04-05,3.0,False
406,8,2025-05-05,3.0,False
406,9,2025-06-05,3.0,False
406,10,2025-07-05,3.0,False
406,11,2025-08-05,3.0,False
406,12,2025-09-05,3.0,False
406,13,2025-10-05,3.0,False
406,14,2025-11-05,3.0,False
406,15,2025-12-05,3.0,False
411,0,2024-09-06,2.0,False
411,1,2024-10-06,2.0,False
411,2,2024-11-06,2.0,False
411,3,2024-12-06,2.0,False
411,4,2025-01-06,2.0,False
411,5,2025-02-06,2.0,False
411,6,2025-03-06,2.0,False
411,7,2025-04-06,2.0,False
411,8,2025-05-06,2.0,False
411,9,2025-06-06,2.0,False
411,10,2025-07-06,2.0,True
420,0,2024-09-10,3.0,False
420,1,2024-10-10,3.0,False
420,2,2024-11-10,3.0,False
420,3,2024-12-10,3.0,False
420,4,2025-01-10,3.0,False
420,5,2025-02-10,3.0,False
420,6,2025-03-10,5.0,False
420,7,2025-04-10,5.0,False
420,8,2025-05-10,5.0,False
420,9,2025-06-10,5.0,False
420,10,2025-07-10,5.0,False
420,11,2025-08-10,5.0,False
420,12,2025-09-10,5.0,False
420,13,2025-10-10,7.0,False
420,14,2025-11-10,7.0,False
420,15,2025-12-10,7.0,False
425,0,2024-09-13,1.0,False
425,1,2024-10-13,1.0,False
425,2,2024-11-13,1.0,False
425,3,2024-12-13,1.0,False
425,4,2025-01-13,1.0,False
425,5,2025-02-13,1.0,False
425,6,2025-03-13,1.0,False
425,7,2025-04-13,1.0,False
425,8,2025-05-13,1.0,False
425,9,2025-06-13,1.0,False
425,10,2025-07-13,1.0,False
425,11,2025-08-13,1.0,False
425,12,2025-09-13,1.0,False
425,13,2025-10-13,1.0,False
425,14,2025-11-13,1.0,False
425,15,2025-12-13,1.0,False
429,0,2024-09-15,6.0,False
429,1,2024-10-15,6.0,True
433,0,2024-09-16,9.0,False
433,1,2024-10-16,9.0,False
433,2,2024-11-16,9.0,False
433,3,2024-12-16,9.0,False
433,4,2025-01-16,9.0,False
433,5,2025-02-16,11.0,False
433,6,2025-03-16,11.0,False
433,7,2025-04-16,11.0,False
433,8,2025-05-16,11.0,False
433,9,2025-06-16,11.0,False
433,10,2025-07-16,11.0,False
433,11,2025-08-16,11.0,False
433,12,2025-09-16,11.0,False
433,13,2025-10-16,11.0,False
433,14,2025-11-16,11.0,False
433,15,2025-12-16,11.0,False
434,0,2024-09-17,1.0,False
434,1,2024-10-17,1.0,False
434,2,2024-11-17,1.0,False
434,3,2024-12-17,1.0,False
434,4,2025-01-17,1.0,False
434,5,2025-02-17,1.0,False
434,6,2025-03-17,1.0,False
434,7,2025-04-17,1.0,False
434,8,2025-05-17,1.0,False
434,9,2025-06-17,1.0,False
434,10,2025-07-17,1.0,False
434,11,2025-08-17,1.0,False
434,12,2025-09-17,1.0,False
434,13,2025-10-17,3.0,False
434,14,2025-11-17,3.0,False
434,15,2025-12-17,3.0,True
435,0,2024-09-18,22.0,False
435,1,2024-10-18,24.0,False
435,2,2024-11-18,25.0,True
442,0,2024-09-20,1.0,False
442,1,2024-10-20,1.0,True
447,0,2024-09-22,1.0,False
447,1,2024-10-22,1.0,False
447,2,2024-11-22,1.0,False
447,3,2024-12-22,1.0,False
447,4,2025-01-22,1.0,False
447,5,2025-02-22,1.0,False
447,6,2025-03-22,1.0,False
447,7,2025-04-22,1.0,True
452,0,2024-09-24,14.0,False
452,1,2024-10-24,14.0,False
452,2,2024-11-24,14.0,False
452,3,2024-12-24,14.0,False
452,4,2025-01-24,14.0,False
452,5,2025-02-24,14.0,False
452,6,2025-03-24,14.0,False
452,7,2025-04-24,14.0,False
452,8,2025-05-24,14.0,False
452,9,2025-06-24,14.0,False
452,10,2025-07-24,15.0,False
452,11,2025-08-24,15.0,False
452,12,2025-09-24,15.0,False
452,13,2025-10-24,16.0,False
452,14,2025-11-24,16.0,False
452,15,2025-12-24,16.0,False
459,0,2024-09-25,10.0,False
459,1,2024-10-25,10.0,False
459,2,2024-11-25,11.0,False
459,3,2024-12-25,11.0,False
459,4,2025-01-25,11.0,False
459,5,2025-02-25,11.0,False
459,6,2025-03-25,11.0,False
459,7,2025-04-25,11.0,False
459,8,2025-05-25,11.0,False
459,9,2025-06-25,11.0,False
459,10,2025-07-25,11.0,False
459,11,2025-08-25,11.0,False
459,12,2025-09-25,11.0,False
459,13,2025-10-25,11.0,False
459,14,2025-11-25,11.0,False
459,15,2025-12-25,11.0,True
461,0,2024-09-25,6.0,False
461,1,2024-10-25,6.0,False
461,2,2024-11-25,6.0,False
461,3,2024-12-25,6.0,False
461,4,2025-01-25,6.0,False
461,5,2025-02-25,6.0,False
461,6,2025-03-25,6.0,True
462,0,2024-09-26,2.0,False
462,1,2024-10-26,4.0,False
462,2,2024-11-26,4.0,False
462,3,2024-12-26,4.0,False
462,4,2025-01-26,4.0,False
462,5,2025-02-26,4.0,False
462,6,2025-03-26,4.0,False
462,7,2025-04-26,4.0,False
462,8,2025-05-26,6.0,False
462,9,2025-06-26,6.0,False
462,10,2025-07-26,7.0,False
462,11,2025-08-26,7.0,False
462,12,2025-09-26,7.0,False
462,13,2025-10-26,7.0,False
462,14,2025-11-26,7.0,False
462,15,2025-12-26,7.0,False
472,0,2024-10-02,7.0,False
472,1,2024-11-02,7.0,False
472,2,2024-12-02,7.0,False
472,3,2025-01-02,7.0,False
472,4,2025-02-02,7.0,True
474,0,2024-10-04,9.0,False
474,1,2024-11-04,9.0,False
474,2,2024-12-04,9.0,True
475,0,2024-10-05,1.0,False
475,1,2024-11-05,1.0,False
475,2,2024-12-05,1.0,False
475,3,2025-01-05,1.0,False
475,4,2025-02-05,1.0,False
475,5,2025-03-05,1.0,False
475,6,2025-04-05,1.0,False
475,7,2025-05-05,1.0,False
475,8,2025-06-05,1.0,False
475,9,2025-07-05,1.0,False
475,10,2025-08-05,1.0,False
475,11,2025-09-05,1.0,False
475,12,2025-10-05,1.0,False
475,13,2025-11-05,1.0,False
475,14,2025-12-05,1.0,False
478,0,2024-10-08,2.0,True
482,0,2024-10-09,28.0,False
482,1,2024-11-09,28.0,False
482,2,2024-12-09,28.0,False
482,3,2025-01-09,28.0,False
482,4,2025-02-09,28.0,False
482,5,2025-03-09,28.0,False
482,6,2025-04-09,28.0,False
482,7,2025-05-09,28.0,False
482,8,2025-06-09,28.0,False
482,9,2025-07-09,28.0,False
482,10,2025-08-09,28.0,False
482,11,2025-09-09,28.0,False
482,12,2025-10-09,28.0,False
482,13,2025-11-09,28.0,False
482,14,2025-12-09,28.0,False
486,0,2024-10-10,6.0,True
488,0,2024-10-11,21.0,False
488,1,2024-11-11,21.0,False
488,2,2024-12-11,21.0,False
488,3,2025-01-11,21.0,False
488,4,2025-02-11,21.0,False
488,5,2025-03-11,21.0,False
488,6,2025-04-11,21.0,False
488,7,2025-05-11,21.0,False
488,8,2025-06-11,21.0,False
488,9,2025-07-11,21.0,False
488,10,2025-08-11,21.0,False
488,11,2025-09-11,21.0,False
488,12,2025-10-11,21.0,False
488,13,2025-11-11,21.0,False
488,14,2025-12-11,21.0,True
496,0,2024-10-17,3.0,False
496,1,2024-11-17,3.0,False
496,2,2024-12-17,3.0,False
496,3,2025-01-17,3.0,False
496,4,2025-02-17,3.0,False
496,5,2025-03-17,3.0,False
496,6,2025-04-17,3.0,True
502,0,2024-10-18,3.0,False
502,1,2024-11-18,3.0,True
505,0,2024-10-20,2.0,False
505,1,2024-11-20,2.0,False
505,2,2024-12-20,2.0,False
505,3,2025-01-20,2.0,False
505,4,2025-02-20,2.0,False
505,5,2025-03-20,2.0,False
505,6,2025-04-20,2.0,False
505,7,2025-05-20,2.0,False
505,8,2025-06-20,2.0,False
505,9,2025-07-20,2.0,False
505,10,2025-08-20,2.0,False
505,11,2025-09-20,2.0,False
505,12,2025-10-20,2.0,False
505,13,2025-11-20,2.0,False
505,14,2025-12-20,2.0,False
507,0,2024-10-21,1.0,False
507,1,2024-11-21,1.0,False
507,2,2024-12-21,1.0,False
507,3,2025-01-21,1.0,False
507,4,2025-02-21,1.0,False
507,5,2025-03-21,1.0,False
507,6,2025-04-21,1.0,False
507,7,2025-05-21,1.0,False
507,8,2025-06-21,1.0,False
507,9,2025-07-21,1.0,False
507,10,2025-08-21,1.0,False
507,11,2025-09-21,1.0,False
507,12,2025-10-21,1.0,False
507,13,2025-11-21,1.0,False
507,14,2025-12-21,1.0,True
508,0,2024-10-21,1.0,False
508,1,2024-11-21,2.0,False
508,2,2024-12-21,2.0,False
508,3,2025-01-21,2.0,False
508,4,2025-02-21,2.0,False
508,5,2025-03-21,2.0,False
508,6,2025-04-21,2.0,False
508,7,2025-05-21,2.0,False
508,8,2025-06-21,2.0,False
508,9,2025-07-21,4.0,False
508,10,2025-08-21,5.0,False
508,11,2025-09-21,5.0,False
508,12,2025-10-21,5.0,False
508,13,2025-11-21,5.0,False
508,14,2025-12-21,5.0,False
512,0,2024-10-22,5.0,False
512,1,2024-11-22,5.0,False
512,2,2024-12-22,5.0,False
512,3,2025-01-22,5.0,False
512,4,2025-02-22,5.0,False
512,5,2025-03-22,5.0,False
512,6,2025-04-22,5.0,False
512,7,2025-05-22,5.0,False
512,8,2025-06-22,5.0,False
512,9,2025-07-22,5.0,False
512,10,2025-08-22,5.0,False
512,11,2025-09-22,5.0,False
512,12,2025-10-22,5.0,False
512,13,2025-11-22,5.0,False
512,14,2025-12-22,5.0,False
514,0,2024-10-25,2.0,False
514,1,2024-11-25,2.0,False
514,2,2024-12-25,2.0,False
514,3,2025-01-25,2.0,False
514,4,2025-02-25,2.0,False
514,5,2025-03-25,2.0,False
514,6,2025-04-25,2.0,False
514,7,2025-05-25,2.0,False
514,8,2025-06-25,2.0,False
514,9,2025-07-25,2.0,False
514,10,2025-08-25,2.0,False
514,11,2025-09-25,4.0,False
514,12,2025-10-25,4.0,False
514,13,2025-11-25,4.0,False
514,14,2025-12-25,4.0,False
517,0,2024-10-25,2.0,False
517,1,2024-11-25,2.0,False
517,2,2024-12-25,2.0,False
517,3,2025-01-25,2.0,False
517,4,2025-02-25,2.0,False
517,5,2025-03-25,2.0,False
517,6,2025-04-25,2.0,False
517,7,2025-05-25,2.0,False
517,8,2025-06-25,2.0,False
517,9,2025-07-25,2.0,False
517,10,2025-08-25,2.0,False
517,11,2025-09-25,2.0,False
517,12,2025-10-25,2.0,False
517,13,2025-11-25,2.0,False
517,14,2025-12-25,2.0,False
521,0,2024-10-28,29.0,False
521,1,2024-11-28,29.0,False
521,2,2024-12-28,29.0,False
521,3,2025-01-28,29.0,False
521,4,2025-02-28,29.0,False
521,5,2025-03-28,29.0,False
521,6,2025-04-28,29.0,False
521,7,2025-05-28,29.0,False
521,8,2025-06-28,30.0,False
521,9,2025-07-28,30.0,False
521,10,2025-08-28,30.0,False
521,11,2025-09-28,30.0,False
521,12,2025-10-28,30.0,False
521,13,2025-11-28,30.0,False
521,14,2025-12-28,30.0,False
523,0,2024-10-28,8.0,False
523,1,2024-11-28,8.0,False
523,2,2024-12-28,8.0,False
523,3,2025-01-28,8.0,False
523,4,2025-02-28,8.0,False
523,5,2025-03-28,8.0,False
523,6,2025-04-28,8.0,False
523,7,2025-05-28,8.0,False
523,8,2025-06-28,8.0,False
523,9,2025-07-28,8.0,False
523,10,2025-08-28,8.0,False
523,11,2025-09-28,8.0,False
523,12,2025-10-28,8.0,False
523,13,2025-11-28,8.0,False
523,14,2025-12-28,8.0,False
528,0,2024-10-30,2.0,False
528,1,2024-11-30,2.0,False
528,2,2024-12-30,2.0,False
528,3,2025-01-30,2.0,False
528,4,2025-02-28,2.0,False
528,5,2025-03-28,2.0,False
528,6,2025-04-28,2.0,False
528,7,2025-05-28,2.0,False
528,8,2025-06-28,2.0,False
528,9,2025-07-28,2.0,False
528,10,2025-08-28,2.0,False
528,11,2025-09-28,2.0,True
531,0,2024-11-01,3.0,False
531,1,2024-12-01,3.0,False
531,2,2025-01-01,3.0,True
536,0,2024-11-03,2.0,False
536,1,2024-12-03,2.0,False
536,2,2025-01-03,2.0,False
536,3,2025-02-03,2.0,False
536,4,2025-03-03,2.0,False
536,5,2025-04-03,2.0,False
536,6,2025-05-03,2.0,False
536,7,2025-06-03,2.0,False
536,8,2025-07-03,2.0,False
536,9,2025-08-03,2.0,False
536,10,2025-09-03,2.0,False
536,11,2025-10-03,2.0,False
536,12,2025-11-03,2.0,False
536,13,2025-12-03,2.0,False
542,0,2024-11-05,1.0,False
542,1,2024-12-05,1.0,False
542,2,2025-01-05,2.0,False
542,3,2025-02-05,2.0,False
542,4,2025-03-05,2.0,False
542,5,2025-04-05,2.0,False
542,6,2025-05-05,2.0,False
542,7,2025-06-05,2.0,False
542,8,2025-07-05,2.0,False
542,9,2025-08-05,2.0,False
542,10,2025-09-05,2.0,False
542,11,2025-10-05,2.0,False
542,12,2025-11-05,2.0,False
542,13,2025-12-05,2.0,False
548,0,2024-11-06,8.0,False
548,1,2024-12-06,8.0,False
548,2,2025-01-06,8.0,False
548,3,2025-02-06,8.0,False
548,4,2025-03-06,8.0,False
548,5,2025-04-06,8.0,False
548,6,2025-05-06,8.0,False
548,7,2025-06-06,8.0,False
548,8,2025-07-06,8.0,False
548,9,2025-08-06,8.0,False
548,10,2025-09-06,8.0,False
548,11,2025-10-06,8.0,True
549,0,2024-11-07,3.0,False
549,1,2024-12-07,3.0,False
549,2,2025-01-07,3.0,False
549,3,2025-02-07,3.0,False
549,4,2025-03-07,3.0,False
549,5,2025-04-07,3.0,False
549,6,2025-05-07,3.0,False
549,7,2025-06-07,3.0,False
549,8,2025-07-07,3.0,False
549,9,2025-08-07,3.0,True
556,0,2024-11-10,4.0,False
556,1,2024-12-10,4.0,True
558,0,2024-11-10,4.0,False
558,1,2024-12-10,4.0,False
558,2,2025-01-10,4.0,False
558,3,2025-02-10,4.0,False
558,4,2025-03-10,4.0,False
558,5,2025-04-10,4.0,False
558,6,2025-05-10,4.0,False
558,7,2025-06-10,4.0,False
558,8,2025-07-10,4.0,False
558,9,2025-08-10,4.0,False
558,10,2025-09-10,6.0,True
562,0,2024-11-11,10.0,False
562,1,2024-12-11,10.0,False
562,2,2025-01-11,10.0,False
562,3,2025-02-11,10.0,False
562,4,2025-03-11,10.0,False
562,5,2025-04-11,10.0,False
562,6,2025-05-11,10.0,False
562,7,2025-06-11,10.0,False
562,8,2025-07-11,10.0,False
562,9,2025-08-11,10.0,False
562,10,2025-09-11,10.0,False
562,11,2025-10-11,11.0,False
562,12,2025-11-11,11.0,False
562,13,2025-12-11,11.0,False
571,0,2024-11-14,3.0,False
571,1,2024-12-14,3.0,False
571,2,2025-01-14,3.0,False
571,3,2025-02-14,3.0,False
571,4,2025-03-14,3.0,False
571,5,2025-04-14,3.0,False
571,6,2025-05-14,3.0,False
571,7,2025-06-14,3.0,False
571,8,2025-07-14,3.0,False
571,9,2025-08-14,3.0,False
571,10,2025-09-14,3.0,False
571,11,2025-10-14,3.0,False
571,12,2025-11-14,3.0,False
571,13,2025-12-14,3.0,False
575,0,2024-11-15,17.0,False
575,1,2024-12-15,17.0,False
575,2,2025-01-15,17.0,False
575,3,2025-02-15,17.0,False
575,4,2025-03-15,17.0,False
575,5,2025-04-15,17.0,False
575,6,2025-05-15,17.0,False
575,7,2025-06-15,17.0,False
575,8,2025-07-15,17.0,False
575,9,2025-08-15,17.0,False
575,10,2025-09-15,17.0,False
575,11,2025-10-15,17.0,False
575,12,2025-11-15,17.0,False
575,13,2025-12-15,17.0,False
579,0,2024-11-17,4.0,False
579,1,2024-12-17,4.0,False
579,2,2025-01-17,4.0,False
579,3,2025-02-17,4.0,False
579,4,2025-03-17,4.0,False
579,5,2025-04-17,4.0,False
579,6,2025-05-17,4.0,False
579,7,2025-06-17,4.0,False
579,8,2025-07-17,4.0,False
579,9,2025-08-17,4.0,False
579,10,2025-09-17,4.0,False
579,11,2025-10-17,4.0,False
579,12,2025-11-17,4.0,False
579,13,2025-12-17,4.0,False
584,0,2024-11-19,1.0,False
584,1,2024-12-19,1.0,False
584,2,2025-01-19,1.0,False
584,3,2025-02-19,1.0,False
584,4,2025-03-19,1.0,True
589,0,2024-11-21,8.0,False
589,1,2024-12-21,8.0,False
589,2,2025-01-21,8.0,False
589,3,2025-02-21,8.0,True
592,0,2024-11-23,5.0,False
592,1,2024-12-23,5.0,False
592,2,2025-01-23,5.0,False
592,3,2025-02-23,5.0,False
592,4,2025-03-23,5.0,False
592,5,2025-04-23,5.0,False
592,6,2025-05-23,5.0,False
592,7,2025-06-23,5.0,False
592,8,2025-07-23,5.0,False
592,9,2025-08-23,5.0,False
592,10,2025-09-23,5.0,False
592,11,2025-10-23,5.0,False
592,12,2025-11-23,5.0,False
592,13,2025-12-23,5.0,False
594,0,2024-11-25,5.0,False
594,1,2024-12-25,5.0,False
594,2,2025-01-25,5.0,False
594,3,2025-02-25,5.0,False
594,4,2025-03-25,5.0,False
594,5,2025-04-25,5.0,False
594,6,2025-05-25,5.0,False
594,7,2025-06-25,5.0,False
594,8,2025-07-25,5.0,False
594,9,2025-08-25,5.0,False
594,10,2025-09-25,5.0,False
594,11,2025-10-25,5.0,False
594,12,2025-11-25,5.0,False
594,13,2025-12-25,7.0,False
602,0,2024-11-27,1.0,False
602,1,2024-12-27,1.0,False
602,2,2025-01-27,1.0,False
602,3,2025-02-27,1.0,False
602,4,2025-03-27,3.0,False
602,5,2025-04-27,3.0,False
602,6,2025-05-27,3.0,False
602,7,2025-06-27,3.0,False
602,8,2025-07-27,3.0,False
602,9,2025-08-27,3.0,False
602,10,2025-09-27,3.0,False
602,11,2025-10-27,3.0,False
602,12,2025-11-27,3.0,False
602,13,2025-12-27,3.0,False
603,0,2024-11-27,4.0,False
603,1,2024-12-27,4.0,False
603,2,2025-01-27,4.0,False
603,3,2025-02-27,4.0,False
603,4,2025-03-27,4.0,False
603,5,2025-04-27,4.0,False
603,6,2025-05-27,4.0,False
603,7,2025-06-27,4.0,False
603,8,2025-07-27,4.0,False
603,9,2025-08-27,4.0,False
603,10,2025-09-27,4.0,False
603,11,2025-10-27,4.0,False
603,12,2025-11-27,4.0,False
603,13,2025-12-27,4.0,False
607,0,2024-11-29,8.0,False
607,1,2024-12-29,8.0,False
607,2,2025-01-29,8.0,False
607,3,2025-02-28,8.0,False
607,4,2025-03-28,8.0,False
607,5,2025-04-28,8.0,False
607,6,2025-05-28,8.0,False
607,7,2025-06-28,8.0,False
607,8,2025-07-28,8.0,False
607,9,2025-08-28,8.0,False
607,10,2025-09-28,8.0,False
607,11,2025-10-28,8.0,False
607,12,2025-11-28,8.0,False
607,13,2025-12-28,8.0,False
614,0,2024-12-02,7.0,False
614,1,2025-01-02,7.0,False
614,2,2025-02-02,7.0,False
614,3,2025-03-02,7.0,False
614,4,2025-04-02,7.0,False
614,5,2025-05-02,7.0,False
614,6,2025-06-02,7.0,True
619,0,2024-12-04,1.0,False
619,1,2025-01-04,1.0,False
619,2,2025-02-04,1.0,False
619,3,2025-03-04,1.0,False
619,4,2025-04-04,1.0,False
619,5,2025-05-04,1.0,False
619,6,2025-06-04,1.0,False
619,7,2025-07-04,1.0,False
619,8,2025-08-04,2.0,False
619,9,2025-09-04,2.0,False
619,10,2025-10-04,2.0,False
619,11,2025-11-04,2.0,False
619,12,2025-12-04,2.0,True
620,0,2024-12-04,1.0,False
620,1,2025-01-04,1.0,False
620,2,2025-02-04,1.0,False
620,3,2025-03-04,1.0,False
620,4,2025-04-04,1.0,False
620,5,2025-05-04,2.0,False
620,6,2025-06-04,2.0,False
620,7,2025-07-04,2.0,False
620,8,2025-08-04,2.0,False
620,9,2025-09-04,2.0,False
620,10,2025-10-04,2.0,False
620,11,2025-11-04,2.0,False
620,12,2025-12-04,2.0,False
621,0,2024-12-05,3.0,False
621,1,2025-01-05,3.0,False
621,2,2025-02-05,3.0,False
621,3,2025-03-05,3.0,False
621,4,2025-04-05,3.0,False
621,5,2025-05-05,3.0,False
621,6,2025-06-05,3.0,False
621,7,2025-07-05,3.0,False
621,8,2025-08-05,3.0,False
621,9,2025-09-05,3.0,False
621,10,2025-10-05,3.0,False
621,11,2025-11-05,3.0,False
621,12,2025-12-05,3.0,False
636,0,2024-12-10,22.0,False
636,1,2025-01-10,22.0,False
636,2,2025-02-10,22.0,False
636,3,2025-03-10,22.0,False
636,4,2025-04-10,22.0,False
636,5,2025-05-10,22.0,False
636,6,2025-06-10,22.0,False
636,7,2025-07-10,22.0,False
636,8,2025-08-10,22.0,False
636,9,2025-09-10,22.0,False
636,10,2025-10-10,22.0,False
636,11,2025-11-10,22.0,False
636,12,2025-12-10,22.0,False
637,0,2024-12-10,1.0,False
637,1,2025-01-10,3.0,False
637,2,2025-02-10,3.0,False
637,3,2025-03-10,3.0,False
637,4,2025-04-10,3.0,False
637,5,2025-05-10,3.0,False
637,6,2025-06-10,3.0,False
637,7,2025-07-10,3.0,False
637,8,2025-08-10,3.0,False
637,9,2025-09-10,3.0,False
637,10,2025-10-10,3.0,False
637,11,2025-11-10,3.0,False
637,12,2025-12-10,3.0,False
639,0,2024-12-11,3.0,True
641,0,2024-12-13,1.0,False
641,1,2025-01-13,1.0,False
641,2,2025-02-13,1.0,False
641,3,2025-03-13,1.0,False
641,4,2025-04-13,1.0,False
641,5,2025-05-13,1.0,False
641,6,2025-06-13,1.0,False
641,7,2025-07-13,1.0,False
641,8,2025-08-13,1.0,False
641,9,2025-09-13,1.0,False
641,10,2025-10-13,1.0,False
641,11,2025-11-13,1.0,False
641,12,2025-12-13,1.0,False
646,0,2024-12-16,3.0,False
646,1,2025-01-16,3.0,True
654,0,2024-12-18,19.0,False
654,1,2025-01-18,19.0,False
654,2,2025-02-18,19.0,False
654,3,2025-03-18,19.0,False
654,4,2025-04-18,19.0,False
654,5,2025-05-18,19.0,False
654,6,2025-06-18,19.0,False
654,7,2025-07-18,19.0,False
654,8,2025-08-18,19.0,True
659,0,2024-12-20,8.0,False
659,1,2025-01-20,8.0,True
662,0,2024-12-23,2.0,False
662,1,2025-01-23,2.0,False
662,2,2025-02-23,2.0,False
662,3,2025-03-23,2.0,False
662,4,2025-04-23,2.0,False
662,5,2025-05-23,2.0,False
662,6,2025-06-23,2.0,False
662,7,2025-07-23,2.0,False
662,8,2025-08-23,2.0,False
662,9,2025-09-23,2.0,False
662,10,2025-10-23,2.0,False
662,11,2025-11-23,2.0,False
662,12,2025-12-23,2.0,False
670,0,2024-12-24,23.0,False
670,1,2025-01-24,23.0,False
670,2,2025-02-24,23.0,False
670,3,2025-03-24,23.0,True
671,0,2024-12-24,12.0,False
671,1,2025-01-24,12.0,False
671,2,2025-02-24,12.0,False
671,3,2025-03-24,12.0,False
671,4,2025-04-24,13.0,False
671,5,2025-05-24,13.0,False
671,6,2025-06-24,13.0,False
671,7,2025-07-24,13.0,False
671,8,2025-08-24,13.0,False
671,9,2025-09-24,13.0,False
671,10,2025-10-24,13.0,False
671,11,2025-11-24,13.0,False
671,12,2025-12-24,13.0,False
674,0,2024-12-26,3.0,False
674,1,2025-01-26,3.0,False
674,2,2025-02-26,3.0,False
674,3,2025-03-26,3.0,False
674,4,2025-04-26,3.0,False
674,5,2025-05-26,3.0,False
674,6,2025-06-26,3.0,False
674,7,2025-07-26,3.0,False
674,8,2025-08-26,3.0,False
674,9,2025-09-26,3.0,False
674,10,2025-10-26,3.0,False
674,11,2025-11-26,3.0,False
674,12,2025-12-26,3.0,False
676,0,2024-12-26,4.0,False
676,1,2025-01-26,4.0,False
676,2,2025-02-26,4.0,False
676,3,2025-03-26,4.0,False
676,4,2025-04-26,4.0,False
676,5,2025-05-26,4.0,False
676,6,2025-06-26,4.0,False
676,7,2025-07-26,4.0,False
676,8,2025-08-26,5.0,False
676,9,2025-09-26,5.0,False
676,10,2025-10-26,5.0,False
676,11,2025-11-26,5.0,False
676,12,2025-12-26,5.0,False
680,0,2024-12-27,5.0,False
680,1,2025-01-27,5.0,False
680,2,2025-02-27,5.0,False
680,3,2025-03-27,5.0,False
680,4,2025-04-27,5.0,False
680,5,2025-05-27,5.0,False
680,6,2025-06-27,5.0,False
680,7,2025-07-27,5.0,False
680,8,2025-08-27,5.0,False
680,9,2025-09-27,5.0,False
680,10,2025-10-27,6.0,False
680,11,2025-11-27,6.0,False
680,12,2025-12-27,7.0,False
681,0,2024-12-27,27.0,False
681,1,2025-01-27,27.0,False
681,2,2025-02-27,27.0,True
683,0,2024-12-27,11.0,True
684,0,2024-12-27,1.0,False
684,1,2025-01-27,1.0,True
687,0,2024-12-29,1.0,False
687,1,2025-01-29,1.0,False
687,2,2025-02-28,1.0,False
687,3,2025-03-28,1.0,False
687,4,2025-04-28,1.0,False
687,5,2025-05-28,1.0,True
691,0,2024-12-31,5.0,False
691,1,2025-01-31,5.0,False
691,2,2025-02-28,5.0,True
697,0,2025-01-01,4.0,False
697,1,2025-02-01,4.0,False
697,2,2025-03-01,4.0,False
697,3,2025-04-01,4.0,False
697,4,2025-05-01,4.0,False
697,5,2025-06-01,4.0,False
697,6,2025-07-01,4.0,False
697,7,2025-08-01,4.0,False
697,8,2025-09-01,4.0,False
697,9,2025-10-01,5.0,False
697,10,2025-11-01,5.0,False
697,11,2025-12-01,5.0,False
699,0,2025-01-02,18.0,False
699,1,2025-02-02,18.0,False
699,2,2025-03-02,20.0,False
699,3,2025-04-02,20.0,False
699,4,2025-05-02,20.0,False
699,5,2025-06-02,20.0,False
699,6,2025-07-02,20.0,False
699,7,2025-08-02,20.0,False
699,8,2025-09-02,20.0,False
699,9,2025-10-02,20.0,False
699,10,2025-11-02,20.0,False
699,11,2025-12-02,20.0,False
701,0,2025-01-04,4.0,False
701,1,2025-02-04,4.0,False
701,2,2025-03-04,4.0,False
701,3,2025-04-04,4.0,False
701,4,2025-05-04,4.0,False
701,5,2025-06-04,4.0,False
701,6,2025-07-04,4.0,False
701,7,2025-08-04,4.0,False
701,8,2025-09-04,4.0,False
701,9,2025-10-04,4.0,False
701,10,2025-11-04,4.0,False
701,11,2025-12-04,4.0,False
703,0,2025-01-05,13.0,False
703,1,2025-02-05,13.0,False
703,2,2025-03-05,13.0,False
703,3,2025-04-05,13.0,False
703,4,2025-05-05,13.0,False
703,5,2025-06-05,13.0,False
703,6,2025-07-05,13.0,False
703,7,2025-08-05,13.0,False
703,8,2025-09-05,13.0,False
703,9,2025-10-05,13.0,False
703,10,2025-11-05,13.0,False
703,11,2025-12-05,13.0,False
709,0,2025-01-06,3.0,False
709,1,2025-02-06,3.0,False
709,2,2025-03-06,3.0,False
709,3,2025-04-06,3.0,False
709,4,2025-05-06,3.0,False
709,5,2025-06-06,3.0,False
709,6,2025-07-06,4.0,False
709,7,2025-08-06,4.0,False
709,8,2025-09-06,4.0,False
709,9,2025-10-06,4.0,False
709,10,2025-11-06,4.0,False
709,11,2025-12-06,4.0,False
712,0,2025-01-07,8.0,False
712,1,2025-02-07,8.0,False
712,2,2025-03-07,8.0,False
712,3,2025-04-07,8.0,False
712,4,2025-05-07,8.0,False
712,5,2025-06-07,8.0,False
712,6,2025-07-07,8.0,False
712,7,2025-08-07,8.0,False
712,8,2025-09-07,8.0,False
712,9,2025-10-07,8.0,False
712,10,2025-11-07,8.0,False
712,11,2025-12-07,8.0,False
715,0,2025-01-07,2.0,False
715,1,2025-02-07,2.0,False
715,2,2025-03-07,2.0,False
715,3,2025-04-07,2.0,False
715,4,2025-05-07,2.0,False
715,5,2025-06-07,2.0,True
720,0,2025-01-08,10.0,False
720,1,2025-02-08,10.0,False
720,2,2025-03-08,10.0,False
720,3,2025-04-08,10.0,False
720,4,2025-05-08,10.0,False
720,5,2025-06-08,10.0,False
720,6,2025-07-08,10.0,False
720,7,2025-08-08,10.0,False
720,8,2025-09-08,10.0,False
720,9,2025-10-08,10.0,False
720,10,2025-11-08,10.0,False
720,11,2025-12-08,10.0,False
726,0,2025-01-09,21.0,False
726,1,2025-02-09,21.0,False
726,2,2025-03-09,21.0,False
726,3,2025-04-09,21.0,False
726,4,2025-05-09,21.0,False
726,5,2025-06-09,21.0,False
726,6,2025-07-09,21.0,False
726,7,2025-08-09,21.0,False
726,8,2025-09-09,21.0,False
726,9,2025-10-09,21.0,False
726,10,2025-11-09,21.0,False
726,11,2025-12-09,21.0,False
736,0,2025-01-12,15.0,False
736,1,2025-02-12,15.0,False
736,2,2025-03-12,15.0,False
736,3,2025-04-12,15.0,False
736,4,2025-05-12,15.0,False
736,5,2025-06-12,16.0,False
736,6,2025-07-12,16.0,False
736,7,2025-08-12,16.0,False
736,8,2025-09-12,16.0,False
736,9,2025-10-12,18.0,False
736,10,2025-11-12,18.0,False
736,11,2025-12-12,18.0,False
737,0,2025-01-14,6.0,False
737,1,2025-02-14,6.0,False
737,2,2025-03-14,6.0,False
737,3,2025-04-14,6.0,False
737,4,2025-05-14,6.0,False
737,5,2025-06-14,6.0,False
737,6,2025-07-14,6.0,False
737,7,2025-08-14,6.0,False
737,8,2025-09-14,6.0,False
737,9,2025-10-14,8.0,True
741,0,2025-01-15,7.0,False
741,1,2025-02-15,7.0,False
741,2,2025-03-15,7.0,False
741,3,2025-04-15,7.0,False
741,4,2025-05-15,7.0,False
741,5,2025-06-15,7.0,True
743,0,2025-01-16,10.0,False
743,1,2025-02-16,10.0,False
743,2,2025-03-16,10.0,False
743,3,2025-04-16,10.0,False
743,4,2025-05-16,10.0,False
743,5,2025-06-16,10.0,False
743,6,2025-07-16,10.0,False
743,7,2025-08-16,10.0,False
743,8,2025-09-16,10.0,False
743,9,2025-10-16,10.0,False
743,10,2025-11-16,10.0,False
743,11,2025-12-16,10.0,False
744,0,2025-01-17,20.0,False
744,1,2025-02-17,20.0,False
744,2,2025-03-17,20.0,False
744,3,2025-04-17,20.0,False
744,4,2025-05-17,20.0,False
744,5,2025-06-17,20.0,False
744,6,2025-07-17,20.0,False
744,7,2025-08-17,20.0,False
744,8,2025-09-17,20.0,False
744,9,2025-10-17,20.0,False
744,10,2025-11-17,20.0,False
744,11,2025-12-17,20.0,False
745,0,2025-01-17,5.0,False
745,1,2025-02-17,5.0,False
745,2,2025-03-17,5.0,False
745,3,2025-04-17,5.0,False
745,4,2025-05-17,7.0,False
745,5,2025-06-17,7.0,False
745,6,2025-07-17,7.0,False
745,7,2025-08-17,7.0,False
745,8,2025-09-17,7.0,False
745,9,2025-10-17,7.0,False
745,10,2025-11-17,7.0,False
745,11,2025-12-17,9.0,False
749,0,2025-01-19,3.0,False
749,1,2025-02-19,3.0,False
749,2,2025-03-19,3.0,False
749,3,2025-04-19,3.0,False
749,4,2025-05-19,3.0,False
749,5,2025-06-19,3.0,False
749,6,2025-07-19,3.0,False
749,7,2025-08-19,3.0,False
749,8,2025-09-19,3.0,False
749,9,2025-10-19,5.0,False
749,10,2025-11-19,5.0,False
749,11,2025-12-19,5.0,False
750,0,2025-01-20,16.0,False
750,1,2025-02-20,16.0,False
750,2,2025-03-20,16.0,False
750,3,2025-04-20,16.0,False
750,4,2025-05-20,16.0,False
750,5,2025-06-20,16.0,False
750,6,2025-07-20,16.0,False
750,7,2025-08-20,16.0,False
750,8,2025-09-20,16.0,False
750,9,2025-10-20,16.0,False
750,10,2025-11-20,16.0,False
750,11,2025-12-20,16.0,False
751,0,2025-01-20,4.0,False
751,1,2025-02-20,4.0,False
751,2,2025-03-20,4.0,False
751,3,2025-04-20,4.0,False
751,4,2025-05-20,4.0,False
751,5,2025-06-20,4.0,False
751,6,2025-07-20,4.0,False
751,7,2025-08-20,4.0,False
751,8,2025-09-20,4.0,False
751,9,2025-10-20,4.0,False
751,10,2025-11-20,4.0,False
751,11,2025-12-20,4.0,False
755,0,2025-01-21,5.0,False
755,1,2025-02-21,5.0,False
755,2,2025-03-21,5.0,False
755,3,2025-04-21,5.0,False
755,4,2025-05-21,5.0,False
755,5,2025-06-21,5.0,False
755,6,2025-07-21,5.0,False
755,7,2025-08-21,5.0,False
755,8,2025-09-21,5.0,False
755,9,2025-10-21,5.0,False
755,10,2025-11-21,5.0,False
755,11,2025-12-21,5.0,False
772,0,2025-01-25,9.0,False
772,1,2025-02-25,9.0,False
772,2,2025-03-25,9.0,False
772,3,2025-04-25,9.0,False
772,4,2025-05-25,9.0,False
772,5,2025-06-25,9.0,False
772,6,2025-07-25,9.0,False
772,7,2025-08-25,9.0,False
772,8,2025-09-25,9.0,False
772,9,2025-10-25,9.0,False
772,10,2025-11-25,9.0,False
772,11,2025-12-25,9.0,False
773,0,2025-01-25,26.0,False
773,1,2025-02-25,26.0,False
773,2,2025-03-25,26.0,False
773,3,2025-04-25,28.0,False
773,4,2025-05-25,28.0,False
773,5,2025-06-25,28.0,False
773,6,2025-07-25,28.0,False
773,7,2025-08-25,28.0,False
773,8,2025-09-25,28.0,False
773,9,2025-10-25,28.0,False
773,10,2025-11-25,29.0,False
773,11,2025-12-25,29.0,False
775,0,2025-01-26,3.0,False
775,1,2025-02-26,3.0,True
781,0,2025-01-30,9.0,False
781,1,2025-02-28,9.0,False
781,2,2025-03-28,9.0,False
781,3,2025-04-28,9.0,False
781,4,2025-05-28,9.0,False
781,5,2025-06-28,9.0,False
781,6,2025-07-28,9.0,False
781,7,2025-08-28,9.0,False
781,8,2025-09-28,9.0,False
781,9,2025-10-28,9.0,False
781,10,2025-11-28,9.0,False
781,11,2025-12-28,9.0,False
785,0,2025-01-31,7.0,False
785,1,2025-02-28,7.0,False
785,2,2025-03-28,7.0,False
785,3,2025-04-28,7.0,False
785,4,2025-05-28,7.0,True
786,0,2025-01-31,27.0,False
786,1,2025-02-28,27.0,False
786,2,2025-03-28,27.0,False
786,3,2025-04-28,27.0,False
786,4,2025-05-28,27.0,False
786,5,2025-06-28,27.0,False
786,6,2025-07-28,27.0,False
786,7,2025-08-28,27.0,False
786,8,2025-09-28,27.0,False
786,9,2025-10-28,27.0,False
786,10,2025-11-28,27.0,False
786,11,2025-12-28,27.0,False
788,0,2025-02-01,25.0,False
788,1,2025-03-01,27.0,False
788,2,2025-04-01,27.0,True
793,0,2025-02-03,4.0,False
793,1,2025-03-03,4.0,False
793,2,2025-04-03,4.0,False
793,3,2025-05-03,4.0,False
793,4,2025-06-03,4.0,False
793,5,2025-07-03,4.0,False
793,6,2025-08-03,4.0,False
793,7,2025-09-03,4.0,False
793,8,2025-10-03,4.0,False
793,9,2025-11-03,4.0,False
793,10,2025-12-03,4.0,False
794,0,2025-02-03,11.0,False
794,1,2025-03-03,11.0,False
794,2,2025-04-03,11.0,False
794,3,2025-05-03,11.0,False
794,4,2025-06-03,11.0,False
794,5,2025-07-03,12.0,False
794,6,2025-08-03,12.0,False
794,7,2025-09-03,12.0,False
794,8,2025-10-03,12.0,False
794,9,2025-11-03,12.0,False
794,10,2025-12-03,12.0,False
796,0,2025-02-04,7.0,True
802,0,2025-02-07,1.0,False
802,1,2025-03-07,1.0,False
802,2,2025-04-07,1.0,False
802,3,2025-05-07,1.0,False
802,4,2025-06-07,1.0,False
802,5,2025-07-07,1.0,False
802,6,2025-08-07,2.0,False
802,7,2025-09-07,2.0,False
802,8,2025-10-07,2.0,False
802,9,2025-11-07,2.0,False
802,10,2025-12-07,2.0,False
804,0,2025-02-07,1.0,False
804,1,2025-03-07,1.0,False
804,2,2025-04-07,1.0,False
804,3,2025-05-07,1.0,False
804,4,2025-06-07,1.0,True
807,0,2025-02-08,15.0,False
807,1,2025-03-08,15.0,False
807,2,2025-04-08,15.0,False
807,3,2025-05-08,15.0,False
807,4,2025-06-08,15.0,False
807,5,2025-07-08,15.0,False
807,6,2025-08-08,15.0,False
807,7,2025-09-08,15.0,False
807,8,2025-10-08,15.0,True
808,0,2025-02-09,19.0,False
808,1,2025-03-09,20.0,False
808,2,2025-04-09,22.0,True
809,0,2025-02-09,1.0,False
809,1,2025-03-09,1.0,False
809,2,2025-04-09,1.0,False
809,3,2025-05-09,3.0,False
809,4,2025-06-09,3.0,False
809,5,2025-07-09,3.0,False
809,6,2025-08-09,3.0,False
809,7,2025-09-09,3.0,False
809,8,2025-10-09,3.0,False
809,9,2025-11-09,3.0,False
809,10,2025-12-09,3.0,False
810,0,2025-02-10,2.0,False
810,1,2025-03-10,2.0,False
810,2,2025-04-10,2.0,False
810,3,2025-05-10,2.0,False
810,4,2025-06-10,2.0,False
810,5,2025-07-10,2.0,False
810,6,2025-08-10,2.0,False
810,7,2025-09-10,2.0,False
810,8,2025-10-10,2.0,False
810,9,2025-11-10,2.0,False
810,10,2025-12-10,2.0,False
811,0,2025-02-10,5.0,False
811,1,2025-03-10,5.0,True
813,0,2025-02-11,1.0,False
813,1,2025-03-11,1.0,False
813,2,2025-04-11,1.0,True
814,0,2025-02-12,1.0,False
814,1,2025-03-12,1.0,False
814,2,2025-04-12,1.0,False
814,3,2025-05-12,1.0,False
814,4,2025-06-12,1.0,False
814,5,2025-07-12,1.0,False
814,6,2025-08-12,1.0,False
814,7,2025-09-12,2.0,False
814,8,2025-10-12,2.0,False
814,9,2025-11-12,2.0,False
814,10,2025-12-12,2.0,False
817,0,2025-02-12,8.0,False
817,1,2025-03-12,8.0,False
817,2,2025-04-12,8.0,False
817,3,2025-05-12,8.0,False
817,4,2025-06-12,8.0,False
817,5,2025-07-12,9.0,False
817,6,2025-08-12,9.0,False
817,7,2025-09-12,9.0,False
817,8,2025-10-12,9.0,False
817,9,2025-11-12,9.0,False
817,10,2025-12-12,9.0,False
819,0,2025-02-13,1.0,False
819,1,2025-03-13,1.0,False
819,2,2025-04-13,1.0,False
819,3,2025-05-13,1.0,False
819,4,2025-06-13,1.0,False
819,5,2025-07-13,1.0,False
819,6,2025-08-13,1.0,False
819,7,2025-09-13,1.0,False
819,8,2025-10-13,1.0,False
819,9,2025-11-13,1.0,False
819,10,2025-12-13,1.0,False
826,0,2025-02-17,3.0,False
826,1,2025-03-17,3.0,False
826,2,2025-04-17,3.0,False
826,3,2025-05-17,3.0,False
826,4,2025-06-17,3.0,False
826,5,2025-07-17,3.0,False
826,6,2025-08-17,3.0,False
826,7,2025-09-17,3.0,False
826,8,2025-10-17,3.0,False
826,9,2025-11-17,3.0,False
826,10,2025-12-17,3.0,False
829,0,2025-02-17,7.0,False
829,1,2025-03-17,7.0,False
829,2,2025-04-17,7.0,False
829,3,2025-05-17,7.0,False
829,4,2025-06-17,7.0,False
829,5,2025-07-17,8.0,False
829,6,2025-08-17,8.0,False
829,7,2025-09-17,8.0,False
829,8,2025-10-17,8.0,False
829,9,2025-11-17,8.0,False
829,10,2025-12-17,8.0,False
831,0,2025-02-19,17.0,False
831,1,2025-03-19,17.0,False
831,2,2025-04-19,17.0,True
835,0,2025-02-21,2.0,False
835,1,2025-03-21,2.0,False
835,2,2025-04-21,2.0,False
835,3,2025-05-21,2.0,False
835,4,2025-06-21,2.0,False
835,5,2025-07-21,2.0,False
835,6,2025-08-21,2.0,False
835,7,2025-09-21,2.0,False
835,8,2025-10-21,2.0,True
836,0,2025-02-21,4.0,False
836,1,2025-03-21,4.0,False
836,2,2025-04-21,4.0,False
836,3,2025-05-21,4.0,False
836,4,2025-06-21,4.0,False
836,5,2025-07-21,4.0,False
836,6,2025-08-21,4.0,False
836,7,2025-09-21,4.0,False
836,8,2025-10-21,4.0,False
836,9,2025-11-21,4.0,False
836,10,2025-12-21,4.0,False
837,0,2025-02-22,1.0,False
837,1,2025-03-22,1.0,False
837,2,2025-04-22,1.0,False
837,3,2025-05-22,1.0,True
838,0,2025-02-22,5.0,False
838,1,2025-03-22,5.0,False
838,2,2025-04-22,5.0,False
838,3,2025-05-22,5.0,False
838,4,2025-06-22,5.0,False
838,5,2025-07-22,6.0,False
838,6,2025-08-22,6.0,False
838,7,2025-09-22,6.0,False
838,8,2025-10-22,6.0,False
838,9,2025-11-22,6.0,False
838,10,2025-12-22,6.0,False
842,0,2025-02-25,1.0,False
842,1,2025-03-25,1.0,False
842,2,2025-04-25,1.0,False
842,3,2025-05-25,1.0,False
842,4,2025-06-25,1.0,False
842,5,2025-07-25,1.0,False
842,6,2025-08-25,1.0,False
842,7,2025-09-25,1.0,False
842,8,2025-10-25,1.0,False
842,9,2025-11-25,1.0,False
842,10,2025-12-25,1.0,False
847,0,2025-02-27,4.0,False
847,1,2025-03-27,6.0,False
847,2,2025-04-27,6.0,True
848,0,2025-02-27,8.0,False
848,1,2025-03-27,8.0,False
848,2,2025-04-27,8.0,False
848,3,2025-05-27,8.0,False
848,4,2025-06-27,8.0,False
848,5,2025-07-27,8.0,False
848,6,2025-08-27,8.0,False
848,7,2025-09-27,8.0,False
848,8,2025-10-27,8.0,False
848,9,2025-11-27,8.0,False
848,10,2025-12-27,8.0,False
849,0,2025-02-27,1.0,False
849,1,2025-03-27,1.0,False
849,2,2025-04-27,1.0,False
849,3,2025-05-27,2.0,False
849,4,2025-06-27,2.0,False
849,5,2025-07-27,4.0,False
849,6,2025-08-27,4.0,False
849,7,2025-09-27,4.0,False
849,8,2025-10-27,4.0,False
849,9,2025-11-27,4.0,False
849,10,2025-12-27,4.0,False
850,0,2025-02-27,14.0,False
850,1,2025-03-27,14.0,False
850,2,2025-04-27,14.0,False
850,3,2025-05-27,15.0,False
850,4,2025-06-27,15.0,False
850,5,2025-07-27,15.0,False
850,6,2025-08-27,17.0,False
850,7,2025-09-27,17.0,False
850,8,2025-10-27,17.0,False
850,9,2025-11-27,17.0,False
850,10,2025-12-27,17.0,False
854,0,2025-02-28,4.0,False
854,1,2025-03-28,4.0,False
854,2,2025-04-28,4.0,False
854,3,2025-05-28,6.0,False
854,4,2025-06-28,6.0,False
854,5,2025-07-28,6.0,False
854,6,2025-08-28,6.0,False
854,7,2025-09-28,6.0,False
854,8,2025-10-28,6.0,False
854,9,2025-11-28,8.0,False
854,10,2025-12-28,8.0,False
859,0,2025-03-01,3.0,False
859,1,2025-04-01,3.0,False
859,2,2025-05-01,3.0,False
859,3,2025-06-01,3.0,False
859,4,2025-07-01,3.0,False
859,5,2025-08-01,3.0,False
859,6,2025-09-01,3.0,False
859,7,2025-10-01,3.0,False
859,8,2025-11-01,3.0,False
859,9,2025-12-01,3.0,False
860,0,2025-03-01,2.0,False
860,1,2025-04-01,2.0,False
860,2,2025-05-01,2.0,False
860,3,2025-06-01,2.0,False
860,4,2025-07-01,2.0,False
860,5,2025-08-01,2.0,False
860,6,2025-09-01,2.0,False
860,7,2025-10-01,2.0,False
860,8,2025-11-01,2.0,False
860,9,2025-12-01,2.0,False
861,0,2025-03-02,1.0,False
861,1,2025-04-02,1.0,False
861,2,2025-05-02,1.0,False
861,3,2025-06-02,3.0,False
861,4,2025-07-02,3.0,False
861,5,2025-08-02,3.0,False
861,6,2025-09-02,4.0,False
861,7,2025-10-02,4.0,False
861,8,2025-11-02,4.0,False
861,9,2025-12-02,4.0,False
864,0,2025-03-03,25.0,False
864,1,2025-04-03,25.0,False
864,2,2025-05-03,25.0,False
864,3,2025-06-03,25.0,False
864,4,2025-07-03,25.0,False
864,5,2025-08-03,25.0,False
864,6,2025-09-03,25.0,False
864,7,2025-10-03,25.0,False
864,8,2025-11-03,25.0,False
864,9,2025-12-03,25.0,False
865,0,2025-03-04,27.0,False
865,1,2025-04-04,27.0,False
865,2,2025-05-04,27.0,False
865,3,2025-06-04,27.0,False
865,4,2025-07-04,27.0,False
865,5,2025-08-04,27.0,False
865,6,2025-09-04,27.0,False
865,7,2025-10-04,27.0,False
865,8,2025-11-04,27.0,False
865,9,2025-12-04,27.0,False
866,0,2025-03-04,5.0,False
866,1,2025-04-04,5.0,False
866,2,2025-05-04,5.0,True
871,0,2025-03-05,26.0,False
871,1,2025-04-05,26.0,False
871,2,2025-05-05,26.0,False
871,3,2025-06-05,26.0,False
871,4,2025-07-05,26.0,False
871,5,2025-08-05,26.0,False
871,6,2025-09-05,26.0,False
871,7,2025-10-05,26.0,False
871,8,2025-11-05,26.0,False
871,9,2025-12-05,26.0,False
873,0,2025-03-05,6.0,False
873,1,2025-04-05,6.0,False
873,2,2025-05-05,6.0,False
873,3,2025-06-05,6.0,False
873,4,2025-07-05,6.0,False
873,5,2025-08-05,6.0,False
873,6,2025-09-05,6.0,True
874,0,2025-03-05,2.0,False
874,1,2025-04-05,2.0,False
874,2,2025-05-05,4.0,False
874,3,2025-06-05,4.0,False
874,4,2025-07-05,4.0,True
875,0,2025-03-06,5.0,False
875,1,2025-04-06,5.0,False
875,2,2025-05-06,7.0,False
875,3,2025-06-06,7.0,False
875,4,2025-07-06,8.0,False
875,5,2025-08-06,8.0,False
875,6,2025-09-06,8.0,False
875,7,2025-10-06,8.0,False
875,8,2025-11-06,8.0,False
875,9,2025-12-06,8.0,False
877,0,2025-03-06,7.0,False
877,1,2025-04-06,7.0,False
877,2,2025-05-06,7.0,False
877,3,2025-06-06,7.0,False
877,4,2025-07-06,7.0,False
877,5,2025-08-06,7.0,False
877,6,2025-09-06,9.0,False
877,7,2025-10-06,9.0,False
877,8,2025-11-06,9.0,False
877,9,2025-12-06,9.0,False
880,0,2025-03-07,11.0,False
880,1,2025-04-07,11.0,False
880,2,2025-05-07,11.0,False
880,3,2025-06-07,12.0,False
880,4,2025-07-07,12.0,False
880,5,2025-08-07,12.0,False
880,6,2025-09-07,13.0,False
880,7,2025-10-07,13.0,False
880,8,2025-11-07,13.0,False
880,9,2025-12-07,13.0,False
882,0,2025-03-08,3.0,False
882,1,2025-04-08,3.0,False
882,2,2025-05-08,3.0,False
882,3,2025-06-08,4.0,False
882,4,2025-07-08,4.0,False
882,5,2025-08-08,4.0,False
882,6,2025-09-08,4.0,False
882,7,2025-10-08,4.0,False
882,8,2025-11-08,4.0,False
882,9,2025-12-08,4.0,False
888,0,2025-03-10,21.0,False
888,1,2025-04-10,21.0,False
888,2,2025-05-10,21.0,False
888,3,2025-06-10,21.0,False
888,4,2025-07-10,21.0,True
896,0,2025-03-14,3.0,False
896,1,2025-04-14,3.0,False
896,2,2025-05-14,3.0,False
896,3,2025-06-14,3.0,False
896,4,2025-07-14,3.0,False
896,5,2025-08-14,3.0,False
896,6,2025-09-14,3.0,False
896,7,2025-10-14,3.0,False
896,8,2025-11-14,5.0,False
896,9,2025-12-14,5.0,False
918,0,2025-03-19,2.0,False
918,1,2025-04-19,2.0,False
918,2,2025-05-19,2.0,False
918,3,2025-06-19,2.0,False
918,4,2025-07-19,2.0,False
918,5,2025-08-19,2.0,False
918,6,2025-09-19,4.0,False
918,7,2025-10-19,4.0,False
918,8,2025-11-19,4.0,False
918,9,2025-12-19,4.0,False
919,0,2025-03-20,4.0,False
919,1,2025-04-20,4.0,False
919,2,2025-05-20,4.0,False
919,3,2025-06-20,4.0,False
919,4,2025-07-20,4.0,False
919,5,2025-08-20,4.0,True
920,0,2025-03-20,1.0,False
920,1,2025-04-20,1.0,False
920,2,2025-05-20,1.0,False
920,3,2025-06-20,1.0,False
920,4,2025-07-20,1.0,False
920,5,2025-08-20,3.0,False
920,6,2025-09-20,3.0,False
920,7,2025-10-20,3.0,False
920,8,2025-11-20,3.0,False
920,9,2025-12-20,3.0,False
925,0,2025-03-22,2.0,False
925,1,2025-04-22,2.0,False
925,2,2025-05-22,2.0,False
925,3,2025-06-22,2.0,False
925,4,2025-07-22,2.0,False
925,5,2025-08-22,2.0,False
925,6,2025-09-22,2.0,False
925,7,2025-10-22,2.0,False
925,8,2025-11-22,2.0,False
925,9,2025-12-22,2.0,False
927,0,2025-03-24,10.0,False
927,1,2025-04-24,10.0,False
927,2,2025-05-24,10.0,False
927,3,2025-06-24,10.0,False
927,4,2025-07-24,10.0,False
927,5,2025-08-24,10.0,False
927,6,2025-09-24,10.0,False
927,7,2025-10-24,10.0,False
927,8,2025-11-24,10.0,False
927,9,2025-12-24,10.0,False
932,0,2025-03-25,24.0,False
932,1,2025-04-25,24.0,False
932,2,2025-05-25,24.0,False
932,3,2025-06-25,24.0,False
932,4,2025-07-25,24.0,False
932,5,2025-08-25,24.0,False
932,6,2025-09-25,24.0,False
932,7,2025-10-25,24.0,False
932,8,2025-11-25,24.0,False
932,9,2025-12-25,24.0,False
934,0,2025-03-26,21.0,False
934,1,2025-04-26,21.0,False
934,2,2025-05-26,21.0,False
934,3,2025-06-26,21.0,False
934,4,2025-07-26,23.0,False
934,5,2025-08-26,25.0,False
934,6,2025-09-26,25.0,False
934,7,2025-10-26,25.0,False
934,8,2025-11-26,25.0,False
934,9,2025-12-26,25.0,False
947,0,2025-03-30,6.0,False
947,1,2025-04-30,6.0,False
947,2,2025-05-30,6.0,False
947,3,2025-06-30,6.0,False
947,4,2025-07-30,6.0,False
947,5,2025-08-30,6.0,False
947,6,2025-09-30,6.0,False
947,7,2025-10-30,6.0,False
947,8,2025-11-30,6.0,False
947,9,2025-12-30,6.0,False
953,0,2025-04-01,2.0,False
953,1,2025-05-01,2.0,False
953,2,2025-06-01,2.0,False
953,3,2025-07-01,2.0,False
953,4,2025-08-01,2.0,False
953,5,2025-09-01,2.0,False
953,6,2025-10-01,2.0,False
953,7,2025-11-01,2.0,False
953,8,2025-12-01,2.0,False
955,0,2025-04-01,1.0,False
955,1,2025-05-01,1.0,False
955,2,2025-06-01,1.0,False
955,3,2025-07-01,1.0,False
955,4,2025-08-01,1.0,False
955,5,2025-09-01,1.0,False
955,6,2025-10-01,1.0,False
955,7,2025-11-01,1.0,False
955,8,2025-12-01,1.0,False
957,0,2025-04-01,7.0,False
957,1,2025-05-01,7.0,False
957,2,2025-06-01,7.0,False
957,3,2025-07-01,7.0,False
957,4,2025-08-01,7.0,False
957,5,2025-09-01,7.0,False
957,6,2025-10-01,7.0,False
957,7,2025-11-01,7.0,False
957,8,2025-12-01,7.0,False
968,0,2025-04-04,2.0,False
968,1,2025-05-04,2.0,False
968,2,2025-06-04,2.0,False
968,3,2025-07-04,2.0,False
968,4,2025-08-04,2.0,False
968,5,2025-09-04,2.0,False
968,6,2025-10-04,2.0,False
968,7,2025-11-04,2.0,False
968,8,2025-12-04,2.0,False
969,0,2025-04-04,5.0,False
969,1,2025-05-04,5.0,False
969,2,2025-06-04,5.0,False
969,3,2025-07-04,5.0,False
969,4,2025-08-04,5.0,False
969,5,2025-09-04,5.0,False
969,6,2025-10-04,5.0,False
969,7,2025-11-04,5.0,False
969,8,2025-12-04,5.0,False
970,0,2025-04-04,10.0,False
970,1,2025-05-04,10.0,False
970,2,2025-06-04,10.0,False
970,3,2025-07-04,10.0,False
970,4,2025-08-04,11.0,False
970,5,2025-09-04,11.0,False
970,6,2025-10-04,13.0,False
970,7,2025-11-04,13.0,False
970,8,2025-12-04,13.0,False
981,0,2025-04-08,6.0,False
981,1,2025-05-08,6.0,False
981,2,2025-06-08,6.0,False
981,3,2025-07-08,8.0,False
981,4,2025-08-08,8.0,False
981,5,2025-09-08,8.0,False
981,6,2025-10-08,8.0,False
981,7,2025-11-08,8.0,False
981,8,2025-12-08,8.0,False
982,0,2025-04-08,9.0,False
982,1,2025-05-08,9.0,False
982,2,2025-06-08,9.0,False
982,3,2025-07-08,9.0,False
982,4,2025-08-08,9.0,False
982,5,2025-09-08,9.0,False
982,6,2025-10-08,9.0,False
982,7,2025-11-08,9.0,False
982,8,2025-12-08,9.0,False
988,0,2025-04-10,2.0,False
988,1,2025-05-10,2.0,False
988,2,2025-06-10,2.0,False
988,3,2025-07-10,2.0,True
991,0,2025-04-11,7.0,False
991,1,2025-05-11,7.0,False
991,2,2025-06-11,7.0,False
991,3,2025-07-11,7.0,False
991,4,2025-08-11,7.0,False
991,5,2025-09-11,7.0,False
991,6,2025-10-11,7.0,False
991,7,2025-11-11,7.0,False
991,8,2025-12-11,7.0,False
997,0,2025-04-14,3.0,False
997,1,2025-05-14,3.0,False
997,2,2025-06-14,3.0,False
997,3,2025-07-14,3.0,False
997,4,2025-08-14,3.0,False
997,5,2025-09-14,3.0,True
1002,0,2025-04-15,1.0,False
1002,1,2025-05-15,1.0,False
1002,2,2025-06-15,1.0,False
1002,3,2025-07-15,1.0,False
1002,4,2025-08-15,1.0,False
1002,5,2025-09-15,1.0,False
1002,6,2025-10-15,1.0,False
1002,7,2025-11-15,1.0,False
1002,8,2025-12-15,1.0,False
1005,0,2025-04-15,4.0,False
1005,1,2025-05-15,4.0,False
1005,2,2025-06-15,4.0,False
1005,3,2025-07-15,5.0,False
1005,4,2025-08-15,5.0,False
1005,5,2025-09-15,5.0,False
1005,6,2025-10-15,5.0,False
1005,7,2025-11-15,5.0,False
1005,8,2025-12-15,5.0,False
1007,0,2025-04-16,11.0,True
1008,0,2025-04-16,4.0,False
1008,1,2025-05-16,4.0,False
1008,2,2025-06-16,4.0,False
1008,3,2025-07-16,4.0,False
1008,4,2025-08-16,4.0,False
1008,5,2025-09-16,4.0,False
1008,6,2025-10-16,4.0,False
1008,7,2025-11-16,4.0,False
1008,8,2025-12-16,4.0,False
1009,0,2025-04-16,2.0,False
1009,1,2025-05-16,2.0,False
1009,2,2025-06-16,2.0,False
1009,3,2025-07-16,2.0,False
1009,4,2025-08-16,2.0,False
1009,5,2025-09-16,2.0,False
1009,6,2025-10-16,2.0,False
1009,7,2025-11-16,2.0,False
1009,8,2025-12-16,4.0,False
1010,0,2025-04-17,2.0,False
1010,1,2025-05-17,2.0,True
1011,0,2025-04-17,2.0,False
1011,1,2025-05-17,2.0,False
1011,2,2025-06-17,2.0,False
1011,3,2025-07-17,2.0,False
1011,4,2025-08-17,2.0,False
1011,5,2025-09-17,2.0,False
1011,6,2025-10-17,2.0,False
1011,7,2025-11-17,2.0,False
1011,8,2025-12-17,2.0,False
1012,0,2025-04-17,5.0,False
1012,1,2025-05-17,5.0,False
1012,2,2025-06-17,5.0,False
1012,3,2025-07-17,5.0,False
1012,4,2025-08-17,5.0,False
1012,5,2025-09-17,5.0,False
1012,6,2025-10-17,5.0,False
1012,7,2025-11-17,5.0,False
1012,8,2025-12-17,5.0,False
1014,0,2025-04-18,23.0,False
1014,1,2025-05-18,23.0,False
1014,2,2025-06-18,23.0,False
1014,3,2025-07-18,23.0,False
1014,4,2025-08-18,23.0,False
1014,5,2025-09-18,23.0,False
1014,6,2025-10-18,23.0,False
1014,7,2025-11-18,23.0,False
1014,8,2025-12-18,23.0,False
1020,0,2025-04-20,7.0,False
1020,1,2025-05-20,7.0,False
1020,2,2025-06-20,7.0,False
1020,3,2025-07-20,9.0,False
1020,4,2025-08-20,9.0,False
1020,5,2025-09-20,9.0,False
1020,6,2025-10-20,9.0,False
1020,7,2025-11-20,9.0,False
1020,8,2025-12-20,9.0,False
1021,0,2025-04-21,1.0,True
1029,0,2025-04-23,6.0,False
1029,1,2025-05-23,8.0,False
1029,2,2025-06-23,8.0,False
1029,3,2025-07-23,8.0,False
1029,4,2025-08-23,8.0,False
1029,5,2025-09-23,8.0,False
1029,6,2025-10-23,8.0,False
1029,7,2025-11-23,8.0,False
1029,8,2025-12-23,8.0,True
1036,0,2025-04-24,2.0,False
1036,1,2025-05-24,2.0,False
1036,2,2025-06-24,2.0,False
1036,3,2025-07-24,2.0,False
1036,4,2025-08-24,2.0,False
1036,5,2025-09-24,2.0,False
1036,6,2025-10-24,2.0,False
1036,7,2025-11-24,2.0,False
1036,8,2025-12-24,2.0,False
1038,0,2025-04-24,4.0,False
1038,1,2025-05-24,4.0,False
1038,2,2025-06-24,4.0,False
1038,3,2025-07-24,4.0,False
1038,4,2025-08-24,4.0,False
1038,5,2025-09-24,4.0,False
1038,6,2025-10-24,4.0,False
1038,7,2025-11-24,4.0,False
1038,8,2025-12-24,4.0,False
1043,0,2025-04-25,3.0,False
1043,1,2025-05-25,3.0,False
1043,2,2025-06-25,5.0,False
1043,3,2025-07-25,5.0,False
1043,4,2025-08-25,5.0,False
1043,5,2025-09-25,5.0,True
1050,0,2025-04-28,2.0,False
1050,1,2025-05-28,2.0,False
1050,2,2025-06-28,2.0,False
1050,3,2025-07-28,2.0,True
1052,0,2025-04-29,5.0,False
1052,1,2025-05-29,5.0,False
1052,2,2025-06-29,5.0,False
1052,3,2025-07-29,5.0,False
1052,4,2025-08-29,5.0,False
1052,5,2025-09-29,5.0,False
1052,6,2025-10-29,5.0,False
1052,7,2025-11-29,5.0,False
1052,8,2025-12-29,5.0,False
1054,0,2025-04-29,26.0,False
1054,1,2025-05-29,26.0,False
1054,2,2025-06-29,26.0,False
1054,3,2025-07-29,26.0,False
1054,4,2025-08-29,26.0,False
1054,5,2025-09-29,26.0,False
1054,6,2025-10-29,26.0,False
1054,7,2025-11-29,26.0,False
1054,8,2025-12-29,26.0,False
1056,0,2025-04-29,14.0,False
1056,1,2025-05-29,14.0,False
1056,2,2025-06-29,14.0,False
1056,3,2025-07-29,14.0,False
1056,4,2025-08-29,16.0,False
1056,5,2025-09-29,16.0,False
1056,6,2025-10-29,16.0,False
1056,7,2025-11-29,16.0,True
1059,0,2025-05-01,7.0,False
1059,1,2025-06-01,7.0,False
1059,2,2025-07-01,7.0,False
1059,3,2025-08-01,7.0,False
1059,4,2025-09-01,7.0,False
1059,5,2025-10-01,7.0,False
1059,6,2025-11-01,7.0,False
1059,7,2025-12-01,7.0,False
1061,0,2025-05-02,19.0,False
1061,1,2025-06-02,19.0,False
1061,2,2025-07-02,19.0,False
1061,3,2025-08-02,19.0,False
1061,4,2025-09-02,21.0,False
1061,5,2025-10-02,21.0,False
1061,6,2025-11-02,21.0,False
1061,7,2025-12-02,21.0,False
1064,0,2025-05-03,1.0,False
1064,1,2025-06-03,1.0,False
1064,2,2025-07-03,1.0,False
1064,3,2025-08-03,1.0,False
1064,4,2025-09-03,1.0,False
1064,5,2025-10-03,1.0,False
1064,6,2025-11-03,1.0,False
1064,7,2025-12-03,1.0,False
1078,0,2025-05-08,9.0,False
1078,1,2025-06-08,9.0,False
1078,2,2025-07-08,9.0,False
1078,3,2025-08-08,9.0,False
1078,4,2025-09-08,9.0,False
1078,5,2025-10-08,9.0,False
1078,6,2025-11-08,9.0,False
1078,7,2025-12-08,9.0,False
1081,0,2025-05-08,6.0,False
1081,1,2025-06-08,6.0,False
1081,2,2025-07-08,6.0,False
1081,3,2025-08-08,6.0,False
1081,4,2025-09-08,6.0,False
1081,5,2025-10-08,6.0,False
1081,6,2025-11-08,6.0,False
1081,7,2025-12-08,6.0,False
1083,0,2025-05-08,10.0,True
1090,0,2025-05-11,10.0,False
1090,1,2025-06-11,10.0,False
1090,2,2025-07-11,10.0,False
1090,3,2025-08-11,10.0,False
1090,4,2025-09-11,10.0,False
1090,5,2025-10-11,11.0,False
1090,6,2025-11-11,11.0,False
1090,7,2025-12-11,11.0,False
1095,0,2025-05-12,4.0,False
1095,1,2025-06-12,4.0,False
1095,2,2025-07-12,4.0,False
1095,3,2025-08-12,4.0,False
1095,4,2025-09-12,4.0,False
1095,5,2025-10-12,5.0,False
1095,6,2025-11-12,5.0,False
1095,7,2025-12-12,5.0,False
1105,0,2025-05-14,20.0,False
1105,1,2025-06-14,20.0,False
1105,2,2025-07-14,20.0,False
1105,3,2025-08-14,20.0,False
1105,4,2025-09-14,20.0,False
1105,5,2025-10-14,20.0,False
1105,6,2025-11-14,20.0,False
1105,7,2025-12-14,20.0,False
1106,0,2025-05-14,4.0,False
1106,1,2025-06-14,4.0,False
1106,2,2025-07-14,4.0,False
1106,3,2025-08-14,4.0,False
1106,4,2025-09-14,4.0,False
1106,5,2025-10-14,4.0,False
1106,6,2025-11-14,4.0,False
1106,7,2025-12-14,4.0,False
1107,0,2025-05-15,9.0,False
1107,1,2025-06-15,9.0,False
1107,2,2025-07-15,9.0,False
1107,3,2025-08-15,9.0,False
1107,4,2025-09-15,9.0,False
1107,5,2025-10-15,9.0,False
1107,6,2025-11-15,9.0,False
1107,7,2025-12-15,9.0,False
1108,0,2025-05-15,3.0,False
1108,1,2025-06-15,3.0,False
1108,2,2025-07-15,3.0,False
1108,3,2025-08-15,3.0,False
1108,4,2025-09-15,3.0,False
1108,5,2025-10-15,3.0,False
1108,6,2025-11-15,3.0,False
1108,7,2025-12-15,3.0,False
1114,0,2025-05-16,4.0,False
1114,1,2025-06-16,4.0,False
1114,2,2025-07-16,5.0,False
1114,3,2025-08-16,5.0,False
1114,4,2025-09-16,5.0,False
1114,5,2025-10-16,5.0,False
1114,6,2025-11-16,5.0,False
1114,7,2025-12-16,5.0,False
1115,0,2025-05-16,1.0,False
1115,1,2025-06-16,1.0,False
1115,2,2025-07-16,1.0,False
1115,3,2025-08-16,1.0,False
1115,4,2025-09-16,1.0,False
1115,5,2025-10-16,1.0,False
1115,6,2025-11-16,1.0,False
1115,7,2025-12-16,1.0,False
1116,0,2025-05-17,4.0,False
1116,1,2025-06-17,4.0,False
1116,2,2025-07-17,4.0,False
1116,3,2025-08-17,4.0,False
1116,4,2025-09-17,4.0,False
1116,5,2025-10-17,4.0,False
1116,6,2025-11-17,4.0,False
1116,7,2025-12-17,4.0,False
1117,0,2025-05-17,7.0,False
1117,1,2025-06-17,7.0,False
1117,2,2025-07-17,7.0,False
1117,3,2025-08-17,7.0,False
1117,4,2025-09-17,7.0,False
1117,5,2025-10-17,8.0,False
1117,6,2025-11-17,8.0,False
1117,7,2025-12-17,8.0,False
1120,0,2025-05-19,1.0,False
1120,1,2025-06-19,1.0,False
1120,2,2025-07-19,1.0,False
1120,3,2025-08-19,1.0,False
1120,4,2025-09-19,1.0,True
1122,0,2025-05-19,10.0,False
1122,1,2025-06-19,10.0,False
1122,2,2025-07-19,10.0,False
1122,3,2025-08-19,10.0,False
1122,4,2025-09-19,10.0,False
1122,5,2025-10-19,10.0,False
1122,6,2025-11-19,10.0,False
1122,7,2025-12-19,10.0,False
1124,0,2025-05-19,9.0,False
1124,1,2025-06-19,9.0,False
1124,2,2025-07-19,9.0,False
1124,3,2025-08-19,9.0,False
1124,4,2025-09-19,9.0,False
1124,5,2025-10-19,9.0,False
1124,6,2025-11-19,11.0,False
1124,7,2025-12-19,11.0,False
1145,0,2025-05-27,2.0,False
1145,1,2025-06-27,2.0,False
1145,2,2025-07-27,2.0,False
1145,3,2025-08-27,2.0,False
1145,4,2025-09-27,4.0,False
1145,5,2025-10-27,4.0,False
1145,6,2025-11-27,4.0,False
1145,7,2025-12-27,4.0,False
1151,0,2025-05-28,2.0,False
1151,1,2025-06-28,2.0,False
1151,2,2025-07-28,2.0,False
1151,3,2025-08-28,2.0,False
1151,4,2025-09-28,2.0,False
1151,5,2025-10-28,2.0,False
1151,6,2025-11-28,2.0,False
1151,7,2025-12-28,2.0,False
1153,0,2025-05-29,1.0,False
1153,1,2025-06-29,1.0,False
1153,2,2025-07-29,1.0,False
1153,3,2025-08-29,1.0,False
1153,4,2025-09-29,1.0,False
1153,5,2025-10-29,1.0,False
1153,6,2025-11-29,1.0,False
1153,7,2025-12-29,1.0,True
1156,0,2025-05-30,2.0,False
1156,1,2025-06-30,2.0,False
1156,2,2025-07-30,2.0,False
1156,3,2025-08-30,2.0,False
1156,4,2025-09-30,2.0,False
1156,5,2025-10-30,2.0,False
1156,6,2025-11-30,2.0,False
1156,7,2025-12-30,2.0,False
1157,0,2025-05-30,5.0,False
1157,1,2025-06-30,5.0,False
1157,2,2025-07-30,5.0,False
1157,3,2025-08-30,5.0,False
1157,4,2025-09-30,5.0,False
1157,5,2025-10-30,5.0,False
1157,6,2025-11-30,5.0,False
1157,7,2025-12-30,5.0,False
1160,0,2025-06-01,1.0,False
1160,1,2025-07-01,1.0,False
1160,2,2025-08-01,1.0,False
1160,3,2025-09-01,1.0,True
1161,0,2025-06-01,4.0,False
1161,1,2025-07-01,4.0,False
1161,2,2025-08-01,4.0,False
1161,3,2025-09-01,4.0,False
1161,4,2025-10-01,4.0,False
1161,5,2025-11-01,4.0,False
1161,6,2025-12-01,4.0,False
1165,0,2025-06-03,2.0,False
1165,1,2025-07-03,2.0,False
1165,2,2025-08-03,2.0,False
1165,3,2025-09-03,2.0,False
1165,4,2025-10-03,2.0,False
1165,5,2025-11-03,2.0,False
1165,6,2025-12-03,2.0,False
1167,0,2025-06-03,1.0,False
1167,1,2025-07-03,1.0,False
1167,2,2025-08-03,2.0,False
1167,3,2025-09-03,2.0,False
1167,4,2025-10-03,2.0,False
1167,5,2025-11-03,2.0,False
1167,6,2025-12-03,2.0,False
1172,0,2025-06-04,27.0,False
1172,1,2025-07-04,27.0,False
1172,2,2025-08-04,27.0,False
1172,3,2025-09-04,27.0,False
1172,4,2025-10-04,27.0,False
1172,5,2025-11-04,27.0,False
1172,6,2025-12-04,27.0,False
1173,0,2025-06-04,10.0,False
1173,1,2025-07-04,10.0,True
1182,0,2025-06-06,1.0,False
1182,1,2025-07-06,1.0,False
1182,2,2025-08-06,1.0,False
1182,3,2025-09-06,1.0,False
1182,4,2025-10-06,1.0,False
1182,5,2025-11-06,1.0,False
1182,6,2025-12-06,1.0,False
1192,0,2025-06-08,4.0,False
1192,1,2025-07-08,4.0,False
1192,2,2025-08-08,4.0,False
1192,3,2025-09-08,4.0,False
1192,4,2025-10-08,4.0,False
1192,5,2025-11-08,4.0,False
1192,6,2025-12-08,4.0,False
1195,0,2025-06-09,5.0,False
1195,1,2025-07-09,5.0,False
1195,2,2025-08-09,5.0,False
1195,3,2025-09-09,5.0,False
1195,4,2025-10-09,5.0,False
1195,5,2025-11-09,5.0,False
1195,6,2025-12-09,5.0,True
1198,0,2025-06-10,12.0,False
1198,1,2025-07-10,12.0,False
1198,2,2025-08-10,12.0,False
1198,3,2025-09-10,14.0,False
1198,4,2025-10-10,14.0,False
1198,5,2025-11-10,14.0,False
1198,6,2025-12-10,14.0,False
1201,0,2025-06-10,8.0,False
1201,1,2025-07-10,8.0,False
1201,2,2025-08-10,8.0,False
1201,3,2025-09-10,8.0,False
1201,4,2025-10-10,8.0,False
1201,5,2025-11-10,8.0,False
1201,6,2025-12-10,8.0,False
1203,0,2025-06-10,10.0,False
1203,1,2025-07-10,10.0,False
1203,2,2025-08-10,10.0,False
1203,3,2025-09-10,10.0,False
1203,4,2025-10-10,10.0,False
1203,5,2025-11-10,10.0,False
1203,6,2025-12-10,10.0,False
1205,0,2025-06-11,4.0,False
1205,1,2025-07-11,4.0,False
1205,2,2025-08-11,4.0,False
1205,3,2025-09-11,4.0,False
1205,4,2025-10-11,5.0,False
1205,5,2025-11-11,5.0,False
1205,6,2025-12-11,5.0,False
1208,0,2025-06-12,3.0,False
1208,1,2025-07-12,3.0,False
1208,2,2025-08-12,3.0,False
1208,3,2025-09-12,3.0,False
1208,4,2025-10-12,3.0,False
1208,5,2025-11-12,3.0,False
1208,6,2025-12-12,3.0,True
1217,0,2025-06-15,11.0,False
1217,1,2025-07-15,11.0,False
1217,2,2025-08-15,11.0,False
1217,3,2025-09-15,11.0,False
1217,4,2025-10-15,11.0,False
1217,5,2025-11-15,11.0,False
1217,6,2025-12-15,11.0,False
1220,0,2025-06-16,22.0,True
1226,0,2025-06-18,10.0,False
1226,1,2025-07-18,10.0,False
1226,2,2025-08-18,10.0,False
1226,3,2025-09-18,10.0,False
1226,4,2025-10-18,10.0,False
1226,5,2025-11-18,10.0,False
1226,6,2025-12-18,11.0,False
1235,0,2025-06-19,2.0,False
1235,1,2025-07-19,2.0,False
1235,2,2025-08-19,2.0,False
1235,3,2025-09-19,2.0,False
1235,4,2025-10-19,2.0,False
1235,5,2025-11-19,2.0,False
1235,6,2025-12-19,2.0,False
1236,0,2025-06-19,13.0,False
1236,1,2025-07-19,13.0,False
1236,2,2025-08-19,13.0,False
1236,3,2025-09-19,13.0,False
1236,4,2025-10-19,13.0,False
1236,5,2025-11-19,13.0,True
1248,0,2025-06-24,9.0,False
1248,1,2025-07-24,9.0,False
1248,2,2025-08-24,9.0,True
1258,0,2025-06-27,2.0,False
1258,1,2025-07-27,2.0,True
1259,0,2025-06-27,3.0,False
1259,1,2025-07-27,3.0,False
1259,2,2025-08-27,3.0,False
1259,3,2025-09-27,3.0,False
1259,4,2025-10-27,3.0,False
1259,5,2025-11-27,3.0,False
1259,6,2025-12-27,3.0,False
1271,0,2025-07-01,1.0,False
1271,1,2025-08-01,1.0,False
1271,2,2025-09-01,1.0,False
1271,3,2025-10-01,1.0,False
1271,4,2025-11-01,1.0,False
1271,5,2025-12-01,1.0,False
1276,0,2025-07-02,6.0,True
1278,0,2025-07-03,3.0,False
1278,1,2025-08-03,3.0,False
1278,2,2025-09-03,3.0,False
1278,3,2025-10-03,3.0,True
1279,0,2025-07-03,21.0,False
1279,1,2025-08-03,21.0,False
1279,2,2025-09-03,21.0,False
1279,3,2025-10-03,21.0,False
1279,4,2025-11-03,21.0,False
1279,5,2025-12-03,21.0,False
1281,0,2025-07-03,8.0,False
1281,1,2025-08-03,8.0,False
1281,2,2025-09-03,8.0,False
1281,3,2025-10-03,8.0,False
1281,4,2025-11-03,8.0,False
1281,5,2025-12-03,8.0,False
1285,0,2025-07-04,8.0,False
1285,1,2025-08-04,8.0,False
1285,2,2025-09-04,8.0,False
1285,3,2025-10-04,8.0,False
1285,4,2025-11-04,10.0,False
1285,5,2025-12-04,10.0,False
1287,0,2025-07-04,12.0,False
1287,1,2025-08-04,12.0,False
1287,2,2025-09-04,12.0,False
1287,3,2025-10-04,12.0,False
1287,4,2025-11-04,12.0,False
1287,5,2025-12-04,12.0,False
1288,0,2025-07-04,6.0,False
1288,1,2025-08-04,8.0,False
1288,2,2025-09-04,8.0,True
1289,0,2025-07-04,1.0,False
1289,1,2025-08-04,1.0,False
1289,2,2025-09-04,1.0,False
1289,3,2025-10-04,1.0,False
1289,4,2025-11-04,1.0,False
1289,5,2025-12-04,1.0,False
1294,0,2025-07-06,4.0,False
1294,1,2025-08-06,4.0,False
1294,2,2025-09-06,4.0,False
1294,3,2025-10-06,4.0,False
1294,4,2025-11-06,4.0,False
1294,5,2025-12-06,4.0,False
1297,0,2025-07-07,8.0,False
1297,1,2025-08-07,8.0,False
1297,2,2025-09-07,8.0,False
1297,3,2025-10-07,8.0,False
1297,4,2025-11-07,8.0,False
1297,5,2025-12-07,8.0,False
1298,0,2025-07-08,2.0,False
1298,1,2025-08-08,2.0,False
1298,2,2025-09-08,2.0,False
1298,3,2025-10-08,2.0,False
1298,4,2025-11-08,2.0,False
1298,5,2025-12-08,2.0,False
1300,0,2025-07-08,9.0,False
1300,1,2025-08-08,11.0,False
1300,2,2025-09-08,11.0,False
1300,3,2025-10-08,11.0,False
1300,4,2025-11-08,11.0,False
1300,5,2025-12-08,11.0,False
1301,0,2025-07-09,9.0,False
1301,1,2025-08-09,9.0,False
1301,2,2025-09-09,9.0,False
1301,3,2025-10-09,9.0,False
1301,4,2025-11-09,9.0,False
1301,5,2025-12-09,9.0,False
1302,0,2025-07-09,11.0,False
1302,1,2025-08-09,11.0,False
1302,2,2025-09-09,11.0,False
1302,3,2025-10-09,11.0,False
1302,4,2025-11-09,11.0,False
1302,5,2025-12-09,11.0,False
1303,0,2025-07-09,11.0,False
1303,1,2025-08-09,11.0,False
1303,2,2025-09-09,11.0,False
1303,3,2025-10-09,11.0,False
1303,4,2025-11-09,11.0,False
1303,5,2025-12-09,11.0,False
1304,0,2025-07-10,11.0,False
1304,1,2025-08-10,11.0,False
1304,2,2025-09-10,11.0,False
1304,3,2025-10-10,11.0,False
1304,4,2025-11-10,11.0,False
1304,5,2025-12-10,11.0,False
1310,0,2025-07-11,6.0,False
1310,1,2025-08-11,6.0,False
1310,2,2025-09-11,6.0,False
1310,3,2025-10-11,6.0,False
1310,4,2025-11-11,6.0,False
1310,5,2025-12-11,7.0,False
1312,0,2025-07-11,17.0,False
1312,1,2025-08-11,17.0,False
1312,2,2025-09-11,17.0,False
1312,3,2025-10-11,17.0,False
1312,4,2025-11-11,17.0,False
1312,5,2025-12-11,17.0,False
1315,0,2025-07-11,5.0,False
1315,1,2025-08-11,5.0,False
1315,2,2025-09-11,7.0,False
1315,3,2025-10-11,7.0,False
1315,4,2025-11-11,7.0,False
1315,5,2025-12-11,7.0,False
1318,0,2025-07-12,4.0,False
1318,1,2025-08-12,6.0,False
1318,2,2025-09-12,6.0,False
1318,3,2025-10-12,6.0,False
1318,4,2025-11-12,6.0,False
1318,5,2025-12-12,6.0,False
1324,0,2025-07-14,2.0,False
1324,1,2025-08-14,2.0,False
1324,2,2025-09-14,2.0,False
1324,3,2025-10-14,2.0,False
1324,4,2025-11-14,2.0,False
1324,5,2025-12-14,2.0,False
1331,0,2025-07-15,2.0,False
1331,1,2025-08-15,4.0,False
1331,2,2025-09-15,4.0,False
1331,3,2025-10-15,4.0,False
1331,4,2025-11-15,4.0,False
1331,5,2025-12-15,5.0,False
1332,0,2025-07-15,4.0,False
1332,1,2025-08-15,4.0,False
1332,2,2025-09-15,4.0,False
1332,3,2025-10-15,4.0,False
1332,4,2025-11-15,4.0,False
1332,5,2025-12-15,4.0,False
1338,0,2025-07-16,24.0,False
1338,1,2025-08-16,24.0,False
1338,2,2025-09-16,24.0,False
1338,3,2025-10-16,24.0,False
1338,4,2025-11-16,24.0,False
1338,5,2025-12-16,24.0,False
1340,0,2025-07-17,23.0,False
1340,1,2025-08-17,23.0,False
1340,2,2025-09-17,23.0,False
1340,3,2025-10-17,23.0,False
1340,4,2025-11-17,23.0,False
1340,5,2025-12-17,23.0,False
1343,0,2025-07-18,22.0,False
1343,1,2025-08-18,22.0,False
1343,2,2025-09-18,22.0,False
1343,3,2025-10-18,22.0,False
1343,4,2025-11-18,22.0,False
1343,5,2025-12-18,22.0,False
1348,0,2025-07-21,2.0,False
1348,1,2025-08-21,2.0,False
1348,2,2025-09-21,2.0,False
1348,3,2025-10-21,2.0,False
1348,4,2025-11-21,2.0,False
1348,5,2025-12-21,2.0,False
1352,0,2025-07-22,28.0,False
1352,1,2025-08-22,28.0,False
1352,2,2025-09-22,28.0,False
1352,3,2025-10-22,28.0,False
1352,4,2025-11-22,28.0,False
1352,5,2025-12-22,28.0,False
1353,0,2025-07-22,2.0,False
1353,1,2025-08-22,2.0,False
1353,2,2025-09-22,2.0,False
1353,3,2025-10-22,2.0,False
1353,4,2025-11-22,2.0,False
1353,5,2025-12-22,2.0,False
1354,0,2025-07-23,6.0,False
1354,1,2025-08-23,6.0,False
1354,2,2025-09-23,6.0,False
1354,3,2025-10-23,6.0,False
1354,4,2025-11-23,6.0,False
1354,5,2025-12-23,6.0,False
1362,0,2025-07-25,2.0,False
1362,1,2025-08-25,3.0,False
1362,2,2025-09-25,3.0,False
1362,3,2025-10-25,5.0,False
1362,4,2025-11-25,5.0,False
1362,5,2025-12-25,5.0,False
1372,0,2025-07-29,3.0,False
1372,1,2025-08-29,3.0,False
1372,2,2025-09-29,3.0,False
1372,3,2025-10-29,3.0,False
1372,4,2025-11-29,3.0,False
1372,5,2025-12-29,3.0,False
1373,0,2025-07-29,1.0,False
1373,1,2025-08-29,1.0,False
1373,2,2025-09-29,1.0,False
1373,3,2025-10-29,1.0,False
1373,4,2025-11-29,1.0,False
1373,5,2025-12-29,1.0,True
1375,0,2025-07-30,1.0,False
1375,1,2025-08-30,1.0,False
1375,2,2025-09-30,3.0,False
1375,3,2025-10-30,3.0,False
1375,4,2025-11-30,3.0,False
1375,5,2025-12-30,3.0,False
1384,0,2025-08-01,6.0,False
1384,1,2025-09-01,6.0,False
1384,2,2025-10-01,6.0,False
1384,3,2025-11-01,6.0,False
1384,4,2025-12-01,6.0,False
1388,0,2025-08-03,3.0,False
1388,1,2025-09-03,3.0,False
1388,2,2025-10-03,3.0,False
1388,3,2025-11-03,3.0,False
1388,4,2025-12-03,3.0,False
1397,0,2025-08-05,22.0,False
1397,1,2025-09-05,22.0,False
1397,2,2025-10-05,22.0,False
1397,3,2025-11-05,22.0,False
1397,4,2025-12-05,22.0,False
1401,0,2025-08-05,3.0,False
1401,1,2025-09-05,3.0,False
1401,2,2025-10-05,3.0,False
1401,3,2025-11-05,3.0,False
1401,4,2025-12-05,3.0,False
1402,0,2025-08-06,20.0,False
1402,1,2025-09-06,20.0,False
1402,2,2025-10-06,20.0,False
1402,3,2025-11-06,20.0,False
1402,4,2025-12-06,20.0,False
1409,0,2025-08-07,10.0,False
1409,1,2025-09-07,10.0,False
1409,2,2025-10-07,10.0,False
1409,3,2025-11-07,10.0,False
1409,4,2025-12-07,10.0,False
1412,0,2025-08-08,11.0,False
1412,1,2025-09-08,11.0,False
1412,2,2025-10-08,11.0,False
1412,3,2025-11-08,11.0,False
1412,4,2025-12-08,11.0,False
1416,0,2025-08-09,4.0,False
1416,1,2025-09-09,4.0,False
1416,2,2025-10-09,4.0,False
1416,3,2025-11-09,4.0,False
1416,4,2025-12-09,4.0,True
1419,0,2025-08-11,6.0,False
1419,1,2025-09-11,6.0,False
1419,2,2025-10-11,6.0,False
1419,3,2025-11-11,6.0,False
1419,4,2025-12-11,6.0,False
1420,0,2025-08-11,2.0,False
1420,1,2025-09-11,2.0,False
1420,2,2025-10-11,2.0,False
1420,3,2025-11-11,2.0,False
1420,4,2025-12-11,2.0,False
1422,0,2025-08-12,8.0,False
1422,1,2025-09-12,8.0,False
1422,2,2025-10-12,8.0,False
1422,3,2025-11-12,8.0,False
1422,4,2025-12-12,8.0,False
1424,0,2025-08-12,3.0,False
1424,1,2025-09-12,3.0,False
1424,2,2025-10-12,3.0,False
1424,3,2025-11-12,3.0,False
1424,4,2025-12-12,3.0,False
1425,0,2025-08-12,1.0,False
1425,1,2025-09-12,1.0,False
1425,2,2025-10-12,1.0,False
1425,3,2025-11-12,1.0,False
1425,4,2025-12-12,1.0,False
1427,0,2025-08-13,1.0,False
1427,1,2025-09-13,1.0,True
1429,0,2025-08-13,11.0,False
1429,1,2025-09-13,12.0,False
1429,2,2025-10-13,12.0,False
1429,3,2025-11-13,12.0,False
1429,4,2025-12-13,12.0,False
1435,0,2025-08-15,3.0,False
1435,1,2025-09-15,3.0,False
1435,2,2025-10-15,5.0,False
1435,3,2025-11-15,5.0,False
1435,4,2025-12-15,5.0,False
1436,0,2025-08-15,3.0,False
1436,1,2025-09-15,3.0,False
1436,2,2025-10-15,3.0,False
1436,3,2025-11-15,3.0,False
1436,4,2025-12-15,3.0,False
1437,0,2025-08-16,5.0,False
1437,1,2025-09-16,5.0,False
1437,2,2025-10-16,5.0,False
1437,3,2025-11-16,5.0,False
1437,4,2025-12-16,6.0,False
1442,0,2025-08-19,3.0,False
1442,1,2025-09-19,3.0,False
1442,2,2025-10-19,3.0,False
1442,3,2025-11-19,3.0,False
1442,4,2025-12-19,3.0,False
1444,0,2025-08-19,8.0,False
1444,1,2025-09-19,8.0,False
1444,2,2025-10-19,8.0,False
1444,3,2025-11-19,8.0,False
1444,4,2025-12-19,8.0,False
1450,0,2025-08-21,1.0,False
1450,1,2025-09-21,1.0,False
1450,2,2025-10-21,1.0,False
1450,3,2025-11-21,1.0,False
1450,4,2025-12-21,1.0,False
1452,0,2025-08-22,2.0,False
1452,1,2025-09-22,2.0,True
1460,0,2025-08-25,2.0,False
1460,1,2025-09-25,2.0,False
1460,2,2025-10-25,2.0,False
1460,3,2025-11-25,2.0,False
1460,4,2025-12-25,2.0,False
1461,0,2025-08-25,5.0,False
1461,1,2025-09-25,5.0,False
1461,2,2025-10-25,5.0,False
1461,3,2025-11-25,5.0,False
1461,4,2025-12-25,5.0,False
1468,0,2025-08-27,8.0,False
1468,1,2025-09-27,8.0,False
1468,2,2025-10-27,8.0,True
1470,0,2025-08-28,6.0,False
1470,1,2025-09-28,6.0,False
1470,2,2025-10-28,6.0,False
1470,3,2025-11-28,6.0,False
1470,4,2025-12-28,6.0,False
1476,0,2025-08-30,1.0,False
1476,1,2025-09-30,1.0,False
1476,2,2025-10-30,1.0,False
1476,3,2025-11-30,1.0,False
1476,4,2025-12-30,1.0,False
1479,0,2025-08-31,27.0,False
1479,1,2025-09-30,27.0,False
1479,2,2025-10-30,27.0,False
1479,3,2025-11-30,27.0,False
1479,4,2025-12-30,27.0,False
1480,0,2025-09-01,3.0,False
1480,1,2025-10-01,3.0,False
1480,2,2025-11-01,3.0,False
1480,3,2025-12-01,3.0,False
1484,0,2025-09-02,8.0,False
1484,1,2025-10-02,8.0,False
1484,2,2025-11-02,8.0,False
1484,3,2025-12-02,8.0,False
1495,0,2025-09-05,25.0,False
1495,1,2025-10-05,25.0,False
1495,2,2025-11-05,25.0,False
1495,3,2025-12-05,25.0,False
1496,0,2025-09-05,6.0,False
1496,1,2025-10-05,6.0,False
1496,2,2025-11-05,6.0,False
1496,3,2025-12-05,6.0,False
1502,0,2025-09-08,7.0,False
1502,1,2025-10-08,8.0,False
1502,2,2025-11-08,8.0,False
1502,3,2025-12-08,8.0,False
1505,0,2025-09-08,11.0,False
1505,1,2025-10-08,11.0,False
1505,2,2025-11-08,11.0,False
1505,3,2025-12-08,11.0,False
1508,0,2025-09-08,1.0,False
1508,1,2025-10-08,1.0,False
1508,2,2025-11-08,1.0,False
1508,3,2025-12-08,1.0,False
1509,0,2025-09-09,3.0,False
1509,1,2025-10-09,3.0,False
1509,2,2025-11-09,3.0,False
1509,3,2025-12-09,3.0,False
1516,0,2025-09-12,9.0,False
1516,1,2025-10-12,9.0,False
1516,2,2025-11-12,9.0,False
1516,3,2025-12-12,9.0,False
1525,0,2025-09-16,4.0,False
1525,1,2025-10-16,4.0,False
1525,2,2025-11-16,4.0,True
1526,0,2025-09-16,12.0,False
1526,1,2025-10-16,12.0,False
1526,2,2025-11-16,12.0,False
1526,3,2025-12-16,12.0,False
1527,0,2025-09-17,2.0,False
1527,1,2025-10-17,2.0,False
1527,2,2025-11-17,2.0,False
1527,3,2025-12-17,2.0,False
1529,0,2025-09-17,24.0,False
1529,1,2025-10-17,24.0,False
1529,2,2025-11-17,24.0,False
1529,3,2025-12-17,24.0,False
1541,0,2025-09-19,5.0,False
1541,1,2025-10-19,5.0,False
1541,2,2025-11-19,5.0,False
1541,3,2025-12-19,5.0,False
1542,0,2025-09-19,3.0,False
1542,1,2025-10-19,3.0,False
1542,2,2025-11-19,3.0,True
1544,0,2025-09-19,14.0,False
1544,1,2025-10-19,14.0,False
1544,2,2025-11-19,14.0,False
1544,3,2025-12-19,14.0,True
1549,0,2025-09-22,1.0,False
1549,1,2025-10-22,1.0,False
1549,2,2025-11-22,1.0,False
1549,3,2025-12-22,1.0,False
1554,0,2025-09-23,1.0,False
1554,1,2025-10-23,1.0,False
1554,2,2025-11-23,1.0,False
1554,3,2025-12-23,1.0,False
1557,0,2025-09-24,12.0,False
1557,1,2025-10-24,12.0,False
1557,2,2025-11-24,12.0,False
1557,3,2025-12-24,12.0,False
1558,0,2025-09-24,3.0,False
1558,1,2025-10-24,3.0,False
1558,2,2025-11-24,3.0,False
1558,3,2025-12-24,4.0,False
1560,0,2025-09-24,3.0,False
1560,1,2025-10-24,3.0,False
1560,2,2025-11-24,3.0,False
1560,3,2025-12-24,3.0,False
1566,0,2025-09-25,8.0,False
1566,1,2025-10-25,10.0,False
1566,2,2025-11-25,10.0,False
1566,3,2025-12-25,10.0,False
1571,0,2025-09-26,1.0,False
1571,1,2025-10-26,1.0,False
1571,2,2025-11-26,1.0,False
1571,3,2025-12-26,1.0,False
1579,0,2025-09-30,6.0,False
1579,1,2025-10-30,6.0,False
1579,2,2025-11-30,8.0,False
1579,3,2025-12-30,8.0,False
1582,0,2025-09-30,5.0,False
1582,1,2025-10-30,5.0,False
1582,2,2025-11-30,5.0,False
1582,3,2025-12-30,5.0,False
1586,0,2025-10-01,25.0,False
1586,1,2025-11-01,25.0,False
1586,2,2025-12-01,25.0,False
1588,0,2025-10-02,20.0,False
1588,1,2025-11-02,20.0,False
1588,2,2025-12-02,20.0,False
1593,0,2025-10-03,7.0,False
1593,1,2025-11-03,7.0,False
1593,2,2025-12-03,7.0,True
1595,0,2025-10-03,4.0,True
1599,0,2025-10-04,8.0,False
1599,1,2025-11-04,8.0,False
1599,2,2025-12-04,8.0,False
1602,0,2025-10-06,3.0,False
1602,1,2025-11-06,3.0,False
1602,2,2025-12-06,3.0,False
1603,0,2025-10-06,2.0,True
1604,0,2025-10-06,7.0,False
1604,1,2025-11-06,7.0,True
1605,0,2025-10-07,3.0,False
1605,1,2025-11-07,3.0,False
1605,2,2025-12-07,3.0,False
1606,0,2025-10-07,3.0,False
1606,1,2025-11-07,3.0,False
1606,2,2025-12-07,3.0,False
1607,0,2025-10-07,3.0,False
1607,1,2025-11-07,3.0,False
1607,2,2025-12-07,3.0,False
1612,0,2025-10-09,7.0,False
1612,1,2025-11-09,7.0,False
1612,2,2025-12-09,7.0,False
1616,0,2025-10-10,26.0,False
1616,1,2025-11-10,26.0,False
1616,2,2025-12-10,26.0,False
1618,0,2025-10-10,3.0,True
1621,0,2025-10-11,2.0,False
1621,1,2025-11-11,2.0,False
1621,2,2025-12-11,2.0,False
1623,0,2025-10-11,3.0,False
1623,1,2025-11-11,3.0,True
1625,0,2025-10-12,4.0,False
1625,1,2025-11-12,4.0,False
1625,2,2025-12-12,4.0,False
1629,0,2025-10-13,4.0,False
1629,1,2025-11-13,4.0,False
1629,2,2025-12-13,4.0,False
1630,0,2025-10-13,23.0,False
1630,1,2025-11-13,23.0,False
1630,2,2025-12-13,23.0,False
1631,0,2025-10-13,5.0,False
1631,1,2025-11-13,5.0,False
1631,2,2025-12-13,5.0,False
1632,0,2025-10-13,24.0,False
1632,1,2025-11-13,24.0,False
1632,2,2025-12-13,24.0,False
1636,0,2025-10-14,5.0,False
1636,1,2025-11-14,5.0,False
1636,2,2025-12-14,5.0,False
1637,0,2025-10-14,32.0,False
1637,1,2025-11-14,32.0,False
1637,2,2025-12-14,32.0,False
1644,0,2025-10-15,4.0,False
1644,1,2025-11-15,4.0,False
1644,2,2025-12-15,4.0,False
1645,0,2025-10-15,10.0,False
1645,1,2025-11-15,10.0,False
1645,2,2025-12-15,10.0,False
1657,0,2025-10-20,1.0,False
1657,1,2025-11-20,1.0,False
1657,2,2025-12-20,1.0,True
1660,0,2025-10-20,4.0,False
1660,1,2025-11-20,4.0,False
1660,2,2025-12-20,4.0,False
1664,0,2025-10-21,3.0,False
1664,1,2025-11-21,3.0,False
1664,2,2025-12-21,3.0,False
1668,0,2025-10-22,2.0,False
1668,1,2025-11-22,2.0,False
1668,2,2025-12-22,2.0,False
1670,0,2025-10-22,8.0,False
1670,1,2025-11-22,10.0,False
1670,2,2025-12-22,10.0,False
1674,0,2025-10-23,1.0,False
1674,1,2025-11-23,1.0,False
1674,2,2025-12-23,1.0,False
1675,0,2025-10-24,1.0,False
1675,1,2025-11-24,2.0,False
1675,2,2025-12-24,2.0,False
1677,0,2025-10-25,5.0,False
1677,1,2025-11-25,5.0,False
1677,2,2025-12-25,5.0,False
1678,0,2025-10-25,2.0,False
1678,1,2025-11-25,2.0,False
1678,2,2025-12-25,2.0,False
1680,0,2025-10-26,4.0,False
1680,1,2025-11-26,4.0,False
1680,2,2025-12-26,4.0,False
1681,0,2025-10-26,6.0,False
1681,1,2025-11-26,6.0,False
1681,2,2025-12-26,6.0,False
1684,0,2025-10-27,2.0,False
1684,1,2025-11-27,2.0,False
1684,2,2025-12-27,2.0,False
1685,0,2025-10-27,2.0,True
1690,0,2025-10-29,13.0,False
1690,1,2025-11-29,13.0,False
1690,2,2025-12-29,13.0,False
1693,0,2025-10-29,10.0,False
1693,1,2025-11-29,10.0,False
1693,2,2025-12-29,10.0,False
1700,0,2025-11-01,1.0,False
1700,1,2025-12-01,1.0,False
1704,0,2025-11-02,4.0,False
1704,1,2025-12-02,4.0,False
1713,0,2025-11-04,28.0,False
1713,1,2025-12-04,28.0,False
1720,0,2025-11-06,3.0,False
1720,1,2025-12-06,3.0,False
1723,0,2025-11-07,2.0,False
1723,1,2025-12-07,2.0,False
1724,0,2025-11-07,10.0,False
1724,1,2025-12-07,10.0,False
1728,0,2025-11-09,19.0,False
1728,1,2025-12-09,19.0,False
1729,0,2025-11-09,6.0,False
1729,1,2025-12-09,6.0,False
1730,0,2025-11-10,2.0,False
1730,1,2025-12-10,2.0,False
1731,0,2025-11-10,18.0,False
1731,1,2025-12-10,18.0,False
1733,0,2025-11-10,2.0,False
1733,1,2025-12-10,2.0,False
1735,0,2025-11-11,28.0,False
1735,1,2025-12-11,28.0,False
1739,0,2025-11-11,6.0,False
1739,1,2025-12-11,6.0,False
1740,0,2025-11-11,2.0,False
1740,1,2025-12-11,2.0,False
1743,0,2025-11-12,18.0,False
1743,1,2025-12-12,18.0,False
1745,0,2025-11-12,2.0,False
1745,1,2025-12-12,4.0,False
1746,0,2025-11-12,7.0,False
1746,1,2025-12-12,7.0,False
1749,0,2025-11-13,7.0,False
1749,1,2025-12-13,7.0,False
1751,0,2025-11-14,19.0,False
1751,1,2025-12-14,19.0,False
1753,0,2025-11-14,5.0,False
1753,1,2025-12-14,7.0,False
1754,0,2025-11-14,2.0,False
1754,1,2025-12-14,2.0,False
1765,0,2025-11-17,12.0,False
1765,1,2025-12-17,12.0,False
1768,0,2025-11-17,1.0,False
1768,1,2025-12-17,1.0,False
1769,0,2025-11-17,24.0,False
1769,1,2025-12-17,24.0,True
1772,0,2025-11-18,23.0,False
1772,1,2025-12-18,23.0,False
1779,0,2025-11-19,2.0,False
1779,1,2025-12-19,2.0,False
1784,0,2025-11-20,4.0,False
1784,1,2025-12-20,4.0,False
1785,0,2025-11-20,28.0,False
1785,1,2025-12-20,28.0,False
1787,0,2025-11-21,2.0,False
1787,1,2025-12-21,2.0,True
1789,0,2025-11-21,19.0,False
1789,1,2025-12-21,19.0,False
1792,0,2025-11-22,7.0,False
1792,1,2025-12-22,7.0,False
1793,0,2025-11-22,7.0,False
1793,1,2025-12-22,7.0,False
1799,0,2025-11-24,14.0,False
1799,1,2025-12-24,14.0,False
1803,0,2025-11-25,1.0,True
1807,0,2025-11-26,3.0,False
1807,1,2025-12-26,3.0,False
1811,0,2025-11-27,3.0,False
1811,1,2025-12-27,3.0,False
1821,0,2025-11-29,1.0,True
1822,0,2025-11-30,12.0,False
1822,1,2025-12-30,12.0,False
1823,0,2025-11-30,10.0,False
1823,1,2025-12-30,10.0,False
1825,0,2025-11-30,6.0,False
1825,1,2025-12-30,6.0,False
1831,0,2025-12-02,23.0,False
1832,0,2025-12-02,2.0,False
1834,0,2025-12-03,4.0,False
1837,0,2025-12-03,6.0,False
1842,0,2025-12-04,2.0,False
1843,0,2025-12-04,3.0,False
1848,0,2025-12-05,6.0,False
1854,0,2025-12-08,13.0,False
1867,0,2025-12-11,9.0,False
1871,0,2025-12-12,3.0,False
1882,0,2025-12-15,2.0,True
1884,0,2025-12-15,3.0,False
1894,0,2025-12-17,3.0,False
1895,0,2025-12-18,8.0,False
1897,0,2025-12-18,3.0,True
1903,0,2025-12-19,7.0,False
1911,0,2025-12-21,11.0,False
1912,0,2025-12-22,2.0,False
1913,0,2025-12-22,3.0,False
1916,0,2025-12-22,3.0,False
1919,0,2025-12-22,13.0,False
1921,0,2025-12-23,1.0,False
1923,0,2025-12-24,8.0,False
1927,0,2025-12-24,27.0,False
1929,0,2025-12-25,6.0,False
1932,0,2025-12-25,23.0,False
1937,0,2025-12-25,1.0,False
1950,0,2025-12-28,4.0,False
1952,0,2025-12-29,1.0,False
1956,0,2025-12-29,1.0,False
1968,0,2025-12-31,3.0,False
1969,0,2025-12-31,17.0,False
29,0,2024-04-18,2.0,False
29,1,2024-05-18,2.0,False
29,2,2024-06-18,2.0,False
29,3,2024-07-18,2.0,False
29,4,2024-08-18,2.0,False
29,5,2024-09-18,2.0,False
29,6,2024-10-18,2.0,False
29,7,2024-11-18,2.0,False
29,8,2024-12-18,2.0,False
29,9,2025-01-18,2.0,False
29,10,2025-02-18,2.0,False
29,11,2025-03-18,2.0,False
29,12,2025-04-18,2.0,False
29,13,2025-05-18,2.0,False
29,14,2025-06-18,2.0,False
29,15,2025-07-18,2.0,False
29,16,2025-08-18,2.0,False
29,17,2025-09-18,2.0,False
29,18,2025-10-18,2.0,False
29,19,2025-11-18,2.0,False
29,20,2025-12-18,2.0,False
37,0,2024-03-29,6.0,False
37,1,2024-04-29,6.0,False
37,2,2024-05-29,6.0,False
37,3,2024-06-29,6.0,False
37,4,2024-07-29,6.0,False
37,5,2024-08-29,6.0,False
37,6,2024-09-29,6.0,False
37,7,2024-10-29,6.0,False
37,8,2024-11-29,6.0,False
37,9,2024-12-29,6.0,False
37,10,2025-01-29,8.0,False
37,11,2025-02-28,8.0,False
37,12,2025-03-28,8.0,False
37,13,2025-04-28,10.0,False
37,14,2025-05-28,12.0,False
37,15,2025-06-28,12.0,False
37,16,2025-07-28,12.0,False
37,17,2025-08-28,12.0,False
37,18,2025-09-28,12.0,False
37,19,2025-10-28,12.0,False
37,20,2025-11-28,12.0,False
37,21,2025-12-28,13.0,False
38,0,2024-03-26,6.0,False
38,1,2024-04-26,6.0,False
38,2,2024-05-26,6.0,False
38,3,2024-06-26,6.0,False
38,4,2024-07-26,6.0,False
38,5,2024-08-26,6.0,False
38,6,2024-09-26,6.0,False
38,7,2024-10-26,6.0,False
38,8,2024-11-26,6.0,False
38,9,2024-12-26,6.0,False
38,10,2025-01-26,6.0,False
38,11,2025-02-26,6.0,False
38,12,2025-03-26,6.0,False
38,13,2025-04-26,6.0,False
38,14,2025-05-26,6.0,False
38,15,2025-06-26,6.0,False
38,16,2025-07-26,6.0,False
38,17,2025-08-26,6.0,False
38,18,2025-09-26,6.0,False
38,19,2025-10-26,6.0,False
38,20,2025-11-26,6.0,False
38,21,2025-12-26,6.0,False
41,0,2024-05-28,2.0,False
41,1,2024-06-28,2.0,False
41,2,2024-07-28,2.0,False
41,3,2024-08-28,2.0,False
41,4,2024-09-28,2.0,False
41,5,2024-10-28,2.0,False
41,6,2024-11-28,2.0,False
41,7,2024-12-28,2.0,False
41,8,2025-01-28,4.0,False
41,9,2025-02-28,4.0,False
41,10,2025-03-28,4.0,False
41,11,2025-04-28,4.0,False
41,12,2025-05-28,4.0,False
41,13,2025-06-28,4.0,False
41,14,2025-07-28,4.0,False
41,15,2025-08-28,4.0,False
41,16,2025-09-28,4.0,True
50,0,2024-04-07,2.0,False
50,1,2024-05-07,2.0,False
50,2,2024-06-07,2.0,False
50,3,2024-07-07,2.0,False
50,4,2024-08-07,2.0,False
50,5,2024-09-07,2.0,False
50,6,2024-10-07,2.0,False
50,7,2024-11-07,2.0,False
50,8,2024-12-07,2.0,False
50,9,2025-01-07,2.0,False
50,10,2025-02-07,2.0,False
50,11,2025-03-07,2.0,False
50,12,2025-04-07,2.0,False
50,13,2025-05-07,2.0,False
50,14,2025-06-07,2.0,False
50,15,2025-07-07,2.0,False
50,16,2025-08-07,2.0,True
64,0,2024-12-17,6.0,False
64,1,2025-01-17,6.0,False
64,2,2025-02-17,6.0,False
64,3,2025-03-17,6.0,False
64,4,2025-04-17,6.0,False
64,5,2025-05-17,6.0,False
64,6,2025-06-17,6.0,False
64,7,2025-07-17,6.0,False
64,8,2025-08-17,6.0,False
64,9,2025-09-17,6.0,False
64,10,2025-10-17,6.0,False
64,11,2025-11-17,6.0,False
64,12,2025-12-17,6.0,False
65,0,2024-12-11,2.0,False
65,1,2025-01-11,2.0,False
65,2,2025-02-11,4.0,False
65,3,2025-03-11,4.0,False
65,4,2025-04-11,4.0,False
65,5,2025-05-11,4.0,False
65,6,2025-06-11,4.0,False
65,7,2025-07-11,4.0,False
65,8,2025-08-11,4.0,False
65,9,2025-09-11,4.0,False
65,10,2025-10-11,4.0,False
65,11,2025-11-11,4.0,True
74,0,2024-04-27,2.0,False
74,1,2024-05-27,2.0,False
74,2,2024-06-27,2.0,False
74,3,2024-07-27,2.0,False
74,4,2024-08-27,2.0,False
74,5,2024-09-27,2.0,True
96,0,2024-10-29,3.0,False
96,1,2024-11-29,3.0,False
96,2,2024-12-29,3.0,False
96,3,2025-01-29,3.0,False
96,4,2025-02-28,3.0,False
96,5,2025-03-28,3.0,False
96,6,2025-04-28,3.0,False
96,7,2025-05-28,3.0,False
96,8,2025-06-28,3.0,False
96,9,2025-07-28,4.0,False
96,10,2025-08-28,4.0,False
96,11,2025-09-28,4.0,False
96,12,2025-10-28,4.0,False
96,13,2025-11-28,4.0,False
96,14,2025-12-28,4.0,False
104,0,2024-05-16,15.0,False
104,1,2024-06-16,15.0,False
104,2,2024-07-16,15.0,False
104,3,2024-08-16,15.0,False
104,4,2024-09-16,15.0,False
104,5,2024-10-16,15.0,False
104,6,2024-11-16,15.0,False
104,7,2024-12-16,15.0,False
104,8,2025-01-16,15.0,False
104,9,2025-02-16,15.0,True
118,0,2024-12-16,2.0,True
121,0,2024-05-28,2.0,False
121,1,2024-06-28,2.0,False
121,2,2024-07-28,2.0,False
121,3,2024-08-28,2.0,False
121,4,2024-09-28,2.0,False
121,5,2024-10-28,2.0,False
121,6,2024-11-28,2.0,False
121,7,2024-12-28,4.0,False
121,8,2025-01-28,4.0,False
121,9,2025-02-28,6.0,False
121,10,2025-03-28,6.0,False
121,11,2025-04-28,6.0,False
121,12,2025-05-28,6.0,False
121,13,2025-06-28,6.0,False
121,14,2025-07-28,6.0,False
121,15,2025-08-28,6.0,False
121,16,2025-09-28,6.0,False
121,17,2025-10-28,8.0,False
121,18,2025-11-28,8.0,False
121,19,2025-12-28,8.0,False
149,0,2024-06-13,2.0,False
149,1,2024-07-13,2.0,False
149,2,2024-08-13,2.0,False
149,3,2024-09-13,2.0,False
149,4,2024-10-13,2.0,False
149,5,2024-11-13,2.0,False
149,6,2024-12-13,2.0,False
149,7,2025-01-13,2.0,False
149,8,2025-02-13,2.0,False
149,9,2025-03-13,2.0,True
177,0,2024-07-04,2.0,False
177,1,2024-08-04,2.0,False
177,2,2024-09-04,2.0,False
177,3,2024-10-04,2.0,False
177,4,2024-11-04,2.0,False
177,5,2024-12-04,2.0,False
177,6,2025-01-04,2.0,False
177,7,2025-02-04,3.0,False
177,8,2025-03-04,3.0,False
177,9,2025-04-04,3.0,False
177,10,2025-05-04,3.0,False
177,11,2025-06-04,3.0,False
177,12,2025-07-04,3.0,False
177,13,2025-08-04,3.0,False
177,14,2025-09-04,3.0,False
177,15,2025-10-04,3.0,False
177,16,2025-11-04,3.0,False
177,17,2025-12-04,3.0,False
188,0,2024-06-24,2.0,False
188,1,2024-07-24,2.0,False
188,2,2024-08-24,2.0,False
188,3,2024-09-24,2.0,False
188,4,2024-10-24,2.0,False
188,5,2024-11-24,2.0,True
195,0,2024-07-12,2.0,False
195,1,2024-08-12,2.0,False
195,2,2024-09-12,2.0,False
195,3,2024-10-12,2.0,False
195,4,2024-11-12,2.0,False
195,5,2024-12-12,2.0,False
195,6,2025-01-12,2.0,False
195,7,2025-02-12,2.0,False
195,8,2025-03-12,2.0,False
195,9,2025-04-12,2.0,False
195,10,2025-05-12,2.0,False
195,11,2025-06-12,2.0,False
195,12,2025-07-12,2.0,False
195,13,2025-08-12,2.0,True
199,0,2024-07-15,2.0,False
199,1,2024-08-15,2.0,False
199,2,2024-09-15,3.0,False
199,3,2024-10-15,3.0,False
199,4,2024-11-15,3.0,False
199,5,2024-12-15,3.0,True
253,0,2024-11-27,8.0,True
256,0,2024-08-11,2.0,False
256,1,2024-09-11,2.0,False
256,2,2024-10-11,2.0,False
256,3,2024-11-11,2.0,False
256,4,2024-12-11,2.0,False
256,5,2025-01-11,2.0,False
256,6,2025-02-11,2.0,True
277,0,2024-08-24,2.0,False
277,1,2024-09-24,2.0,False
277,2,2024-10-24,2.0,False
277,3,2024-11-24,2.0,False
277,4,2024-12-24,2.0,False
277,5,2025-01-24,2.0,False
277,6,2025-02-24,2.0,False
277,7,2025-03-24,2.0,True
284,0,2024-10-20,2.0,False
284,1,2024-11-20,4.0,False
284,2,2024-12-20,4.0,False
284,3,2025-01-20,4.0,False
284,4,2025-02-20,4.0,False
284,5,2025-03-20,4.0,False
284,6,2025-04-20,4.0,False
284,7,2025-05-20,4.0,False
284,8,2025-06-20,4.0,False
284,9,2025-07-20,5.0,False
284,10,2025-08-20,5.0,False
284,11,2025-09-20,5.0,False
284,12,2025-10-20,5.0,False
284,13,2025-11-20,5.0,False
284,14,2025-12-20,5.0,False
306,0,2024-10-23,15.0,False
306,1,2024-11-23,15.0,False
306,2,2024-12-23,15.0,False
306,3,2025-01-23,15.0,False
306,4,2025-02-23,15.0,False
306,5,2025-03-23,15.0,False
306,6,2025-04-23,15.0,False
306,7,2025-05-23,17.0,False
306,8,2025-06-23,17.0,False
306,9,2025-07-23,17.0,False
306,10,2025-08-23,17.0,False
306,11,2025-09-23,17.0,False
306,12,2025-10-23,17.0,False
306,13,2025-11-23,17.0,False
306,14,2025-12-23,17.0,False
314,0,2025-05-23,2.0,True
316,0,2024-09-09,2.0,False
316,1,2024-10-09,2.0,False
316,2,2024-11-09,2.0,False
316,3,2024-12-09,2.0,False
316,4,2025-01-09,2.0,False
316,5,2025-02-09,2.0,False
316,6,2025-03-09,2.0,False
316,7,2025-04-09,2.0,False
316,8,2025-05-09,2.0,False
316,9,2025-06-09,3.0,False
316,10,2025-07-09,3.0,False
316,11,2025-08-09,3.0,False
316,12,2025-09-09,3.0,False
316,13,2025-10-09,3.0,False
316,14,2025-11-09,3.0,False
316,15,2025-12-09,3.0,False
326,0,2025-01-17,15.0,False
326,1,2025-02-17,15.0,False
326,2,2025-03-17,15.0,False
326,3,2025-04-17,15.0,False
326,4,2025-05-17,15.0,False
326,5,2025-06-17,15.0,False
326,6,2025-07-17,15.0,False
326,7,2025-08-17,15.0,False
326,8,2025-09-17,15.0,False
326,9,2025-10-17,15.0,False
326,10,2025-11-17,15.0,False
326,11,2025-12-17,15.0,False
328,0,2025-04-18,2.0,False
328,1,2025-05-18,2.0,False
328,2,2025-06-18,2.0,False
328,3,2025-07-18,2.0,False
328,4,2025-08-18,2.0,False
328,5,2025-09-18,2.0,False
328,6,2025-10-18,2.0,False
328,7,2025-11-18,2.0,False
328,8,2025-12-18,2.0,False
332,0,2024-09-18,2.0,False
332,1,2024-10-18,2.0,False
332,2,2024-11-18,2.0,False
332,3,2024-12-18,2.0,False
332,4,2025-01-18,2.0,False
332,5,2025-02-18,2.0,False
332,6,2025-03-18,2.0,False
332,7,2025-04-18,2.0,False
332,8,2025-05-18,2.0,False
332,9,2025-06-18,2.0,False
332,10,2025-07-18,2.0,False
332,11,2025-08-18,2.0,False
332,12,2025-09-18,2.0,False
332,13,2025-10-18,2.0,False
332,14,2025-11-18,2.0,False
332,15,2025-12-18,2.0,False
337,0,2024-12-24,2.0,False
337,1,2025-01-24,2.0,False
337,2,2025-02-24,2.0,False
337,3,2025-03-24,2.0,False
337,4,2025-04-24,2.0,False
337,5,2025-05-24,2.0,False
337,6,2025-06-24,2.0,False
337,7,2025-07-24,2.0,False
337,8,2025-08-24,2.0,False
337,9,2025-09-24,2.0,False
337,10,2025-10-24,2.0,False
337,11,2025-11-24,2.0,False
337,12,2025-12-24,2.0,False
339,0,2024-09-21,2.0,False
339,1,2024-10-21,2.0,False
339,2,2024-11-21,2.0,False
339,3,2024-12-21,2.0,False
339,4,2025-01-21,4.0,False
339,5,2025-02-21,4.0,True
346,0,2024-09-26,6.0,False
346,1,2024-10-26,6.0,False
346,2,2024-11-26,6.0,False
346,3,2024-12-26,6.0,False
346,4,2025-01-26,6.0,True
353,0,2025-05-21,2.0,False
353,1,2025-06-21,2.0,False
353,2,2025-07-21,2.0,False
353,3,2025-08-21,2.0,False
353,4,2025-09-21,3.0,False
353,5,2025-10-21,3.0,False
353,6,2025-11-21,3.0,False
353,7,2025-12-21,3.0,False
362,0,2025-01-13,6.0,False
362,1,2025-02-13,6.0,False
362,2,2025-03-13,6.0,False
362,3,2025-04-13,6.0,False
362,4,2025-05-13,6.0,False
362,5,2025-06-13,6.0,False
362,6,2025-07-13,8.0,False
362,7,2025-08-13,8.0,False
362,8,2025-09-13,8.0,False
362,9,2025-10-13,8.0,False
362,10,2025-11-13,10.0,False
362,11,2025-12-13,10.0,False
366,0,2025-04-16,2.0,False
366,1,2025-05-16,2.0,False
366,2,2025-06-16,2.0,False
366,3,2025-07-16,2.0,False
366,4,2025-08-16,2.0,False
366,5,2025-09-16,2.0,False
366,6,2025-10-16,2.0,False
366,7,2025-11-16,2.0,False
366,8,2025-12-16,2.0,False
376,0,2025-02-24,6.0,False
376,1,2025-03-24,6.0,False
376,2,2025-04-24,6.0,False
376,3,2025-05-24,6.0,False
376,4,2025-06-24,6.0,False
376,5,2025-07-24,6.0,False
376,6,2025-08-24,6.0,False
376,7,2025-09-24,7.0,False
376,8,2025-10-24,7.0,False
376,9,2025-11-24,7.0,False
376,10,2025-12-24,7.0,False
387,0,2024-11-06,2.0,False
387,1,2024-12-06,2.0,False
387,2,2025-01-06,2.0,False
387,3,2025-02-06,2.0,False
387,4,2025-03-06,2.0,False
387,5,2025-04-06,2.0,False
387,6,2025-05-06,2.0,False
387,7,2025-06-06,2.0,False
387,8,2025-07-06,2.0,False
387,9,2025-08-06,2.0,False
387,10,2025-09-06,2.0,False
387,11,2025-10-06,2.0,False
387,12,2025-11-06,2.0,False
387,13,2025-12-06,2.0,False
392,0,2025-03-22,2.0,False
392,1,2025-04-22,2.0,False
392,2,2025-05-22,2.0,False
392,3,2025-06-22,2.0,False
392,4,2025-07-22,3.0,False
392,5,2025-08-22,3.0,False
392,6,2025-09-22,3.0,False
392,7,2025-10-22,3.0,False
392,8,2025-11-22,3.0,False
392,9,2025-12-22,3.0,False
398,0,2024-09-09,2.0,False
398,1,2024-10-09,2.0,False
398,2,2024-11-09,2.0,False
398,3,2024-12-09,2.0,False
398,4,2025-01-09,2.0,False
398,5,2025-02-09,2.0,False
398,6,2025-03-09,2.0,False
398,7,2025-04-09,2.0,False
398,8,2025-05-09,2.0,False
398,9,2025-06-09,2.0,False
398,10,2025-07-09,2.0,False
398,11,2025-08-09,2.0,False
398,12,2025-09-09,2.0,False
398,13,2025-10-09,2.0,False
398,14,2025-11-09,2.0,False
398,15,2025-12-09,2.0,False
408,0,2024-10-20,2.0,False
408,1,2024-11-20,2.0,False
408,2,2024-12-20,2.0,False
408,3,2025-01-20,2.0,False
408,4,2025-02-20,2.0,False
408,5,2025-03-20,2.0,False
408,6,2025-04-20,2.0,False
408,7,2025-05-20,2.0,False
408,8,2025-06-20,2.0,False
408,9,2025-07-20,2.0,False
408,10,2025-08-20,2.0,False
408,11,2025-09-20,2.0,False
408,12,2025-10-20,2.0,False
408,13,2025-11-20,2.0,False
408,14,2025-12-20,2.0,False
415,0,2024-12-15,15.0,False
415,1,2025-01-15,15.0,False
415,2,2025-02-15,17.0,False
415,3,2025-03-15,17.0,False
415,4,2025-04-15,17.0,False
415,5,2025-05-15,17.0,False
415,6,2025-06-15,18.0,False
415,7,2025-07-15,18.0,False
415,8,2025-08-15,18.0,False
415,9,2025-09-15,18.0,False
415,10,2025-10-15,18.0,False
415,11,2025-11-15,18.0,False
415,12,2025-12-15,18.0,False
436,0,2024-11-03,2.0,False
436,1,2024-12-03,2.0,False
436,2,2025-01-03,2.0,False
436,3,2025-02-03,2.0,False
436,4,2025-03-03,2.0,False
436,5,2025-04-03,2.0,False
436,6,2025-05-03,2.0,False
436,7,2025-06-03,2.0,False
436,8,2025-07-03,2.0,False
436,9,2025-08-03,2.0,False
436,10,2025-09-03,2.0,False
436,11,2025-10-03,2.0,False
436,12,2025-11-03,2.0,False
436,13,2025-12-03,2.0,False
455,0,2024-11-08,2.0,False
455,1,2024-12-08,2.0,False
455,2,2025-01-08,2.0,False
455,3,2025-02-08,2.0,True
463,0,2025-01-03,2.0,False
463,1,2025-02-03,2.0,False
463,2,2025-03-03,2.0,False
463,3,2025-04-03,2.0,False
463,4,2025-05-03,2.0,False
463,5,2025-06-03,2.0,False
463,6,2025-07-03,2.0,False
463,7,2025-08-03,2.0,True
495,0,2024-12-25,2.0,False
495,1,2025-01-25,2.0,False
495,2,2025-02-25,2.0,False
495,3,2025-03-25,2.0,False
495,4,2025-04-25,2.0,False
495,5,2025-05-25,2.0,False
495,6,2025-06-25,2.0,False
495,7,2025-07-25,4.0,False
495,8,2025-08-25,4.0,False
495,9,2025-09-25,4.0,False
495,10,2025-10-25,4.0,False
495,11,2025-11-25,4.0,False
495,12,2025-12-25,4.0,False
509,0,2024-11-18,2.0,False
509,1,2024-12-18,2.0,False
509,2,2025-01-18,2.0,False
509,3,2025-02-18,2.0,False
509,4,2025-03-18,2.0,False
509,5,2025-04-18,2.0,False
509,6,2025-05-18,2.0,False
509,7,2025-06-18,2.0,False
509,8,2025-07-18,2.0,False
509,9,2025-08-18,2.0,False
509,10,2025-09-18,2.0,False
509,11,2025-10-18,2.0,False
509,12,2025-11-18,4.0,False
509,13,2025-12-18,4.0,False
516,0,2025-06-20,2.0,False
516,1,2025-07-20,2.0,False
516,2,2025-08-20,2.0,False
516,3,2025-09-20,2.0,False
516,4,2025-10-20,2.0,False
516,5,2025-11-20,2.0,False
516,6,2025-12-20,2.0,False
526,0,2024-11-13,6.0,False
526,1,2024-12-13,6.0,False
526,2,2025-01-13,6.0,False
526,3,2025-02-13,6.0,False
526,4,2025-03-13,6.0,False
526,5,2025-04-13,6.0,False
526,6,2025-05-13,6.0,False
526,7,2025-06-13,7.0,False
526,8,2025-07-13,7.0,False
526,9,2025-08-13,7.0,False
526,10,2025-09-13,7.0,False
526,11,2025-10-13,7.0,False
526,12,2025-11-13,7.0,False
526,13,2025-12-13,7.0,False
530,0,2024-12-26,6.0,False
530,1,2025-01-26,6.0,True
535,0,2024-12-17,2.0,False
535,1,2025-01-17,2.0,False
535,2,2025-02-17,3.0,False
535,3,2025-03-17,3.0,False
535,4,2025-04-17,3.0,False
535,5,2025-05-17,3.0,False
535,6,2025-06-17,3.0,False
535,7,2025-07-17,3.0,False
535,8,2025-08-17,3.0,False
535,9,2025-09-17,3.0,False
535,10,2025-10-17,3.0,False
535,11,2025-11-17,4.0,False
535,12,2025-12-17,4.0,True
550,0,2024-12-22,2.0,False
550,1,2025-01-22,2.0,False
550,2,2025-02-22,2.0,False
550,3,2025-03-22,2.0,False
550,4,2025-04-22,2.0,False
550,5,2025-05-22,2.0,False
550,6,2025-06-22,2.0,False
550,7,2025-07-22,2.0,False
550,8,2025-08-22,2.0,False
550,9,2025-09-22,2.0,False
550,10,2025-10-22,2.0,True
551,0,2024-12-22,6.0,True
567,0,2024-12-27,2.0,False
567,1,2025-01-27,2.0,False
567,2,2025-02-27,2.0,False
567,3,2025-03-27,2.0,False
567,4,2025-04-27,2.0,False
567,5,2025-05-27,2.0,False
567,6,2025-06-27,2.0,False
567,7,2025-07-27,2.0,False
567,8,2025-08-27,2.0,False
567,9,2025-09-27,2.0,False
567,10,2025-10-27,2.0,False
567,11,2025-11-27,2.0,False
567,12,2025-12-27,2.0,False
573,0,2024-12-29,2.0,False
573,1,2025-01-29,2.0,False
573,2,2025-02-28,2.0,False
573,3,2025-03-28,2.0,False
573,4,2025-04-28,2.0,False
573,5,2025-05-28,2.0,False
573,6,2025-06-28,2.0,False
573,7,2025-07-28,2.0,False
573,8,2025-08-28,2.0,False
573,9,2025-09-28,2.0,False
573,10,2025-10-28,2.0,False
573,11,2025-11-28,2.0,False
573,12,2025-12-28,2.0,False
580,0,2025-08-18,6.0,False
580,1,2025-09-18,6.0,False
580,2,2025-10-18,6.0,False
580,3,2025-11-18,6.0,False
580,4,2025-12-18,6.0,False
583,0,2025-01-03,6.0,False
583,1,2025-02-03,6.0,False
583,2,2025-03-03,6.0,False
583,3,2025-04-03,6.0,False
583,4,2025-05-03,6.0,False
583,5,2025-06-03,6.0,False
583,6,2025-07-03,6.0,False
583,7,2025-08-03,6.0,False
583,8,2025-09-03,6.0,False
583,9,2025-10-03,6.0,False
583,10,2025-11-03,6.0,False
583,11,2025-12-03,6.0,False
588,0,2025-06-05,6.0,False
588,1,2025-07-05,6.0,False
588,2,2025-08-05,6.0,False
588,3,2025-09-05,6.0,False
588,4,2025-10-05,6.0,False
588,5,2025-11-05,6.0,False
588,6,2025-12-05,6.0,False
596,0,2025-01-09,7.0,False
596,1,2025-02-09,7.0,False
596,2,2025-03-09,9.0,False
596,3,2025-04-09,9.0,False
596,4,2025-05-09,9.0,False
596,5,2025-06-09,9.0,False
596,6,2025-07-09,9.0,False
596,7,2025-08-09,9.0,False
596,8,2025-09-09,9.0,False
596,9,2025-10-09,9.0,False
596,10,2025-11-09,9.0,False
596,11,2025-12-09,9.0,False
600,0,2025-03-18,2.0,False
600,1,2025-04-18,2.0,False
600,2,2025-05-18,2.0,False
600,3,2025-06-18,2.0,False
600,4,2025-07-18,2.0,False
600,5,2025-08-18,2.0,False
600,6,2025-09-18,2.0,False
600,7,2025-10-18,2.0,False
600,8,2025-11-18,2.0,False
600,9,2025-12-18,2.0,False
605,0,2025-01-12,2.0,False
605,1,2025-02-12,2.0,False
605,2,2025-03-12,2.0,False
605,3,2025-04-12,2.0,False
605,4,2025-05-12,2.0,False
605,5,2025-06-12,2.0,False
605,6,2025-07-12,2.0,False
605,7,2025-08-12,2.0,False
605,8,2025-09-12,2.0,False
605,9,2025-10-12,2.0,False
605,10,2025-11-12,2.0,False
605,11,2025-12-12,2.0,False
606,0,2025-01-12,2.0,False
606,1,2025-02-12,4.0,False
606,2,2025-03-12,4.0,False
606,3,2025-04-12,4.0,False
606,4,2025-05-12,4.0,False
606,5,2025-06-12,4.0,False
606,6,2025-07-12,4.0,False
606,7,2025-08-12,4.0,False
606,8,2025-09-12,4.0,False
606,9,2025-10-12,4.0,False
606,10,2025-11-12,4.0,False
606,11,2025-12-12,4.0,False
610,0,2025-01-18,2.0,False
610,1,2025-02-18,2.0,False
610,2,2025-03-18,2.0,False
610,3,2025-04-18,2.0,False
610,4,2025-05-18,2.0,True
628,0,2025-01-22,6.0,False
628,1,2025-02-22,6.0,False
628,2,2025-03-22,6.0,False
628,3,2025-04-22,6.0,False
628,4,2025-05-22,6.0,False
628,5,2025-06-22,6.0,False
628,6,2025-07-22,6.0,False
628,7,2025-08-22,6.0,False
628,8,2025-09-22,6.0,False
628,9,2025-10-22,6.0,True
631,0,2025-05-12,2.0,False
631,1,2025-06-12,2.0,False
631,2,2025-07-12,2.0,False
631,3,2025-08-12,4.0,False
631,4,2025-09-12,4.0,False
631,5,2025-10-12,4.0,False
631,6,2025-11-12,4.0,False
631,7,2025-12-12,4.0,False
634,0,2025-06-24,2.0,False
634,1,2025-07-24,2.0,False
634,2,2025-08-24,2.0,False
634,3,2025-09-24,2.0,False
634,4,2025-10-24,2.0,False
634,5,2025-11-24,2.0,False
634,6,2025-12-24,2.0,False
645,0,2025-05-19,2.0,False
645,1,2025-06-19,2.0,False
645,2,2025-07-19,2.0,False
645,3,2025-08-19,2.0,False
645,4,2025-09-19,2.0,False
645,5,2025-10-19,2.0,False
645,6,2025-11-19,2.0,False
645,7,2025-12-19,2.0,False
651,0,2025-02-01,6.0,False
651,1,2025-03-01,6.0,False
651,2,2025-04-01,6.0,False
651,3,2025-05-01,6.0,False
651,4,2025-06-01,6.0,False
651,5,2025-07-01,6.0,False
651,6,2025-08-01,6.0,False
651,7,2025-09-01,6.0,False
651,8,2025-10-01,6.0,False
651,9,2025-11-01,6.0,False
651,10,2025-12-01,6.0,False
653,0,2025-02-01,2.0,True
658,0,2025-02-02,2.0,False
658,1,2025-03-02,2.0,False
658,2,2025-04-02,2.0,False
658,3,2025-05-02,2.0,False
658,4,2025-06-02,2.0,True
667,0,2025-02-07,2.0,False
667,1,2025-03-07,2.0,False
667,2,2025-04-07,2.0,False
667,3,2025-05-07,2.0,False
667,4,2025-06-07,2.0,False
667,5,2025-07-07,2.0,False
667,6,2025-08-07,3.0,False
667,7,2025-09-07,3.0,False
667,8,2025-10-07,3.0,False
667,9,2025-11-07,3.0,False
667,10,2025-12-07,3.0,False
735,0,2025-02-26,2.0,False
735,1,2025-03-26,2.0,False
735,2,2025-04-26,2.0,False
735,3,2025-05-26,2.0,False
735,4,2025-06-26,2.0,False
735,5,2025-07-26,2.0,False
735,6,2025-08-26,2.0,False
735,7,2025-09-26,2.0,False
735,8,2025-10-26,2.0,False
735,9,2025-11-26,2.0,False
735,10,2025-12-26,2.0,False
746,0,2025-12-26,2.0,False
760,0,2025-04-23,2.0,False
760,1,2025-05-23,2.0,False
760,2,2025-06-23,2.0,False
760,3,2025-07-23,2.0,False
760,4,2025-08-23,2.0,False
760,5,2025-09-23,2.0,False
760,6,2025-10-23,2.0,False
760,7,2025-11-23,2.0,False
760,8,2025-12-23,2.0,False
764,0,2025-05-08,2.0,False
764,1,2025-06-08,2.0,False
764,2,2025-07-08,2.0,False
764,3,2025-08-08,2.0,True
778,0,2025-09-02,6.0,False
778,1,2025-10-02,6.0,False
778,2,2025-11-02,6.0,False
778,3,2025-12-02,6.0,False
780,0,2025-03-15,6.0,False
780,1,2025-04-15,6.0,False
780,2,2025-05-15,6.0,False
780,3,2025-06-15,6.0,False
780,4,2025-07-15,6.0,False
780,5,2025-08-15,6.0,False
780,6,2025-09-15,6.0,False
780,7,2025-10-15,6.0,False
780,8,2025-11-15,7.0,True
791,0,2025-03-19,2.0,False
791,1,2025-04-19,2.0,False
791,2,2025-05-19,2.0,True
792,0,2025-03-19,2.0,False
792,1,2025-04-19,2.0,True
800,0,2025-03-23,2.0,False
800,1,2025-04-23,2.0,False
800,2,2025-05-23,2.0,False
800,3,2025-06-23,2.0,False
800,4,2025-07-23,2.0,False
800,5,2025-08-23,2.0,False
800,6,2025-09-23,2.0,False
800,7,2025-10-23,2.0,False
800,8,2025-11-23,2.0,False
800,9,2025-12-23,2.0,False
805,0,2025-03-28,2.0,False
805,1,2025-04-28,2.0,False
805,2,2025-05-28,2.0,False
805,3,2025-06-28,2.0,False
805,4,2025-07-28,2.0,False
805,5,2025-08-28,2.0,False
805,6,2025-09-28,2.0,False
805,7,2025-10-28,2.0,False
805,8,2025-11-28,2.0,False
805,9,2025-12-28,2.0,False
839,0,2025-04-10,2.0,False
839,1,2025-05-10,2.0,False
839,2,2025-06-10,2.0,False
839,3,2025-07-10,2.0,False
839,4,2025-08-10,2.0,False
839,5,2025-09-10,2.0,False
839,6,2025-10-10,2.0,False
839,7,2025-11-10,2.0,False
839,8,2025-12-10,2.0,False
851,0,2025-04-13,2.0,False
851,1,2025-05-13,2.0,False
851,2,2025-06-13,2.0,False
851,3,2025-07-13,2.0,False
851,4,2025-08-13,2.0,False
851,5,2025-09-13,2.0,False
851,6,2025-10-13,2.0,False
851,7,2025-11-13,2.0,False
851,8,2025-12-13,2.0,False
852,0,2025-11-28,2.0,False
852,1,2025-12-28,2.0,False
863,0,2025-05-12,6.0,False
863,1,2025-06-12,6.0,False
863,2,2025-07-12,6.0,False
863,3,2025-08-12,6.0,False
863,4,2025-09-12,6.0,False
863,5,2025-10-12,6.0,False
863,6,2025-11-12,6.0,False
863,7,2025-12-12,6.0,False
869,0,2025-06-10,15.0,False
869,1,2025-07-10,15.0,False
869,2,2025-08-10,15.0,False
869,3,2025-09-10,16.0,False
869,4,2025-10-10,16.0,False
869,5,2025-11-10,16.0,False
869,6,2025-12-10,16.0,False
884,0,2025-08-10,4.0,False
884,1,2025-09-10,4.0,False
884,2,2025-10-10,4.0,False
884,3,2025-11-10,4.0,False
884,4,2025-12-10,6.0,True
899,0,2025-07-12,15.0,False
899,1,2025-08-12,15.0,False
899,2,2025-09-12,15.0,False
899,3,2025-10-12,15.0,False
899,4,2025-11-12,15.0,False
899,5,2025-12-12,15.0,False
902,0,2025-08-31,6.0,False
902,1,2025-09-30,6.0,False
902,2,2025-10-30,6.0,False
902,3,2025-11-30,6.0,False
902,4,2025-12-30,6.0,False
904,0,2025-03-31,6.0,False
904,1,2025-04-30,6.0,False
904,2,2025-05-30,6.0,False
904,3,2025-06-30,6.0,False
904,4,2025-07-30,6.0,False
904,5,2025-08-30,6.0,False
904,6,2025-09-30,6.0,False
904,7,2025-10-30,6.0,False
904,8,2025-11-30,6.0,False
904,9,2025-12-30,6.0,False
916,0,2025-05-03,6.0,False
916,1,2025-06-03,6.0,False
916,2,2025-07-03,7.0,False
916,3,2025-08-03,7.0,False
916,4,2025-09-03,7.0,False
916,5,2025-10-03,7.0,False
916,6,2025-11-03,7.0,False
916,7,2025-12-03,7.0,False
937,0,2025-05-11,2.0,False
937,1,2025-06-11,2.0,False
937,2,2025-07-11,2.0,False
937,3,2025-08-11,2.0,False
937,4,2025-09-11,2.0,False
937,5,2025-10-11,2.0,False
937,6,2025-11-11,2.0,False
937,7,2025-12-11,2.0,False
940,0,2025-10-31,15.0,False
940,1,2025-11-30,15.0,False
940,2,2025-12-30,15.0,False
946,0,2025-07-26,15.0,False
946,1,2025-08-26,15.0,False
946,2,2025-09-26,15.0,False
946,3,2025-10-26,15.0,False
946,4,2025-11-26,16.0,False
946,5,2025-12-26,16.0,False
956,0,2025-11-25,2.0,False
956,1,2025-12-25,2.0,False
966,0,2025-09-26,2.0,False
966,1,2025-10-26,2.0,False
966,2,2025-11-26,2.0,False
966,3,2025-12-26,2.0,False
979,0,2025-05-22,2.0,False
979,1,2025-06-22,2.0,False
979,2,2025-07-22,2.0,False
979,3,2025-08-22,2.0,False
979,4,2025-09-22,2.0,False
979,5,2025-10-22,2.0,False
979,6,2025-11-22,2.0,False
979,7,2025-12-22,2.0,False
990,0,2025-05-25,7.0,False
990,1,2025-06-25,7.0,False
990,2,2025-07-25,7.0,False
990,3,2025-08-25,7.0,False
990,4,2025-09-25,7.0,False
990,5,2025-10-25,7.0,False
990,6,2025-11-25,7.0,False
990,7,2025-12-25,9.0,False
995,0,2025-12-07,6.0,False
1000,0,2025-06-16,17.0,False
1000,1,2025-07-16,17.0,False
1000,2,2025-08-16,17.0,False
1000,3,2025-09-16,17.0,False
1000,4,2025-10-16,17.0,False
1000,5,2025-11-16,19.0,False
1000,6,2025-12-16,19.0,False
1032,0,2025-07-09,4.0,False
1032,1,2025-08-09,4.0,False
1032,2,2025-09-09,4.0,False
1032,3,2025-10-09,4.0,False
1032,4,2025-11-09,4.0,False
1032,5,2025-12-09,4.0,False
1034,0,2025-09-10,6.0,False
1034,1,2025-10-10,6.0,False
1034,2,2025-11-10,6.0,False
1034,3,2025-12-10,6.0,False
1044,0,2025-06-09,8.0,False
1044,1,2025-07-09,8.0,False
1044,2,2025-08-09,8.0,False
1044,3,2025-09-09,8.0,False
1044,4,2025-10-09,10.0,False
1044,5,2025-11-09,10.0,False
1044,6,2025-12-09,10.0,False
1071,0,2025-10-13,2.0,False
1071,1,2025-11-13,2.0,False
1071,2,2025-12-13,2.0,False
1077,0,2025-06-21,2.0,False
1077,1,2025-07-21,2.0,False
1077,2,2025-08-21,2.0,False
1077,3,2025-09-21,2.0,False
1077,4,2025-10-21,2.0,False
1077,5,2025-11-21,2.0,False
1077,6,2025-12-21,2.0,False
1079,0,2025-11-13,2.0,False
1079,1,2025-12-13,3.0,False
1102,0,2025-12-09,2.0,False
1109,0,2025-06-29,2.0,False
1109,1,2025-07-29,2.0,False
1109,2,2025-08-29,2.0,True
1129,0,2025-07-06,2.0,False
1129,1,2025-08-06,2.0,False
1129,2,2025-09-06,2.0,False
1129,3,2025-10-06,2.0,False
1129,4,2025-11-06,2.0,False
1129,5,2025-12-06,2.0,False
1131,0,2025-07-06,6.0,False
1131,1,2025-08-06,8.0,False
1131,2,2025-09-06,9.0,False
1131,3,2025-10-06,11.0,False
1131,4,2025-11-06,11.0,False
1131,5,2025-12-06,11.0,False
1139,0,2025-07-09,2.0,False
1139,1,2025-08-09,2.0,False
1139,2,2025-09-09,2.0,False
1139,3,2025-10-09,2.0,False
1139,4,2025-11-09,2.0,False
1139,5,2025-12-09,2.0,False
1163,0,2025-08-25,2.0,False
1163,1,2025-09-25,2.0,False
1163,2,2025-10-25,2.0,False
1163,3,2025-11-25,2.0,False
1163,4,2025-12-25,2.0,False
1209,0,2025-07-27,2.0,False
1209,1,2025-08-27,2.0,False
1209,2,2025-09-27,2.0,False
1209,3,2025-10-27,2.0,False
1209,4,2025-11-27,2.0,False
1209,5,2025-12-27,2.0,False
1213,0,2025-11-14,2.0,False
1213,1,2025-12-14,2.0,False
1261,0,2025-08-12,2.0,False
1261,1,2025-09-12,2.0,False
1261,2,2025-10-12,4.0,True
1286,0,2025-10-31,2.0,False
1286,1,2025-11-30,2.0,False
1286,2,2025-12-30,2.0,False
1291,0,2025-09-20,2.0,False
1291,1,2025-10-20,2.0,False
1291,2,2025-11-20,2.0,False
1291,3,2025-12-20,2.0,False
1299,0,2025-08-22,2.0,False
1299,1,2025-09-22,2.0,False
1299,2,2025-10-22,2.0,False
1299,3,2025-11-22,2.0,False
1299,4,2025-12-22,2.0,False
1309,0,2025-08-25,6.0,False
1309,1,2025-09-25,6.0,False
1309,2,2025-10-25,6.0,False
1309,3,2025-11-25,6.0,False
1309,4,2025-12-25,6.0,True
1319,0,2025-08-26,2.0,True
1350,0,2025-09-05,15.0,False
1350,1,2025-10-05,15.0,False
1350,2,2025-11-05,15.0,False
1350,3,2025-12-05,15.0,True
1385,0,2025-12-27,6.0,False
1474,0,2025-10-13,6.0,False
1474,1,2025-11-13,6.0,False
1474,2,2025-12-13,6.0,False
1481,0,2025-10-16,2.0,False
1481,1,2025-11-16,2.0,False
1481,2,2025-12-16,2.0,False
1483,0,2025-10-16,6.0,False
1483,1,2025-11-16,6.0,False
1483,2,2025-12-16,6.0,False
1504,0,2025-09-29,6.0,False
1504,1,2025-10-29,6.0,False
1504,2,2025-11-29,6.0,False
1504,3,2025-12-29,6.0,False
1511,0,2025-10-24,2.0,False
1511,1,2025-11-24,2.0,False
1511,2,2025-12-24,2.0,False
1512,0,2025-10-25,3.0,False
1512,1,2025-11-25,3.0,False
1512,2,2025-12-25,3.0,False
1514,0,2025-10-26,2.0,False
1514,1,2025-11-26,2.0,False
1514,2,2025-12-26,2.0,True
1536,0,2025-10-23,2.0,False
1536,1,2025-11-23,2.0,False
1536,2,2025-12-23,2.0,False
1540,0,2025-11-03,6.0,False
1540,1,2025-12-03,6.0,False
1550,0,2025-11-06,2.0,False
1550,1,2025-12-06,2.0,False
1564,0,2025-11-08,15.0,False
1564,1,2025-12-08,15.0,False
1596,0,2025-11-17,6.0,False
1596,1,2025-12-17,6.0,False
1600,0,2025-11-20,6.0,False
1600,1,2025-12-20,6.0,False
1649,0,2025-11-30,6.0,False
1649,1,2025-12-30,6.0,False
1653,0,2025-12-01,2.0,False
1676,0,2025-12-08,6.0,False
1716,0,2025-12-20,2.0,False
1742,0,2025-12-27,6.0,False
1747,0,2025-12-27,6.0,False
1808,0,2025-12-31,2.0,False
