account_id,trial_end_date,trial_observed,converted,plan,seats,billing_cycle,mrr,exp2_eligible,exp2_variant,trial_period_task_count
1,2024-01-15,True,1.0,pro,7.0,monthly,84.0,False,not_eligible,7
2,2024-01-15,True,1.0,pro,1.0,annual,9.96,False,not_eligible,12
3,2024-01-15,True,0.0,free,,,0.0,False,not_eligible,6
4,2024-01-17,True,0.0,free,,,0.0,False,not_eligible,5
5,2024-01-17,True,0.0,free,,,0.0,False,not_eligible,11
6,2024-01-17,True,0.0,free,,,0.0,False,not_eligible,13
7,2024-01-18,True,1.0,team,9.0,monthly,261.0,False,not_eligible,8
8,2024-01-19,True,0.0,free,,,0.0,False,not_eligible,12
9,2024-01-19,True,0.0,free,,,0.0,False,not_eligible,9
10,2024-01-19,True,0.0,free,,,0.0,False,not_eligible,13
11,2024-01-21,True,1.0,pro,2.0,monthly,24.0,False,not_eligible,5
12,2024-01-22,True,1.0,team,23.0,monthly,667.0,False,not_eligible,5
13,2024-01-22,True,0.0,free,,,0.0,False,not_eligible,12
14,2024-01-22,True,0.0,free,,,0.0,False,not_eligible,4
15,2024-01-23,True,1.0,pro,2.0,annual,19.92,False,not_eligible,6
16,2024-01-23,True,0.0,free,,,0.0,False,not_eligible,10
17,2024-01-23,True,0.0,free,,,0.0,False,not_eligible,1
18,2024-01-24,True,0.0,free,,,0.0,False,not_eligible,9
19,2024-01-26,True,0.0,free,,,0.0,False,not_eligible,7
20,2024-01-26,True,0.0,free,,,0.0,False,not_eligible,4
21,2024-01-26,True,0.0,free,,,0.0,False,not_eligible,5
22,2024-01-28,True,0.0,free,,,0.0,False,not_eligible,8
23,2024-01-30,True,1.0,pro,23.0,monthly,276.0,False,not_eligible,5
24,2024-01-31,True,0.0,free,,,0.0,False,not_eligible,5
25,2024-01-31,True,0.0,free,,,0.0,False,not_eligible,5
26,2024-01-31,True,1.0,pro,2.0,monthly,24.0,False,not_eligible,4
27,2024-02-01,True,0.0,free,,,0.0,False,not_eligible,10
28,2024-02-01,True,1.0,pro,4.0,monthly,48.0,False,not_eligible,9
29,2024-02-01,True,0.0,free,,,0.0,False,not_eligible,20
30,2024-02-02,True,1.0,pro,6.0,annual,59.76,False,not_eligible,10
31,2024-02-06,True,1.0,pro,1.0,monthly,12.0,False,not_eligible,2
32,2024-02-06,True,0.0,free,,,0.0,False,not_eligible,6
33,2024-02-06,True,0.0,free,,,0.0,False,not_eligible,9
34,2024-02-06,True,1.0,pro,4.0,monthly,48.0,False,not_eligible,6
35,2024-02-07,True,1.0,pro,3.0,annual,29.88,False,not_eligible,12
36,2024-02-09,True,0.0,free,,,0.0,False,not_eligible,6
37,2024-02-09,True,0.0,free,,,0.0,False,not_eligible,13
38,2024-02-10,True,0.0,free,,,0.0,False,not_eligible,6
39,2024-02-10,True,0.0,free,,,0.0,False,not_eligible,5
40,2024-02-11,True,0.0,free,,,0.0,False,not_eligible,3
41,2024-02-13,True,0.0,free,,,0.0,False,not_eligible,10
42,2024-02-14,True,0.0,free,,,0.0,False,not_eligible,2
43,2024-02-14,True,0.0,free,,,0.0,False,not_eligible,10
44,2024-02-16,True,0.0,free,,,0.0,False,not_eligible,2
45,2024-02-17,True,0.0,free,,,0.0,False,not_eligible,3
46,2024-02-18,True,0.0,free,,,0.0,False,not_eligible,7
47,2024-02-18,True,0.0,free,,,0.0,False,not_eligible,5
48,2024-02-19,True,1.0,team,26.0,monthly,754.0,False,not_eligible,4
49,2024-02-22,True,0.0,free,,,0.0,False,not_eligible,14
50,2024-02-22,True,0.0,free,,,0.0,False,not_eligible,6
51,2024-02-23,True,1.0,team,9.0,annual,216.63,False,not_eligible,15
52,2024-02-24,True,1.0,pro,1.0,monthly,12.0,False,not_eligible,1
53,2024-02-26,True,0.0,free,,,0.0,False,not_eligible,5
54,2024-02-26,True,0.0,free,,,0.0,False,not_eligible,7
55,2024-02-29,True,0.0,free,,,0.0,False,not_eligible,6
56,2024-02-29,True,0.0,free,,,0.0,False,not_eligible,13
57,2024-02-29,True,0.0,free,,,0.0,False,not_eligible,10
58,2024-03-01,True,0.0,free,,,0.0,False,not_eligible,5
59,2024-03-01,True,0.0,free,,,0.0,False,not_eligible,9
60,2024-03-01,True,1.0,pro,2.0,annual,19.92,False,not_eligible,12
61,2024-03-01,True,0.0,free,,,0.0,False,not_eligible,3
62,2024-03-03,True,0.0,free,,,0.0,False,not_eligible,4
63,2024-03-04,True,0.0,free,,,0.0,False,not_eligible,10
64,2024-03-05,True,0.0,free,,,0.0,False,not_eligible,11
65,2024-03-06,True,0.0,free,,,0.0,False,not_eligible,11
66,2024-03-06,True,0.0,free,,,0.0,False,not_eligible,7
67,2024-03-06,True,1.0,pro,2.0,monthly,24.0,False,not_eligible,10
68,2024-03-06,True,0.0,free,,,0.0,False,not_eligible,4
69,2024-03-07,True,1.0,team,7.0,annual,168.49,False,not_eligible,6
70,2024-03-07,True,0.0,free,,,0.0,False,not_eligible,3
71,2024-03-08,True,1.0,pro,2.0,annual,19.92,False,not_eligible,12
72,2024-03-09,True,0.0,free,,,0.0,False,not_eligible,5
73,2024-03-12,True,1.0,pro,13.0,monthly,156.0,False,not_eligible,8
74,2024-03-13,True,0.0,free,,,0.0,False,not_eligible,5
75,2024-03-13,True,1.0,pro,11.0,monthly,132.0,False,not_eligible,6
76,2024-03-13,True,0.0,free,,,0.0,False,not_eligible,5
77,2024-03-15,True,0.0,free,,,0.0,False,not_eligible,6
78,2024-03-15,True,0.0,free,,,0.0,False,not_eligible,6
79,2024-03-15,True,0.0,free,,,0.0,False,not_eligible,10
80,2024-03-16,True,0.0,free,,,0.0,False,not_eligible,2
81,2024-03-17,True,0.0,free,,,0.0,False,not_eligible,3
82,2024-03-17,True,1.0,team,6.0,monthly,174.0,False,not_eligible,1
83,2024-03-18,True,1.0,pro,14.0,monthly,168.0,False,not_eligible,5
84,2024-03-19,True,0.0,free,,,0.0,False,not_eligible,4
85,2024-03-19,True,1.0,team,7.0,monthly,203.0,False,not_eligible,6
86,2024-03-20,True,0.0,free,,,0.0,False,not_eligible,6
87,2024-03-20,True,0.0,free,,,0.0,False,not_eligible,6
88,2024-03-21,True,0.0,free,,,0.0,False,not_eligible,4
89,2024-03-22,True,0.0,free,,,0.0,False,not_eligible,4
90,2024-03-22,True,0.0,free,,,0.0,False,not_eligible,3
91,2024-03-23,True,1.0,pro,3.0,annual,29.88,False,not_eligible,6
92,2024-03-23,True,0.0,free,,,0.0,False,not_eligible,1
93,2024-03-24,True,0.0,free,,,0.0,False,not_eligible,10
94,2024-03-26,True,0.0,free,,,0.0,False,not_eligible,7
95,2024-03-26,True,1.0,team,5.0,annual,120.35,False,not_eligible,15
96,2024-03-26,True,0.0,free,,,0.0,False,not_eligible,7
97,2024-03-27,True,0.0,free,,,0.0,False,not_eligible,7
98,2024-03-27,True,0.0,free,,,0.0,False,not_eligible,6
99,2024-03-28,True,0.0,free,,,0.0,False,not_eligible,8
100,2024-03-29,True,1.0,team,1.0,monthly,29.0,False,not_eligible,15
101,2024-03-31,True,1.0,pro,1.0,monthly,12.0,False,not_eligible,6
102,2024-03-31,True,0.0,free,,,0.0,False,not_eligible,2
103,2024-04-01,True,1.0,pro,8.0,monthly,96.0,True,treatment,10
104,2024-04-01,True,0.0,free,,,0.0,True,control,7
105,2024-04-01,True,0.0,free,,,0.0,True,control,7
106,2024-04-01,True,0.0,free,,,0.0,True,control,13
107,2024-04-02,True,0.0,free,,,0.0,True,treatment,5
108,2024-04-02,True,0.0,free,,,0.0,True,control,4
109,2024-04-02,True,0.0,free,,,0.0,True,control,6
110,2024-04-03,True,0.0,free,,,0.0,True,control,12
111,2024-04-03,True,1.0,pro,6.0,monthly,72.0,True,control,7
112,2024-04-03,True,0.0,free,,,0.0,True,control,2
113,2024-04-05,True,1.0,pro,3.0,monthly,36.0,True,treatment,10
114,2024-04-07,True,0.0,free,,,0.0,True,control,5
115,2024-04-07,True,1.0,pro,1.0,annual,9.96,True,control,9
116,2024-04-08,True,1.0,pro,8.0,annual,79.68,True,control,6
117,2024-04-08,True,0.0,free,,,0.0,True,treatment,5
118,2024-04-08,True,0.0,free,,,0.0,True,control,10
119,2024-04-11,True,0.0,free,,,0.0,True,control,9
120,2024-04-12,True,0.0,free,,,0.0,True,treatment,9
121,2024-04-13,True,0.0,free,,,0.0,True,control,7
122,2024-04-14,True,0.0,free,,,0.0,True,treatment,3
123,2024-04-15,True,0.0,free,,,0.0,True,treatment,5
124,2024-04-15,True,0.0,free,,,0.0,True,treatment,4
125,2024-04-15,True,0.0,free,,,0.0,True,control,5
126,2024-04-17,True,0.0,free,,,0.0,True,control,4
127,2024-04-17,True,0.0,free,,,0.0,True,control,11
128,2024-04-18,True,0.0,free,,,0.0,True,control,3
129,2024-04-18,True,0.0,free,,,0.0,True,treatment,8
130,2024-04-18,True,0.0,free,,,0.0,True,control,5
131,2024-04-19,True,0.0,free,,,0.0,True,control,20
132,2024-04-20,True,1.0,pro,11.0,annual,109.56,True,control,8
133,2024-04-22,True,0.0,free,,,0.0,True,treatment,6
134,2024-04-23,True,0.0,free,,,0.0,True,treatment,5
135,2024-04-23,True,1.0,pro,2.0,monthly,24.0,True,control,3
136,2024-04-23,True,0.0,free,,,0.0,True,control,10
137,2024-04-23,True,0.0,free,,,0.0,True,control,5
138,2024-04-23,True,1.0,pro,1.0,monthly,12.0,True,treatment,5
139,2024-04-23,True,0.0,free,,,0.0,True,control,3
140,2024-04-25,True,1.0,pro,2.0,monthly,24.0,True,treatment,7
141,2024-04-25,True,0.0,free,,,0.0,True,control,11
142,2024-04-25,True,0.0,free,,,0.0,True,control,11
143,2024-04-26,True,0.0,free,,,0.0,True,control,7
144,2024-04-26,True,0.0,free,,,0.0,True,treatment,4
145,2024-04-26,True,0.0,free,,,0.0,True,treatment,6
146,2024-04-27,True,0.0,free,,,0.0,True,control,3
147,2024-04-28,True,0.0,free,,,0.0,True,control,3
148,2024-04-28,True,0.0,free,,,0.0,True,treatment,7
149,2024-04-29,True,0.0,free,,,0.0,True,control,10
150,2024-04-30,True,0.0,free,,,0.0,True,control,2
151,2024-04-30,True,0.0,free,,,0.0,True,control,11
152,2024-05-02,True,0.0,free,,,0.0,True,treatment,6
153,2024-05-03,True,0.0,free,,,0.0,True,treatment,6
154,2024-05-03,True,0.0,free,,,0.0,True,control,13
155,2024-05-04,True,0.0,free,,,0.0,True,control,8
156,2024-05-06,True,1.0,pro,1.0,monthly,12.0,True,control,6
157,2024-05-09,True,1.0,pro,1.0,monthly,12.0,True,control,2
158,2024-05-10,True,0.0,free,,,0.0,True,control,9
159,2024-05-10,True,0.0,free,,,0.0,True,control,12
160,2024-05-10,True,1.0,pro,3.0,annual,29.88,True,treatment,15
161,2024-05-11,True,1.0,pro,8.0,monthly,96.0,True,control,5
162,2024-05-11,True,0.0,free,,,0.0,True,control,8
163,2024-05-11,True,0.0,free,,,0.0,True,treatment,2
164,2024-05-13,True,0.0,free,,,0.0,True,control,8
165,2024-05-14,True,0.0,free,,,0.0,True,treatment,8
166,2024-05-14,True,0.0,free,,,0.0,True,control,3
167,2024-05-15,True,0.0,free,,,0.0,True,treatment,4
168,2024-05-15,True,0.0,free,,,0.0,True,treatment,8
169,2024-05-16,True,0.0,free,,,0.0,True,control,6
170,2024-05-17,True,0.0,free,,,0.0,True,control,5
171,2024-05-18,True,1.0,pro,9.0,monthly,108.0,True,control,2
172,2024-05-18,True,1.0,team,6.0,monthly,174.0,True,control,4
173,2024-05-18,True,0.0,free,,,0.0,True,treatment,3
174,2024-05-18,True,0.0,free,,,0.0,True,treatment,7
175,2024-05-18,True,0.0,free,,,0.0,True,treatment,5
176,2024-05-19,True,1.0,team,7.0,monthly,203.0,True,treatment,9
177,2024-05-20,True,0.0,free,,,0.0,True,treatment,8
178,2024-05-20,True,0.0,free,,,0.0,True,treatment,6
179,2024-05-20,True,0.0,free,,,0.0,True,control,8
180,2024-05-21,True,0.0,free,,,0.0,True,treatment,5
181,2024-05-21,True,1.0,pro,3.0,monthly,36.0,True,control,10
182,2024-05-22,True,1.0,pro,7.0,annual,69.72,True,treatment,11
183,2024-05-23,True,0.0,free,,,0.0,True,control,6
184,2024-05-24,True,0.0,free,,,0.0,True,control,14
185,2024-05-24,True,0.0,free,,,0.0,True,control,3
186,2024-05-25,True,1.0,pro,7.0,monthly,84.0,True,treatment,7
187,2024-05-27,True,0.0,free,,,0.0,True,control,3
188,2024-05-27,True,0.0,free,,,0.0,True,control,15
189,2024-05-27,True,1.0,pro,3.0,monthly,36.0,True,treatment,8
190,2024-05-27,True,1.0,pro,2.0,monthly,24.0,True,control,10
191,2024-05-28,True,0.0,free,,,0.0,True,control,17
192,2024-05-28,True,1.0,pro,1.0,annual,9.96,True,treatment,9
193,2024-05-28,True,0.0,free,,,0.0,True,treatment,5
194,2024-05-28,True,1.0,team,2.0,annual,48.14,True,control,10
195,2024-05-28,True,0.0,free,,,0.0,True,treatment,12
196,2024-05-29,True,1.0,pro,1.0,annual,9.96,True,control,17
197,2024-05-29,True,1.0,pro,3.0,monthly,36.0,True,treatment,5
198,2024-05-30,True,0.0,free,,,0.0,True,control,1
199,2024-05-31,True,0.0,free,,,0.0,True,control,8
200,2024-06-01,True,0.0,free,,,0.0,True,control,6
201,2024-06-02,True,0.0,free,,,0.0,True,treatment,10
202,2024-06-03,True,0.0,free,,,0.0,True,treatment,4
203,2024-06-03,True,0.0,free,,,0.0,True,control,2
204,2024-06-03,True,1.0,pro,3.0,monthly,36.0,True,control,12
205,2024-06-03,True,0.0,free,,,0.0,True,treatment,5
206,2024-06-03,True,0.0,free,,,0.0,True,treatment,1
207,2024-06-03,True,0.0,free,,,0.0,True,treatment,9
208,2024-06-04,True,1.0,pro,1.0,monthly,12.0,True,control,9
209,2024-06-05,True,0.0,free,,,0.0,True,control,10
210,2024-06-06,True,0.0,free,,,0.0,True,treatment,8
211,2024-06-06,True,1.0,pro,1.0,monthly,12.0,True,control,6
212,2024-06-06,True,0.0,free,,,0.0,True,treatment,2
213,2024-06-07,True,1.0,pro,1.0,monthly,12.0,True,control,10
214,2024-06-07,True,0.0,free,,,0.0,True,treatment,10
215,2024-06-07,True,0.0,free,,,0.0,True,treatment,4
216,2024-06-07,True,0.0,free,,,0.0,True,treatment,9
217,2024-06-07,True,0.0,free,,,0.0,True,treatment,8
218,2024-06-10,True,0.0,free,,,0.0,True,treatment,4
219,2024-06-10,True,0.0,free,,,0.0,True,control,7
220,2024-06-10,True,0.0,free,,,0.0,True,control,21
221,2024-06-10,True,1.0,pro,1.0,monthly,12.0,True,treatment,8
222,2024-06-11,True,0.0,free,,,0.0,True,treatment,3
223,2024-06-11,True,0.0,free,,,0.0,True,control,6
224,2024-06-11,True,0.0,free,,,0.0,True,treatment,13
225,2024-06-12,True,0.0,free,,,0.0,True,control,4
226,2024-06-13,True,0.0,free,,,0.0,True,treatment,16
227,2024-06-13,True,0.0,free,,,0.0,True,treatment,4
228,2024-06-14,True,1.0,pro,8.0,monthly,96.0,True,control,6
229,2024-06-14,True,0.0,free,,,0.0,True,control,11
230,2024-06-14,True,1.0,pro,6.0,annual,59.76,True,control,7
231,2024-06-14,True,1.0,pro,3.0,monthly,36.0,True,treatment,7
232,2024-06-14,True,0.0,free,,,0.0,True,control,5
233,2024-06-15,True,1.0,team,4.0,monthly,116.0,True,control,8
234,2024-06-15,True,1.0,pro,1.0,annual,9.96,True,control,14
235,2024-06-16,True,0.0,free,,,0.0,True,control,8
236,2024-06-17,True,0.0,free,,,0.0,True,treatment,8
237,2024-06-17,True,1.0,pro,11.0,monthly,132.0,True,treatment,10
238,2024-06-18,True,0.0,free,,,0.0,True,treatment,10
239,2024-06-18,True,0.0,free,,,0.0,True,control,7
240,2024-06-19,True,1.0,pro,2.0,annual,19.92,True,control,13
241,2024-06-19,True,0.0,free,,,0.0,True,control,7
242,2024-06-19,True,1.0,pro,4.0,annual,39.84,True,control,2
243,2024-06-20,True,0.0,free,,,0.0,True,treatment,8
244,2024-06-20,True,0.0,free,,,0.0,True,control,5
245,2024-06-20,True,0.0,free,,,0.0,True,treatment,2
246,2024-06-21,True,0.0,free,,,0.0,True,control,13
247,2024-06-21,True,0.0,free,,,0.0,True,treatment,11
248,2024-06-23,True,0.0,free,,,0.0,True,control,4
249,2024-06-24,True,0.0,free,,,0.0,True,control,5
250,2024-06-24,True,0.0,free,,,0.0,True,control,3
251,2024-06-24,True,0.0,free,,,0.0,True,treatment,6
252,2024-06-25,True,0.0,free,,,0.0,True,control,5
253,2024-06-26,True,0.0,free,,,0.0,True,control,12
254,2024-06-27,True,0.0,free,,,0.0,True,treatment,6
255,2024-06-27,True,0.0,free,,,0.0,True,control,14
256,2024-06-27,True,0.0,free,,,0.0,True,control,7
257,2024-07-01,True,0.0,free,,,0.0,True,treatment,11
258,2024-07-01,True,0.0,free,,,0.0,True,treatment,10
259,2024-07-01,True,0.0,free,,,0.0,True,treatment,12
260,2024-07-03,True,0.0,free,,,0.0,True,treatment,2
261,2024-07-03,True,0.0,free,,,0.0,True,treatment,9
262,2024-07-03,True,0.0,free,,,0.0,True,treatment,2
263,2024-07-03,True,1.0,pro,7.0,monthly,84.0,True,control,6
264,2024-07-03,True,0.0,free,,,0.0,True,treatment,7
265,2024-07-04,True,1.0,team,1.0,monthly,29.0,True,control,14
266,2024-07-05,True,0.0,free,,,0.0,True,control,2
267,2024-07-05,True,1.0,pro,1.0,monthly,12.0,True,control,8
268,2024-07-05,True,1.0,pro,4.0,monthly,48.0,True,treatment,2
269,2024-07-05,True,1.0,pro,3.0,monthly,36.0,True,control,7
270,2024-07-06,True,0.0,free,,,0.0,True,control,2
271,2024-07-08,True,0.0,free,,,0.0,True,treatment,4
272,2024-07-08,True,1.0,team,5.0,monthly,145.0,True,treatment,6
273,2024-07-08,True,1.0,pro,2.0,annual,19.92,True,control,14
274,2024-07-09,True,0.0,free,,,0.0,True,control,8
275,2024-07-10,True,0.0,free,,,0.0,True,control,21
276,2024-07-10,True,1.0,pro,4.0,monthly,48.0,True,control,8
277,2024-07-10,True,0.0,free,,,0.0,True,treatment,3
278,2024-07-11,True,0.0,free,,,0.0,True,control,5
279,2024-07-11,True,0.0,free,,,0.0,True,treatment,4
280,2024-07-12,True,0.0,free,,,0.0,True,control,8
281,2024-07-12,True,0.0,free,,,0.0,True,control,2
282,2024-07-12,True,1.0,pro,1.0,monthly,12.0,True,control,9
283,2024-07-13,True,0.0,free,,,0.0,True,control,5
284,2024-07-14,True,0.0,free,,,0.0,True,control,17
285,2024-07-14,True,0.0,free,,,0.0,True,control,7
286,2024-07-15,True,0.0,free,,,0.0,True,control,6
287,2024-07-15,True,0.0,free,,,0.0,True,control,17
288,2024-07-16,True,0.0,free,,,0.0,True,control,8
289,2024-07-16,True,0.0,free,,,0.0,True,control,9
290,2024-07-17,True,0.0,free,,,0.0,True,control,4
291,2024-07-18,True,0.0,free,,,0.0,True,control,4
292,2024-07-18,True,1.0,pro,10.0,annual,99.6,True,control,13
293,2024-07-19,True,0.0,free,,,0.0,True,control,5
294,2024-07-19,True,0.0,free,,,0.0,True,control,11
295,2024-07-19,True,1.0,pro,4.0,monthly,48.0,True,control,9
296,2024-07-20,True,0.0,free,,,0.0,True,treatment,7
297,2024-07-22,True,0.0,free,,,0.0,True,treatment,9
298,2024-07-22,True,1.0,pro,2.0,annual,19.92,True,control,5
299,2024-07-23,True,0.0,free,,,0.0,True,treatment,4
300,2024-07-23,True,0.0,free,,,0.0,True,control,6
301,2024-07-23,True,1.0,pro,3.0,monthly,36.0,True,control,11
302,2024-07-23,True,0.0,free,,,0.0,True,treatment,7
303,2024-07-23,True,0.0,free,,,0.0,True,treatment,3
304,2024-07-24,True,0.0,free,,,0.0,True,treatment,9
305,2024-07-24,True,0.0,free,,,0.0,True,treatment,4
306,2024-07-24,True,0.0,free,,,0.0,True,treatment,13
307,2024-07-24,True,1.0,pro,2.0,annual,19.92,True,control,6
308,2024-07-25,True,0.0,free,,,0.0,True,treatment,8
309,2024-07-25,True,0.0,free,,,0.0,True,treatment,8
310,2024-07-25,True,0.0,free,,,0.0,True,control,6
311,2024-07-25,True,0.0,free,,,0.0,True,control,3
312,2024-07-25,True,1.0,team,22.0,monthly,638.0,True,treatment,9
313,2024-07-26,True,0.0,free,,,0.0,True,control,9
314,2024-07-26,True,0.0,free,,,0.0,True,control,16
315,2024-07-26,True,0.0,free,,,0.0,True,treatment,5
316,2024-07-26,True,0.0,free,,,0.0,True,control,6
317,2024-07-28,True,1.0,pro,1.0,monthly,12.0,True,control,0
318,2024-07-29,True,0.0,free,,,0.0,True,treatment,8
319,2024-07-29,True,0.0,free,,,0.0,True,control,3
320,2024-07-30,True,0.0,free,,,0.0,True,treatment,9
321,2024-07-30,True,0.0,free,,,0.0,True,treatment,5
322,2024-07-31,True,0.0,free,,,0.0,True,control,5
323,2024-07-31,True,0.0,free,,,0.0,True,control,7
324,2024-07-31,True,1.0,pro,3.0,annual,29.88,True,treatment,7
325,2024-08-01,True,0.0,free,,,0.0,True,control,3
326,2024-08-02,True,0.0,free,,,0.0,True,control,7
327,2024-08-02,True,0.0,free,,,0.0,True,control,1
328,2024-08-02,True,0.0,free,,,0.0,True,treatment,9
329,2024-08-02,True,0.0,free,,,0.0,True,treatment,6
330,2024-08-03,True,0.0,free,,,0.0,True,control,5
331,2024-08-03,True,1.0,pro,2.0,monthly,24.0,True,treatment,8
332,2024-08-04,True,0.0,free,,,0.0,True,control,6
333,2024-08-05,True,0.0,free,,,0.0,True,control,8
334,2024-08-05,True,1.0,pro,11.0,monthly,132.0,True,control,4
335,2024-08-06,True,0.0,free,,,0.0,True,control,3
336,2024-08-06,True,0.0,free,,,0.0,True,treatment,8
337,2024-08-06,True,0.0,free,,,0.0,True,control,10
338,2024-08-07,True,0.0,free,,,0.0,True,control,7
339,2024-08-07,True,0.0,free,,,0.0,True,control,8
340,2024-08-07,True,1.0,pro,7.0,monthly,84.0,True,treatment,6
341,2024-08-08,True,0.0,free,,,0.0,True,control,9
342,2024-08-09,True,0.0,free,,,0.0,True,treatment,7
343,2024-08-09,True,1.0,pro,9.0,monthly,108.0,True,control,6
344,2024-08-09,True,1.0,pro,1.0,monthly,12.0,True,control,3
345,2024-08-11,True,0.0,free,,,0.0,True,control,5
346,2024-08-12,True,0.0,free,,,0.0,True,control,6
347,2024-08-13,True,0.0,free,,,0.0,True,treatment,8
348,2024-08-13,True,0.0,free,,,0.0,True,control,15
349,2024-08-13,True,1.0,team,6.0,annual,144.42,True,control,10
350,2024-08-14,True,0.0,free,,,0.0,True,control,4
351,2024-08-14,True,0.0,free,,,0.0,True,control,12
352,2024-08-14,True,0.0,free,,,0.0,True,control,7
353,2024-08-14,True,0.0,free,,,0.0,True,control,7
354,2024-08-15,True,1.0,pro,7.0,annual,69.72,True,control,15
355,2024-08-16,True,1.0,pro,2.0,monthly,24.0,True,control,3
356,2024-08-16,True,0.0,free,,,0.0,True,treatment,2
357,2024-08-17,True,0.0,free,,,0.0,True,control,8
358,2024-08-17,True,0.0,free,,,0.0,True,treatment,5
359,2024-08-17,True,1.0,team,5.0,monthly,145.0,True,control,10
360,2024-08-18,True,0.0,free,,,0.0,True,control,11
361,2024-08-18,True,0.0,free,,,0.0,True,control,7
362,2024-08-19,True,0.0,free,,,0.0,True,treatment,10
363,2024-08-19,True,0.0,free,,,0.0,True,control,7
364,2024-08-19,True,0.0,free,,,0.0,True,treatment,6
365,2024-08-20,True,1.0,pro,1.0,annual,9.96,True,treatment,8
366,2024-08-21,True,0.0,free,,,0.0,True,control,7
367,2024-08-21,True,0.0,free,,,0.0,True,control,9
368,2024-08-21,True,0.0,free,,,0.0,True,treatment,5
369,2024-08-22,True,0.0,free,,,0.0,True,control,6
370,2024-08-23,True,0.0,free,,,0.0,True,control,7
371,2024-08-23,True,1.0,pro,12.0,monthly,144.0,True,treatment,5
372,2024-08-23,True,0.0,free,,,0.0,True,treatment,4
373,2024-08-25,True,0.0,free,,,0.0,True,control,3
374,2024-08-26,True,0.0,free,,,0.0,True,control,3
375,2024-08-26,True,0.0,free,,,0.0,True,treatment,6
376,2024-08-26,True,0.0,free,,,0.0,True,treatment,6
377,2024-08-26,True,0.0,free,,,0.0,True,control,11
378,2024-08-26,True,0.0,free,,,0.0,True,treatment,7
379,2024-08-26,True,1.0,pro,2.0,monthly,24.0,True,treatment,17
380,2024-08-26,True,0.0,free,,,0.0,True,control,3
381,2024-08-26,True,0.0,free,,,0.0,True,control,7
382,2024-08-27,True,1.0,pro,6.0,monthly,72.0,True,control,9
383,2024-08-27,True,0.0,free,,,0.0,True,control,9
384,2024-08-28,True,0.0,free,,,0.0,True,treatment,6
385,2024-08-28,True,0.0,free,,,0.0,True,control,9
386,2024-08-28,True,0.0,free,,,0.0,True,control,2
387,2024-08-28,True,0.0,free,,,0.0,True,control,13
388,2024-08-28,True,0.0,free,,,0.0,True,treatment,9
389,2024-08-29,True,0.0,free,,,0.0,True,treatment,5
390,2024-08-29,True,0.0,free,,,0.0,True,treatment,14
391,2024-08-29,True,0.0,free,,,0.0,True,control,9
392,2024-08-31,True,0.0,free,,,0.0,True,treatment,11
393,2024-08-31,True,0.0,free,,,0.0,True,treatment,8
394,2024-08-31,True,1.0,pro,3.0,annual,29.88,True,control,25
395,2024-09-01,True,1.0,pro,9.0,annual,89.64,True,treatment,10
396,2024-09-01,True,0.0,free,,,0.0,True,treatment,9
397,2024-09-01,True,1.0,pro,26.0,monthly,312.0,True,control,3
398,2024-09-02,True,0.0,free,,,0.0,True,treatment,12
399,2024-09-02,True,0.0,free,,,0.0,True,control,4
400,2024-09-02,True,0.0,free,,,0.0,True,control,5
401,2024-09-02,True,0.0,free,,,0.0,True,treatment,3
402,2024-09-03,True,0.0,free,,,0.0,True,treatment,4
403,2024-09-04,True,1.0,pro,5.0,monthly,60.0,True,control,8
404,2024-09-04,True,0.0,free,,,0.0,True,control,1
405,2024-09-05,True,1.0,pro,1.0,monthly,12.0,True,control,6
406,2024-09-05,True,1.0,pro,3.0,monthly,36.0,True,treatment,3
407,2024-09-05,True,0.0,free,,,0.0,True,control,7
408,2024-09-05,True,0.0,free,,,0.0,True,control,2
409,2024-09-06,True,0.0,free,,,0.0,True,control,4
410,2024-09-06,True,0.0,free,,,0.0,True,control,13
411,2024-09-06,True,1.0,pro,2.0,monthly,24.0,True,treatment,6
412,2024-09-07,True,0.0,free,,,0.0,True,control,13
413,2024-09-07,True,0.0,free,,,0.0,True,treatment,1
414,2024-09-08,True,0.0,free,,,0.0,True,treatment,5
415,2024-09-08,True,0.0,free,,,0.0,True,control,9
416,2024-09-09,True,0.0,free,,,0.0,True,control,7
417,2024-09-09,True,0.0,free,,,0.0,True,treatment,8
418,2024-09-10,True,0.0,free,,,0.0,True,control,5
419,2024-09-10,True,0.0,free,,,0.0,True,control,11
420,2024-09-10,True,1.0,pro,3.0,annual,29.88,True,treatment,19
421,2024-09-11,True,0.0,free,,,0.0,True,control,4
422,2024-09-11,True,0.0,free,,,0.0,True,control,12
423,2024-09-12,True,0.0,free,,,0.0,True,control,5
424,2024-09-13,True,0.0,free,,,0.0,True,control,15
425,2024-09-13,True,1.0,pro,1.0,monthly,12.0,True,treatment,7
426,2024-09-13,True,0.0,free,,,0.0,True,control,8
427,2024-09-13,True,0.0,free,,,0.0,True,treatment,10
428,2024-09-15,True,0.0,free,,,0.0,True,control,10
429,2024-09-15,True,1.0,pro,6.0,monthly,72.0,True,treatment,8
430,2024-09-15,True,0.0,free,,,0.0,True,control,12
431,2024-09-16,True,0.0,free,,,0.0,True,control,3
432,2024-09-16,True,0.0,free,,,0.0,True,treatment,5
433,2024-09-16,True,1.0,pro,9.0,monthly,108.0,True,control,12
434,2024-09-17,True,1.0,pro,1.0,monthly,12.0,True,treatment,3
435,2024-09-18,True,1.0,team,22.0,monthly,638.0,True,control,4
436,2024-09-19,True,0.0,free,,,0.0,True,control,11
437,2024-09-19,True,0.0,free,,,0.0,True,treatment,9
438,2024-09-19,True,0.0,free,,,0.0,True,control,4
439,2024-09-20,True,0.0,free,,,0.0,True,control,9
440,2024-09-20,True,0.0,free,,,0.0,True,control,3
441,2024-09-20,True,0.0,free,,,0.0,True,treatment,6
442,2024-09-20,True,1.0,team,1.0,monthly,29.0,True,control,6
443,2024-09-20,True,0.0,free,,,0.0,True,treatment,10
444,2024-09-21,True,0.0,free,,,0.0,True,treatment,0
445,2024-09-21,True,0.0,free,,,0.0,True,control,5
446,2024-09-22,True,0.0,free,,,0.0,True,control,8
447,2024-09-22,True,1.0,pro,1.0,monthly,12.0,True,control,10
448,2024-09-22,True,0.0,free,,,0.0,True,treatment,8
449,2024-09-23,True,0.0,free,,,0.0,True,control,3
450,2024-09-23,True,0.0,free,,,0.0,True,treatment,8
451,2024-09-24,True,0.0,free,,,0.0,True,control,4
452,2024-09-24,True,1.0,pro,14.0,monthly,168.0,True,control,15
453,2024-09-24,True,0.0,free,,,0.0,True,treatment,12
454,2024-09-24,True,0.0,free,,,0.0,True,treatment,2
455,2024-09-24,True,0.0,free,,,0.0,True,control,8
456,2024-09-25,True,0.0,free,,,0.0,True,treatment,11
457,2024-09-25,True,0.0,free,,,0.0,True,control,6
458,2024-09-25,True,0.0,free,,,0.0,True,treatment,0
459,2024-09-25,True,1.0,pro,9.0,annual,89.64,True,treatment,12
460,2024-09-25,True,0.0,free,,,0.0,True,control,8
461,2024-09-25,True,1.0,team,6.0,monthly,174.0,True,control,4
462,2024-09-26,True,1.0,team,2.0,annual,48.14,True,control,9
463,2024-09-27,True,0.0,free,,,0.0,True,treatment,15
464,2024-09-27,True,0.0,free,,,0.0,True,treatment,6
465,2024-09-27,True,0.0,free,,,0.0,True,control,10
466,2024-09-27,True,0.0,free,,,0.0,True,treatment,1
467,2024-09-28,True,0.0,free,,,0.0,True,control,25
468,2024-09-30,True,0.0,free,,,0.0,True,treatment,8
469,2024-10-01,True,0.0,free,,,0.0,True,control,5
470,2024-10-01,True,0.0,free,,,0.0,True,control,5
471,2024-10-01,True,0.0,free,,,0.0,True,treatment,5
472,2024-10-02,True,1.0,pro,7.0,monthly,84.0,True,control,5
473,2024-10-04,True,0.0,free,,,0.0,True,control,5
474,2024-10-04,True,1.0,team,9.0,monthly,261.0,True,treatment,13
475,2024-10-05,True,1.0,pro,1.0,monthly,12.0,True,treatment,5
476,2024-10-07,True,0.0,free,,,0.0,True,treatment,8
477,2024-10-07,True,0.0,free,,,0.0,True,treatment,3
478,2024-10-08,True,1.0,pro,2.0,annual,19.92,True,control,15
479,2024-10-08,True,0.0,free,,,0.0,True,treatment,5
480,2024-10-08,True,0.0,free,,,0.0,True,control,12
481,2024-10-09,True,0.0,free,,,0.0,True,treatment,6
482,2024-10-09,True,1.0,team,28.0,monthly,812.0,True,treatment,10
483,2024-10-09,True,0.0,free,,,0.0,True,control,6
484,2024-10-10,True,0.0,free,,,0.0,True,control,7
485,2024-10-10,True,0.0,free,,,0.0,True,control,14
486,2024-10-10,True,1.0,pro,6.0,annual,59.76,True,treatment,8
487,2024-10-11,True,0.0,free,,,0.0,True,treatment,3
488,2024-10-11,True,1.0,team,21.0,monthly,609.0,True,control,7
489,2024-10-12,True,0.0,free,,,0.0,True,control,7
490,2024-10-12,True,0.0,free,,,0.0,True,treatment,6
491,2024-10-14,True,0.0,free,,,0.0,True,treatment,4
492,2024-10-14,True,0.0,free,,,0.0,True,treatment,7
493,2024-10-15,True,0.0,free,,,0.0,True,control,5
494,2024-10-16,True,0.0,free,,,0.0,True,treatment,13
495,2024-10-16,True,0.0,free,,,0.0,True,control,9
496,2024-10-17,True,1.0,pro,3.0,annual,29.88,True,control,9
497,2024-10-17,True,0.0,free,,,0.0,True,control,1
498,2024-10-17,True,0.0,free,,,0.0,True,treatment,6
499,2024-10-18,True,0.0,free,,,0.0,True,control,8
500,2024-10-18,True,0.0,free,,,0.0,True,control,6
501,2024-10-18,True,0.0,free,,,0.0,True,treatment,8
502,2024-10-18,True,1.0,pro,3.0,annual,29.88,True,treatment,4
503,2024-10-19,True,0.0,free,,,0.0,True,treatment,7
504,2024-10-20,True,0.0,free,,,0.0,True,control,4
505,2024-10-20,True,1.0,pro,2.0,monthly,24.0,True,control,9
506,2024-10-20,True,0.0,free,,,0.0,True,control,4
507,2024-10-21,True,1.0,team,1.0,annual,24.07,True,control,8
508,2024-10-21,True,1.0,pro,1.0,monthly,12.0,True,control,7
509,2024-10-21,True,0.0,free,,,0.0,True,treatment,15
510,2024-10-21,True,0.0,free,,,0.0,True,treatment,8
511,2024-10-22,True,0.0,free,,,0.0,True,control,2
512,2024-10-22,True,1.0,pro,5.0,monthly,60.0,True,treatment,10
513,2024-10-24,True,0.0,free,,,0.0,True,control,2
514,2024-10-25,True,1.0,pro,2.0,annual,19.92,True,treatment,11
515,2024-10-25,True,0.0,free,,,0.0,True,control,4
516,2024-10-25,True,0.0,free,,,0.0,True,control,16
517,2024-10-25,True,1.0,pro,2.0,monthly,24.0,True,treatment,4
518,2024-10-26,True,0.0,free,,,0.0,True,control,7
519,2024-10-26,True,0.0,free,,,0.0,True,control,7
520,2024-10-28,True,0.0,free,,,0.0,True,treatment,1
521,2024-10-28,True,1.0,team,29.0,annual,698.03,True,control,21
522,2024-10-28,True,0.0,free,,,0.0,True,control,6
523,2024-10-28,True,1.0,pro,8.0,annual,79.68,True,treatment,14
524,2024-10-30,True,0.0,free,,,0.0,True,control,8
525,2024-10-30,True,0.0,free,,,0.0,True,treatment,2
526,2024-10-30,True,0.0,free,,,0.0,True,treatment,14
527,2024-10-30,True,0.0,free,,,0.0,True,treatment,6
528,2024-10-30,True,1.0,pro,2.0,monthly,24.0,True,control,8
529,2024-10-31,True,0.0,free,,,0.0,True,control,6
530,2024-10-31,True,0.0,free,,,0.0,True,control,11
531,2024-11-01,True,1.0,team,3.0,monthly,87.0,True,treatment,8
532,2024-11-01,True,0.0,free,,,0.0,True,control,5
533,2024-11-01,True,0.0,free,,,0.0,True,treatment,10
534,2024-11-01,True,0.0,free,,,0.0,True,treatment,3
535,2024-11-02,True,0.0,free,,,0.0,True,treatment,1
536,2024-11-03,True,1.0,pro,2.0,annual,19.92,True,treatment,5
537,2024-11-04,True,0.0,free,,,0.0,True,control,4
538,2024-11-04,True,0.0,free,,,0.0,True,treatment,13
539,2024-11-04,True,0.0,free,,,0.0,True,control,5
540,2024-11-04,True,0.0,free,,,0.0,True,control,11
541,2024-11-04,True,0.0,free,,,0.0,True,treatment,5
542,2024-11-05,True,1.0,team,1.0,monthly,29.0,True,treatment,5
543,2024-11-05,True,0.0,free,,,0.0,True,treatment,5
544,2024-11-05,True,0.0,free,,,0.0,True,treatment,11
545,2024-11-05,True,0.0,free,,,0.0,True,treatment,8
546,2024-11-06,True,0.0,free,,,0.0,True,treatment,2
547,2024-11-06,True,0.0,free,,,0.0,True,treatment,6
548,2024-11-06,True,1.0,pro,8.0,monthly,96.0,True,control,7
549,2024-11-07,True,1.0,pro,3.0,annual,29.88,True,control,13
550,2024-11-07,True,0.0,free,,,0.0,True,control,7
551,2024-11-07,True,0.0,free,,,0.0,True,treatment,2
552,2024-11-08,True,0.0,free,,,0.0,True,treatment,1
553,2024-11-08,True,0.0,free,,,0.0,True,treatment,14
554,2024-11-09,True,0.0,free,,,0.0,True,treatment,9
555,2024-11-09,True,0.0,free,,,0.0,True,control,8
556,2024-11-10,True,1.0,pro,4.0,annual,39.84,True,treatment,18
557,2024-11-10,True,0.0,free,,,0.0,True,control,8
558,2024-11-10,True,1.0,pro,4.0,monthly,48.0,True,control,10
559,2024-11-11,True,0.0,free,,,0.0,True,treatment,9
560,2024-11-11,True,0.0,free,,,0.0,True,control,6
561,2024-11-11,True,0.0,free,,,0.0,True,treatment,9
562,2024-11-11,True,1.0,pro,10.0,monthly,120.0,True,treatment,8
563,2024-11-11,True,0.0,free,,,0.0,True,control,5
564,2024-11-12,True,0.0,free,,,0.0,True,control,7
565,2024-11-12,True,0.0,free,,,0.0,True,treatment,22
566,2024-11-12,True,0.0,free,,,0.0,True,control,13
567,2024-11-12,True,0.0,free,,,0.0,True,control,4
568,2024-11-13,True,0.0,free,,,0.0,True,treatment,8
569,2024-11-14,True,0.0,free,,,0.0,True,control,7
570,2024-11-14,True,0.0,free,,,0.0,True,control,3
571,2024-11-14,True,1.0,pro,1.0,monthly,12.0,True,control,9
572,2024-11-14,True,0.0,free,,,0.0,True,treatment,5
573,2024-11-14,True,0.0,free,,,0.0,True,control,6
574,2024-11-15,True,0.0,free,,,0.0,True,control,4
575,2024-11-15,True,1.0,pro,17.0,annual,169.32,True,treatment,16
576,2024-11-15,True,0.0,free,,,0.0,True,control,9
577,2024-11-15,True,0.0,free,,,0.0,True,treatment,4
578,2024-11-15,True,0.0,free,,,0.0,True,control,1
579,2024-11-17,True,1.0,pro,4.0,monthly,48.0,True,treatment,12
580,2024-11-18,True,0.0,free,,,0.0,True,control,10
581,2024-11-19,True,0.0,free,,,0.0,True,control,16
582,2024-11-19,True,0.0,free,,,0.0,True,control,12
583,2024-11-19,True,0.0,free,,,0.0,True,treatment,5
584,2024-11-19,True,1.0,pro,1.0,monthly,12.0,True,control,8
585,2024-11-20,True,0.0,free,,,0.0,True,control,3
586,2024-11-20,True,0.0,free,,,0.0,True,control,8
587,2024-11-20,True,0.0,free,,,0.0,True,control,1
588,2024-11-21,True,0.0,free,,,0.0,True,treatment,13
589,2024-11-21,True,1.0,pro,8.0,annual,79.68,True,control,11
590,2024-11-22,True,0.0,free,,,0.0,True,treatment,6
591,2024-11-23,True,0.0,free,,,0.0,True,control,7
592,2024-11-23,True,1.0,pro,5.0,monthly,60.0,True,treatment,9
593,2024-11-23,True,0.0,free,,,0.0,True,control,5
594,2024-11-25,True,1.0,pro,5.0,monthly,60.0,True,control,16
595,2024-11-25,True,0.0,free,,,0.0,True,treatment,4
596,2024-11-25,True,0.0,free,,,0.0,True,control,14
597,2024-11-25,True,0.0,free,,,0.0,True,control,9
598,2024-11-26,True,0.0,free,,,0.0,True,control,15
599,2024-11-26,True,0.0,free,,,0.0,True,treatment,5
600,2024-11-26,True,0.0,free,,,0.0,True,treatment,10
601,2024-11-26,True,0.0,free,,,0.0,True,treatment,5
602,2024-11-27,True,1.0,team,1.0,annual,24.07,True,control,6
603,2024-11-27,True,1.0,pro,4.0,monthly,48.0,True,treatment,9
604,2024-11-28,True,0.0,free,,,0.0,True,treatment,5
605,2024-11-28,True,0.0,free,,,0.0,True,control,4
606,2024-11-28,True,0.0,free,,,0.0,True,treatment,8
607,2024-11-29,True,1.0,pro,8.0,annual,79.68,True,control,4
608,2024-11-30,True,0.0,free,,,0.0,True,treatment,11
609,2024-11-30,True,0.0,free,,,0.0,True,treatment,7
610,2024-11-30,True,0.0,free,,,0.0,True,treatment,18
611,2024-12-01,True,0.0,free,,,0.0,True,control,5
612,2024-12-02,True,0.0,free,,,0.0,True,control,11
613,2024-12-02,True,0.0,free,,,0.0,True,treatment,6
614,2024-12-02,True,1.0,pro,7.0,monthly,84.0,True,control,1
615,2024-12-02,True,0.0,free,,,0.0,True,control,3
616,2024-12-03,True,0.0,free,,,0.0,True,treatment,0
617,2024-12-03,True,0.0,free,,,0.0,True,control,5
618,2024-12-04,True,0.0,free,,,0.0,True,treatment,17
619,2024-12-04,True,1.0,pro,1.0,annual,9.96,True,treatment,8
620,2024-12-04,True,1.0,pro,1.0,monthly,12.0,True,control,8
621,2024-12-05,True,1.0,pro,3.0,annual,29.88,True,control,11
622,2024-12-05,True,0.0,free,,,0.0,True,control,7
623,2024-12-05,True,0.0,free,,,0.0,True,control,1
624,2024-12-05,True,0.0,free,,,0.0,True,control,14
625,2024-12-06,True,0.0,free,,,0.0,True,control,11
626,2024-12-06,True,0.0,free,,,0.0,True,treatment,7
627,2024-12-08,True,0.0,free,,,0.0,True,treatment,7
628,2024-12-08,True,0.0,free,,,0.0,True,control,9
629,2024-12-08,True,0.0,free,,,0.0,True,treatment,12
630,2024-12-08,True,0.0,free,,,0.0,True,control,2
631,2024-12-09,True,0.0,free,,,0.0,True,control,9
632,2024-12-09,True,0.0,free,,,0.0,True,control,6
633,2024-12-09,True,0.0,free,,,0.0,True,control,6
634,2024-12-10,True,0.0,free,,,0.0,True,treatment,16
635,2024-12-10,True,0.0,free,,,0.0,True,treatment,6
636,2024-12-10,True,1.0,pro,22.0,annual,219.12,True,treatment,6
637,2024-12-10,True,1.0,pro,1.0,annual,9.96,True,control,11
638,2024-12-11,True,0.0,free,,,0.0,True,treatment,4
639,2024-12-11,True,1.0,team,3.0,annual,72.21,True,control,8
640,2024-12-13,True,0.0,free,,,0.0,True,treatment,6
641,2024-12-13,True,1.0,pro,1.0,monthly,12.0,True,control,5
642,2024-12-14,True,0.0,free,,,0.0,True,control,5
643,2024-12-14,True,0.0,free,,,0.0,True,control,8
644,2024-12-15,True,0.0,free,,,0.0,True,treatment,9
645,2024-12-16,True,0.0,free,,,0.0,True,treatment,10
646,2024-12-16,True,1.0,team,3.0,monthly,87.0,True,treatment,6
647,2024-12-16,True,0.0,free,,,0.0,True,control,4
648,2024-12-16,True,0.0,free,,,0.0,True,control,5
649,2024-12-17,True,0.0,free,,,0.0,True,treatment,3
650,2024-12-17,True,0.0,free,,,0.0,True,treatment,9
651,2024-12-18,True,0.0,free,,,0.0,True,control,9
652,2024-12-18,True,0.0,free,,,0.0,True,control,18
653,2024-12-18,True,0.0,free,,,0.0,True,control,5
654,2024-12-18,True,1.0,team,19.0,monthly,551.0,True,control,7
655,2024-12-18,True,0.0,free,,,0.0,True,treatment,4
656,2024-12-19,True,0.0,free,,,0.0,True,treatment,4
657,2024-12-19,True,0.0,free,,,0.0,True,treatment,11
658,2024-12-19,True,0.0,free,,,0.0,True,treatment,13
659,2024-12-20,True,1.0,pro,8.0,monthly,96.0,True,control,4
660,2024-12-20,True,0.0,free,,,0.0,True,treatment,9
661,2024-12-21,True,0.0,free,,,0.0,True,treatment,4
662,2024-12-23,True,1.0,team,2.0,annual,48.14,True,control,10
663,2024-12-23,True,0.0,free,,,0.0,True,treatment,9
664,2024-12-23,True,0.0,free,,,0.0,True,treatment,10
665,2024-12-23,True,0.0,free,,,0.0,True,control,4
666,2024-12-23,True,0.0,free,,,0.0,True,treatment,12
667,2024-12-24,True,0.0,free,,,0.0,True,control,17
668,2024-12-24,True,0.0,free,,,0.0,True,treatment,6
669,2024-12-24,True,0.0,free,,,0.0,True,treatment,5
670,2024-12-24,True,1.0,pro,23.0,annual,229.08,True,treatment,3
671,2024-12-24,True,1.0,pro,12.0,annual,119.52,True,treatment,13
672,2024-12-25,True,0.0,free,,,0.0,True,control,13
673,2024-12-25,True,0.0,free,,,0.0,True,control,2
674,2024-12-26,True,1.0,team,3.0,annual,72.21,True,treatment,10
675,2024-12-26,True,0.0,free,,,0.0,True,treatment,6
676,2024-12-26,True,1.0,pro,4.0,monthly,48.0,True,treatment,1
677,2024-12-26,True,0.0,free,,,0.0,True,control,6
678,2024-12-26,True,0.0,free,,,0.0,True,control,6
679,2024-12-26,True,0.0,free,,,0.0,True,treatment,4
680,2024-12-27,True,1.0,pro,5.0,monthly,60.0,True,control,4
681,2024-12-27,True,1.0,pro,27.0,monthly,324.0,True,control,18
682,2024-12-27,True,0.0,free,,,0.0,True,control,13
683,2024-12-27,True,1.0,pro,9.0,monthly,108.0,True,control,4
684,2024-12-27,True,1.0,pro,1.0,monthly,12.0,True,treatment,8
685,2024-12-28,True,0.0,free,,,0.0,True,treatment,5
686,2024-12-28,True,0.0,free,,,0.0,True,treatment,8
687,2024-12-29,True,1.0,pro,1.0,annual,9.96,True,control,2
688,2024-12-29,True,0.0,free,,,0.0,True,control,10
689,2024-12-30,True,0.0,free,,,0.0,True,treatment,1
690,2024-12-30,True,0.0,free,,,0.0,True,control,11
691,2024-12-31,True,1.0,pro,5.0,monthly,60.0,True,treatment,8
692,2024-12-31,True,0.0,free,,,0.0,True,treatment,9
693,2024-12-31,True,0.0,free,,,0.0,True,treatment,6
694,2025-01-01,True,0.0,free,,,0.0,True,treatment,4
695,2025-01-01,True,0.0,free,,,0.0,True,control,6
696,2025-01-01,True,0.0,free,,,0.0,True,treatment,3
697,2025-01-01,True,1.0,team,4.0,annual,96.28,True,control,13
698,2025-01-02,True,0.0,free,,,0.0,True,control,4
699,2025-01-02,True,1.0,team,18.0,monthly,522.0,True,control,10
700,2025-01-03,True,0.0,free,,,0.0,True,control,9
701,2025-01-04,True,1.0,pro,4.0,annual,39.84,True,treatment,14
702,2025-01-04,True,0.0,free,,,0.0,True,control,7
703,2025-01-05,True,1.0,pro,13.0,monthly,156.0,True,treatment,8
704,2025-01-05,True,0.0,free,,,0.0,True,control,4
705,2025-01-05,True,0.0,free,,,0.0,True,treatment,3
706,2025-01-05,True,0.0,free,,,0.0,True,treatment,6
707,2025-01-06,True,0.0,free,,,0.0,True,treatment,7
708,2025-01-06,True,0.0,free,,,0.0,True,treatment,3
709,2025-01-06,True,1.0,pro,3.0,monthly,36.0,True,treatment,1
710,2025-01-06,True,0.0,free,,,0.0,True,control,7
711,2025-01-06,True,0.0,free,,,0.0,True,treatment,3
712,2025-01-07,True,1.0,pro,8.0,monthly,96.0,True,control,12
713,2025-01-07,True,0.0,free,,,0.0,True,treatment,17
714,2025-01-07,True,0.0,free,,,0.0,True,treatment,4
715,2025-01-07,True,1.0,pro,2.0,monthly,24.0,True,treatment,8
716,2025-01-07,True,0.0,free,,,0.0,True,treatment,6
717,2025-01-07,True,0.0,free,,,0.0,True,control,10
718,2025-01-08,True,0.0,free,,,0.0,True,treatment,7
719,2025-01-08,True,0.0,free,,,0.0,True,treatment,4
720,2025-01-08,True,1.0,pro,10.0,monthly,120.0,True,treatment,8
721,2025-01-08,True,0.0,free,,,0.0,True,treatment,12
722,2025-01-09,True,0.0,free,,,0.0,True,treatment,16
723,2025-01-09,True,0.0,free,,,0.0,True,control,4
724,2025-01-09,True,0.0,free,,,0.0,True,treatment,4
725,2025-01-09,True,0.0,free,,,0.0,True,treatment,19
726,2025-01-09,True,1.0,pro,21.0,monthly,252.0,True,treatment,3
727,2025-01-09,True,0.0,free,,,0.0,True,control,1
728,2025-01-09,True,0.0,free,,,0.0,True,control,7
729,2025-01-09,True,0.0,free,,,0.0,True,treatment,6
730,2025-01-09,True,0.0,free,,,0.0,True,control,3
731,2025-01-10,True,0.0,free,,,0.0,True,control,6
732,2025-01-10,True,0.0,free,,,0.0,True,control,8
733,2025-01-10,True,0.0,free,,,0.0,True,control,5
734,2025-01-11,True,0.0,free,,,0.0,True,control,8
735,2025-01-12,True,0.0,free,,,0.0,True,control,8
736,2025-01-12,True,1.0,pro,15.0,monthly,180.0,True,treatment,10
737,2025-01-14,True,1.0,pro,6.0,annual,59.76,True,control,7
738,2025-01-14,True,0.0,free,,,0.0,True,control,6
739,2025-01-14,True,0.0,free,,,0.0,True,control,3
740,2025-01-15,True,0.0,free,,,0.0,True,treatment,7
741,2025-01-15,True,1.0,team,7.0,monthly,203.0,True,treatment,3
742,2025-01-16,True,0.0,free,,,0.0,True,control,3
743,2025-01-16,True,1.0,pro,10.0,annual,99.6,True,control,9
744,2025-01-17,True,1.0,team,20.0,annual,481.4,True,treatment,4
745,2025-01-17,True,1.0,pro,5.0,monthly,60.0,True,treatment,4
746,2025-01-17,True,0.0,free,,,0.0,True,treatment,10
747,2025-01-17,True,0.0,free,,,0.0,True,treatment,15
748,2025-01-19,True,0.0,free,,,0.0,True,treatment,10
749,2025-01-19,True,1.0,pro,3.0,annual,29.88,True,control,3
750,2025-01-20,True,1.0,pro,16.0,annual,159.36,True,treatment,9
751,2025-01-20,True,1.0,pro,4.0,monthly,48.0,True,control,5
752,2025-01-20,True,0.0,free,,,0.0,True,control,6
753,2025-01-21,True,0.0,free,,,0.0,True,control,7
754,2025-01-21,True,0.0,free,,,0.0,True,treatment,7
755,2025-01-21,True,1.0,pro,5.0,monthly,60.0,True,treatment,5
756,2025-01-21,True,0.0,free,,,0.0,True,control,1
757,2025-01-21,True,0.0,free,,,0.0,True,treatment,5
758,2025-01-21,True,0.0,free,,,0.0,True,control,8
759,2025-01-21,True,0.0,free,,,0.0,True,treatment,9
760,2025-01-22,True,0.0,free,,,0.0,True,treatment,9
761,2025-01-22,True,0.0,free,,,0.0,True,treatment,11
762,2025-01-22,True,0.0,free,,,0.0,True,control,4
763,2025-01-23,True,0.0,free,,,0.0,True,treatment,3
764,2025-01-23,True,0.0,free,,,0.0,True,treatment,9
765,2025-01-24,True,0.0,free,,,0.0,True,treatment,8
766,2025-01-24,True,0.0,free,,,0.0,True,control,15
767,2025-01-24,True,0.0,free,,,0.0,True,treatment,13
768,2025-01-24,True,0.0,free,,,0.0,True,treatment,8
769,2025-01-24,True,0.0,free,,,0.0,True,control,7
770,2025-01-24,True,0.0,free,,,0.0,True,control,6
771,2025-01-25,True,0.0,free,,,0.0,True,treatment,9
772,2025-01-25,True,1.0,pro,9.0,annual,89.64,True,treatment,19
773,2025-01-25,True,1.0,team,26.0,monthly,754.0,True,treatment,8
774,2025-01-25,True,0.0,free,,,0.0,True,control,3
775,2025-01-26,True,1.0,pro,3.0,monthly,36.0,True,control,4
776,2025-01-27,True,0.0,free,,,0.0,True,treatment,5
777,2025-01-27,True,0.0,free,,,0.0,True,treatment,6
778,2025-01-28,True,0.0,free,,,0.0,True,control,9
779,2025-01-29,True,0.0,free,,,0.0,True,control,6
780,2025-01-29,True,0.0,free,,,0.0,True,treatment,3
781,2025-01-30,True,1.0,team,9.0,monthly,261.0,True,treatment,9
782,2025-01-30,True,0.0,free,,,0.0,True,control,6
783,2025-01-30,True,0.0,free,,,0.0,True,control,5
784,2025-01-31,True,0.0,free,,,0.0,True,control,5
785,2025-01-31,True,1.0,pro,7.0,monthly,84.0,True,control,8
786,2025-01-31,True,1.0,team,27.0,monthly,783.0,True,control,6
787,2025-01-31,True,0.0,free,,,0.0,True,control,6
788,2025-02-01,True,1.0,team,25.0,monthly,725.0,True,treatment,7
789,2025-02-01,True,0.0,free,,,0.0,True,control,3
790,2025-02-02,True,0.0,free,,,0.0,True,control,6
791,2025-02-02,True,0.0,free,,,0.0,True,control,9
792,2025-02-02,True,0.0,free,,,0.0,True,control,4
793,2025-02-03,True,1.0,pro,4.0,annual,39.84,True,control,16
794,2025-02-03,True,1.0,team,11.0,monthly,319.0,True,control,1
795,2025-02-04,True,0.0,free,,,0.0,True,control,5
796,2025-02-04,True,1.0,team,7.0,monthly,203.0,True,control,6
797,2025-02-05,True,0.0,free,,,0.0,True,treatment,7
798,2025-02-06,True,0.0,free,,,0.0,True,control,18
799,2025-02-06,True,0.0,free,,,0.0,True,treatment,11
800,2025-02-06,True,0.0,free,,,0.0,True,treatment,6
801,2025-02-06,True,0.0,free,,,0.0,True,treatment,6
802,2025-02-07,True,1.0,pro,1.0,monthly,12.0,True,control,11
803,2025-02-07,True,0.0,free,,,0.0,True,control,9
804,2025-02-07,True,1.0,pro,1.0,annual,9.96,True,treatment,7
805,2025-02-07,True,0.0,free,,,0.0,True,treatment,15
806,2025-02-07,True,0.0,free,,,0.0,True,treatment,11
807,2025-02-08,True,1.0,team,15.0,monthly,435.0,True,control,8
808,2025-02-09,True,1.0,team,19.0,monthly,551.0,True,control,6
809,2025-02-09,True,1.0,pro,1.0,annual,9.96,True,treatment,15
810,2025-02-10,True,1.0,pro,2.0,monthly,24.0,True,treatment,4
811,2025-02-10,True,1.0,pro,5.0,monthly,60.0,True,treatment,5
812,2025-02-10,True,0.0,free,,,0.0,True,treatment,9
813,2025-02-11,True,1.0,pro,1.0,monthly,12.0,True,control,8
814,2025-02-12,True,1.0,pro,1.0,annual,9.96,True,control,15
815,2025-02-12,True,0.0,free,,,0.0,True,control,5
816,2025-02-12,True,0.0,free,,,0.0,True,control,9
817,2025-02-12,True,1.0,team,8.0,monthly,232.0,True,control,7
818,2025-02-13,True,0.0,free,,,0.0,True,treatment,10
819,2025-02-13,True,1.0,pro,1.0,monthly,12.0,True,treatment,7
820,2025-02-13,True,0.0,free,,,0.0,True,treatment,3
821,2025-02-14,True,0.0,free,,,0.0,True,control,7
822,2025-02-14,True,0.0,free,,,0.0,True,treatment,9
823,2025-02-14,True,0.0,free,,,0.0,True,treatment,2
824,2025-02-16,True,0.0,free,,,0.0,True,control,12
825,2025-02-16,True,0.0,free,,,0.0,True,treatment,4
826,2025-02-17,True,1.0,pro,3.0,monthly,36.0,True,treatment,4
827,2025-02-17,True,0.0,free,,,0.0,True,treatment,4
828,2025-02-17,True,0.0,free,,,0.0,True,control,9
829,2025-02-17,True,1.0,pro,7.0,monthly,84.0,True,control,13
830,2025-02-18,True,0.0,free,,,0.0,True,treatment,10
831,2025-02-19,True,1.0,team,17.0,monthly,493.0,True,control,2
832,2025-02-19,True,0.0,free,,,0.0,True,treatment,11
833,2025-02-19,True,0.0,free,,,0.0,True,control,6
834,2025-02-20,True,0.0,free,,,0.0,True,control,1
835,2025-02-21,True,1.0,pro,2.0,monthly,24.0,True,treatment,6
836,2025-02-21,True,1.0,pro,4.0,annual,39.84,True,treatment,8
837,2025-02-22,True,1.0,pro,1.0,monthly,12.0,True,control,4
838,2025-02-22,True,1.0,pro,5.0,monthly,60.0,True,control,11
839,2025-02-24,True,0.0,free,,,0.0,True,control,5
840,2025-02-24,True,0.0,free,,,0.0,True,control,3
841,2025-02-24,True,0.0,free,,,0.0,True,control,4
842,2025-02-25,True,1.0,pro,1.0,monthly,12.0,True,control,9
843,2025-02-25,True,0.0,free,,,0.0,True,control,7
844,2025-02-25,True,0.0,free,,,0.0,True,treatment,3
845,2025-02-26,True,0.0,free,,,0.0,True,control,3
846,2025-02-26,True,0.0,free,,,0.0,True,control,7
847,2025-02-27,True,1.0,pro,4.0,monthly,48.0,True,control,17
848,2025-02-27,True,1.0,team,8.0,monthly,232.0,True,control,4
849,2025-02-27,True,1.0,pro,1.0,monthly,12.0,True,treatment,7
850,2025-02-27,True,1.0,pro,14.0,monthly,168.0,True,treatment,7
851,2025-02-27,True,0.0,free,,,0.0,True,control,5
852,2025-02-28,True,0.0,free,,,0.0,True,control,14
853,2025-02-28,True,0.0,free,,,0.0,True,treatment,10
854,2025-02-28,True,1.0,pro,4.0,annual,39.84,True,control,8
855,2025-02-28,True,0.0,free,,,0.0,True,control,5
856,2025-02-28,True,0.0,free,,,0.0,True,control,6
857,2025-03-01,True,0.0,free,,,0.0,True,treatment,11
858,2025-03-01,True,0.0,free,,,0.0,True,control,7
859,2025-03-01,True,1.0,pro,3.0,monthly,36.0,True,treatment,7
860,2025-03-01,True,1.0,team,2.0,monthly,58.0,True,control,2
861,2025-03-02,True,1.0,pro,1.0,monthly,12.0,True,treatment,11
862,2025-03-02,True,0.0,free,,,0.0,True,treatment,4
863,2025-03-03,True,0.0,free,,,0.0,True,treatment,13
864,2025-03-03,True,1.0,pro,25.0,monthly,300.0,True,control,4
865,2025-03-04,True,1.0,team,27.0,monthly,783.0,True,treatment,3
866,2025-03-04,True,1.0,pro,5.0,monthly,60.0,True,treatment,3
867,2025-03-04,True,0.0,free,,,0.0,True,control,3
868,2025-03-04,True,0.0,free,,,0.0,True,control,2
869,2025-03-04,True,0.0,free,,,0.0,True,control,13
870,2025-03-05,True,0.0,free,,,0.0,True,control,7
871,2025-03-05,True,1.0,team,26.0,monthly,754.0,True,control,9
872,2025-03-05,True,0.0,free,,,0.0,True,treatment,6
873,2025-03-05,True,1.0,team,6.0,annual,144.42,True,treatment,0
874,2025-03-05,True,1.0,pro,2.0,monthly,24.0,True,treatment,6
875,2025-03-06,True,1.0,team,5.0,annual,120.35,True,treatment,13
876,2025-03-06,True,0.0,free,,,0.0,True,control,6
877,2025-03-06,True,1.0,pro,7.0,annual,69.72,True,control,7
878,2025-03-06,True,0.0,free,,,0.0,True,treatment,1
879,2025-03-07,True,0.0,free,,,0.0,True,control,4
880,2025-03-07,True,1.0,pro,11.0,annual,109.56,True,control,10
881,2025-03-08,True,0.0,free,,,0.0,True,control,4
882,2025-03-08,True,1.0,pro,3.0,annual,29.88,True,control,7
883,2025-03-09,True,0.0,free,,,0.0,True,treatment,3
884,2025-03-09,True,0.0,free,,,0.0,True,treatment,21
885,2025-03-10,True,0.0,free,,,0.0,True,control,9
886,2025-03-10,True,0.0,free,,,0.0,True,control,1
887,2025-03-10,True,0.0,free,,,0.0,True,treatment,8
888,2025-03-10,True,1.0,team,20.0,monthly,580.0,True,treatment,2
889,2025-03-11,True,0.0,free,,,0.0,True,treatment,4
890,2025-03-11,True,0.0,free,,,0.0,True,control,5
891,2025-03-11,True,0.0,free,,,0.0,True,treatment,3
892,2025-03-11,True,0.0,free,,,0.0,True,treatment,5
893,2025-03-12,True,0.0,free,,,0.0,True,treatment,2
894,2025-03-13,True,0.0,free,,,0.0,True,control,6
895,2025-03-14,True,0.0,free,,,0.0,True,treatment,12
896,2025-03-14,True,1.0,pro,3.0,monthly,36.0,True,treatment,4
897,2025-03-14,True,0.0,free,,,0.0,True,control,7
898,2025-03-14,True,0.0,free,,,0.0,True,treatment,5
899,2025-03-15,True,0.0,free,,,0.0,True,control,18
900,2025-03-15,True,0.0,free,,,0.0,True,control,3
901,2025-03-15,True,0.0,free,,,0.0,True,control,8
902,2025-03-16,True,0.0,free,,,0.0,True,treatment,15
903,2025-03-17,True,0.0,free,,,0.0,True,treatment,6
904,2025-03-17,True,0.0,free,,,0.0,True,treatment,9
905,2025-03-17,True,0.0,free,,,0.0,True,control,7
906,2025-03-17,True,0.0,free,,,0.0,True,control,0
907,2025-03-17,True,0.0,free,,,0.0,True,control,3
908,2025-03-17,True,0.0,free,,,0.0,True,control,7
909,2025-03-18,True,0.0,free,,,0.0,True,control,5
910,2025-03-18,True,0.0,free,,,0.0,True,control,16
911,2025-03-18,True,0.0,free,,,0.0,True,control,8
912,2025-03-18,True,0.0,free,,,0.0,True,treatment,5
913,2025-03-19,True,0.0,free,,,0.0,True,control,4
914,2025-03-19,True,0.0,free,,,0.0,True,control,5
915,2025-03-19,True,0.0,free,,,0.0,True,control,4
916,2025-03-19,True,0.0,free,,,0.0,True,treatment,8
917,2025-03-19,True,0.0,free,,,0.0,True,control,7
918,2025-03-19,True,1.0,pro,2.0,annual,19.92,True,treatment,8
919,2025-03-20,True,1.0,pro,4.0,annual,39.84,True,treatment,9
920,2025-03-20,True,1.0,pro,1.0,monthly,12.0,True,control,8
921,2025-03-20,True,0.0,free,,,0.0,True,treatment,5
922,2025-03-20,True,0.0,free,,,0.0,True,control,6
923,2025-03-21,True,0.0,free,,,0.0,True,treatment,4
924,2025-03-21,True,0.0,free,,,0.0,True,control,5
925,2025-03-22,True,1.0,pro,2.0,monthly,24.0,True,control,13
926,2025-03-22,True,0.0,free,,,0.0,True,treatment,6
927,2025-03-24,True,1.0,team,10.0,monthly,290.0,True,treatment,3
928,2025-03-24,True,0.0,free,,,0.0,True,control,4
929,2025-03-24,True,0.0,free,,,0.0,True,treatment,5
930,2025-03-25,True,0.0,free,,,0.0,True,treatment,9
931,2025-03-25,True,0.0,free,,,0.0,True,control,10
932,2025-03-25,True,1.0,pro,24.0,monthly,288.0,True,control,5
933,2025-03-26,True,0.0,free,,,0.0,True,treatment,1
934,2025-03-26,True,1.0,team,21.0,annual,505.47,True,control,8
935,2025-03-27,True,0.0,free,,,0.0,True,control,4
936,2025-03-27,True,0.0,free,,,0.0,True,control,3
937,2025-03-27,True,0.0,free,,,0.0,True,control,12
938,2025-03-27,True,0.0,free,,,0.0,True,treatment,19
939,2025-03-28,True,0.0,free,,,0.0,True,treatment,12
940,2025-03-28,True,0.0,free,,,0.0,True,control,11
941,2025-03-28,True,0.0,free,,,0.0,True,treatment,6
942,2025-03-28,True,0.0,free,,,0.0,True,treatment,8
943,2025-03-28,True,0.0,free,,,0.0,True,control,7
944,2025-03-29,True,0.0,free,,,0.0,True,treatment,7
945,2025-03-29,True,0.0,free,,,0.0,True,treatment,5
946,2025-03-29,True,0.0,free,,,0.0,True,treatment,13
947,2025-03-30,True,1.0,pro,6.0,monthly,72.0,True,treatment,7
948,2025-03-30,True,0.0,free,,,0.0,True,control,9
949,2025-03-30,True,0.0,free,,,0.0,True,treatment,3
950,2025-03-31,True,0.0,free,,,0.0,True,treatment,12
951,2025-03-31,True,0.0,free,,,0.0,True,treatment,6
952,2025-03-31,True,0.0,free,,,0.0,True,treatment,2
953,2025-04-01,True,1.0,pro,2.0,monthly,24.0,True,control,10
954,2025-04-01,True,0.0,free,,,0.0,True,treatment,12
955,2025-04-01,True,1.0,pro,1.0,annual,9.96,True,control,17
956,2025-04-01,True,0.0,free,,,0.0,True,control,9
957,2025-04-01,True,1.0,pro,7.0,monthly,84.0,True,control,6
958,2025-04-02,True,0.0,free,,,0.0,True,control,4
959,2025-04-02,True,0.0,free,,,0.0,True,control,7
960,2025-04-02,True,0.0,free,,,0.0,True,control,4
961,2025-04-03,True,0.0,free,,,0.0,True,control,6
962,2025-04-03,True,0.0,free,,,0.0,True,treatment,12
963,2025-04-03,True,0.0,free,,,0.0,True,control,12
964,2025-04-04,True,0.0,free,,,0.0,True,control,13
965,2025-04-04,True,0.0,free,,,0.0,True,control,7
966,2025-04-04,True,0.0,free,,,0.0,True,treatment,13
967,2025-04-04,True,0.0,free,,,0.0,True,control,7
968,2025-04-04,True,1.0,team,2.0,annual,48.14,True,control,11
969,2025-04-04,True,1.0,pro,5.0,monthly,60.0,True,control,8
970,2025-04-04,True,1.0,team,10.0,monthly,290.0,True,treatment,3
971,2025-04-04,True,0.0,free,,,0.0,True,control,8
972,2025-04-05,True,0.0,free,,,0.0,True,treatment,7
973,2025-04-05,True,0.0,free,,,0.0,True,treatment,6
974,2025-04-05,True,0.0,free,,,0.0,True,control,6
975,2025-04-05,True,0.0,free,,,0.0,True,treatment,14
976,2025-04-06,True,0.0,free,,,0.0,True,treatment,13
977,2025-04-06,True,0.0,free,,,0.0,True,control,4
978,2025-04-07,True,0.0,free,,,0.0,True,control,3
979,2025-04-07,True,0.0,free,,,0.0,True,control,3
980,2025-04-08,True,0.0,free,,,0.0,True,treatment,7
981,2025-04-08,True,1.0,pro,6.0,monthly,72.0,True,treatment,7
982,2025-04-08,True,1.0,pro,9.0,monthly,108.0,True,control,4
983,2025-04-08,True,0.0,free,,,0.0,True,treatment,9
984,2025-04-09,True,0.0,free,,,0.0,True,control,6
985,2025-04-09,True,0.0,free,,,0.0,True,control,7
986,2025-04-09,True,0.0,free,,,0.0,True,treatment,8
987,2025-04-10,True,0.0,free,,,0.0,True,treatment,2
988,2025-04-10,True,1.0,pro,2.0,monthly,24.0,True,control,6
989,2025-04-10,True,0.0,free,,,0.0,True,control,4
990,2025-04-10,True,0.0,free,,,0.0,True,control,7
991,2025-04-11,True,1.0,pro,7.0,monthly,84.0,True,treatment,11
992,2025-04-12,True,0.0,free,,,0.0,True,control,11
993,2025-04-13,True,0.0,free,,,0.0,True,treatment,6
994,2025-04-13,True,0.0,free,,,0.0,True,control,4
995,2025-04-13,True,0.0,free,,,0.0,True,treatment,11
996,2025-04-14,True,0.0,free,,,0.0,True,control,12
997,2025-04-14,True,1.0,pro,3.0,annual,29.88,True,control,7
998,2025-04-14,True,0.0,free,,,0.0,True,control,4
999,2025-04-14,True,0.0,free,,,0.0,True,control,7
1000,2025-04-14,True,0.0,free,,,0.0,True,treatment,9
1001,2025-04-15,True,0.0,free,,,0.0,True,control,2
1002,2025-04-15,True,1.0,team,1.0,monthly,29.0,True,control,2
1003,2025-04-15,True,0.0,free,,,0.0,True,treatment,3
1004,2025-04-15,True,0.0,free,,,0.0,True,control,13
1005,2025-04-15,True,1.0,team,4.0,annual,96.28,True,control,15
1006,2025-04-16,True,0.0,free,,,0.0,True,treatment,2
1007,2025-04-16,True,1.0,team,11.0,monthly,319.0,True,control,4
1008,2025-04-16,True,1.0,pro,4.0,monthly,48.0,True,treatment,8
1009,2025-04-16,True,1.0,pro,2.0,annual,19.92,True,control,7
1010,2025-04-17,True,1.0,pro,2.0,monthly,24.0,True,treatment,1
1011,2025-04-17,True,1.0,pro,2.0,annual,19.92,True,treatment,9
1012,2025-04-17,True,1.0,pro,5.0,monthly,60.0,True,control,4
1013,2025-04-17,True,0.0,free,,,0.0,True,control,5
1014,2025-04-18,True,1.0,team,23.0,monthly,667.0,True,control,8
1015,2025-04-18,True,0.0,free,,,0.0,True,treatment,5
1016,2025-04-18,True,0.0,free,,,0.0,True,treatment,12
1017,2025-04-19,True,0.0,free,,,0.0,True,control,5
1018,2025-04-19,True,0.0,free,,,0.0,True,treatment,2
1019,2025-04-19,True,0.0,free,,,0.0,True,treatment,4
1020,2025-04-20,True,1.0,team,7.0,monthly,203.0,True,control,8
1021,2025-04-21,True,1.0,pro,1.0,monthly,12.0,True,treatment,8
1022,2025-04-21,True,0.0,free,,,0.0,True,control,6
1023,2025-04-21,True,0.0,free,,,0.0,True,control,9
1024,2025-04-22,True,0.0,free,,,0.0,True,treatment,4
1025,2025-04-22,True,0.0,free,,,0.0,True,control,12
1026,2025-04-22,True,0.0,free,,,0.0,True,control,11
1027,2025-04-22,True,0.0,free,,,0.0,True,control,6
1028,2025-04-23,True,0.0,free,,,0.0,True,treatment,8
1029,2025-04-23,True,1.0,pro,6.0,annual,59.76,True,control,5
1030,2025-04-23,True,0.0,free,,,0.0,True,treatment,3
1031,2025-04-23,True,0.0,free,,,0.0,True,treatment,5
1032,2025-04-23,True,0.0,free,,,0.0,True,treatment,17
1033,2025-04-23,True,0.0,free,,,0.0,True,control,8
1034,2025-04-23,True,0.0,free,,,0.0,True,control,17
1035,2025-04-24,True,0.0,free,,,0.0,True,treatment,5
1036,2025-04-24,True,1.0,pro,2.0,annual,19.92,True,treatment,5
1037,2025-04-24,True,0.0,free,,,0.0,True,treatment,1
1038,2025-04-24,True,1.0,pro,4.0,monthly,48.0,True,control,5
1039,2025-04-24,True,0.0,free,,,0.0,True,treatment,4
1040,2025-04-24,True,0.0,free,,,0.0,True,treatment,8
1041,2025-04-24,True,0.0,free,,,0.0,True,control,6
1042,2025-04-25,True,0.0,free,,,0.0,True,control,10
1043,2025-04-25,True,1.0,pro,3.0,annual,29.88,True,treatment,8
1044,2025-04-25,True,0.0,free,,,0.0,True,control,14
1045,2025-04-26,True,0.0,free,,,0.0,True,treatment,5
1046,2025-04-27,True,0.0,free,,,0.0,True,control,9
1047,2025-04-27,True,0.0,free,,,0.0,True,treatment,8
1048,2025-04-27,True,0.0,free,,,0.0,True,control,4
1049,2025-04-28,True,0.0,free,,,0.0,True,control,6
1050,2025-04-28,True,1.0,team,2.0,monthly,58.0,True,control,2
1051,2025-04-28,True,0.0,free,,,0.0,True,control,5
1052,2025-04-29,True,1.0,pro,5.0,annual,49.8,True,treatment,12
1053,2025-04-29,True,0.0,free,,,0.0,True,treatment,7
1054,2025-04-29,True,1.0,pro,26.0,monthly,312.0,True,treatment,10
1055,2025-04-29,True,0.0,free,,,0.0,True,control,7
1056,2025-04-29,True,1.0,team,14.0,annual,336.98,True,control,12
1057,2025-04-30,True,0.0,free,,,0.0,True,control,1
1058,2025-04-30,True,0.0,free,,,0.0,True,control,3
1059,2025-05-01,True,1.0,pro,7.0,monthly,84.0,True,control,7
1060,2025-05-01,True,0.0,free,,,0.0,True,treatment,4
1061,2025-05-02,True,1.0,pro,19.0,annual,189.24,True,control,14
1062,2025-05-02,True,0.0,free,,,0.0,True,control,2
1063,2025-05-02,True,0.0,free,,,0.0,True,control,7
1064,2025-05-03,True,1.0,pro,1.0,monthly,12.0,True,control,8
1065,2025-05-03,True,0.0,free,,,0.0,True,treatment,7
1066,2025-05-03,True,0.0,free,,,0.0,True,treatment,3
1067,2025-05-03,True,0.0,free,,,0.0,True,treatment,3
1068,2025-05-04,True,0.0,free,,,0.0,True,control,14
1069,2025-05-05,True,0.0,free,,,0.0,True,treatment,1
1070,2025-05-05,True,0.0,free,,,0.0,True,treatment,8
1071,2025-05-05,True,0.0,free,,,0.0,True,treatment,17
1072,2025-05-05,True,0.0,free,,,0.0,True,control,9
1073,2025-05-06,True,0.0,free,,,0.0,True,treatment,5
1074,2025-05-06,True,0.0,free,,,0.0,True,control,9
1075,2025-05-07,True,0.0,free,,,0.0,True,treatment,2
1076,2025-05-07,True,0.0,free,,,0.0,True,treatment,8
1077,2025-05-07,True,0.0,free,,,0.0,True,control,8
1078,2025-05-08,True,1.0,team,9.0,monthly,261.0,True,control,7
1079,2025-05-08,True,0.0,free,,,0.0,True,control,15
1080,2025-05-08,True,0.0,free,,,0.0,True,treatment,6
1081,2025-05-08,True,1.0,team,6.0,monthly,174.0,True,treatment,7
1082,2025-05-08,True,0.0,free,,,0.0,True,control,4
1083,2025-05-08,True,1.0,pro,10.0,annual,99.6,True,control,11
1084,2025-05-08,True,0.0,free,,,0.0,True,control,3
1085,2025-05-08,True,0.0,free,,,0.0,True,control,8
1086,2025-05-08,True,0.0,free,,,0.0,True,treatment,5
1087,2025-05-08,True,0.0,free,,,0.0,True,control,4
1088,2025-05-10,True,0.0,free,,,0.0,True,control,7
1089,2025-05-10,True,0.0,free,,,0.0,True,control,2
1090,2025-05-11,True,1.0,pro,10.0,monthly,120.0,True,control,5
1091,2025-05-11,True,0.0,free,,,0.0,True,control,6
1092,2025-05-11,True,0.0,free,,,0.0,True,control,9
1093,2025-05-12,True,0.0,free,,,0.0,True,control,6
1094,2025-05-12,True,0.0,free,,,0.0,True,treatment,3
1095,2025-05-12,True,1.0,team,4.0,monthly,116.0,True,treatment,7
1096,2025-05-12,True,0.0,free,,,0.0,True,treatment,10
1097,2025-05-12,True,0.0,free,,,0.0,True,control,6
1098,2025-05-12,True,0.0,free,,,0.0,True,treatment,6
1099,2025-05-12,True,0.0,free,,,0.0,True,control,1
1100,2025-05-13,True,0.0,free,,,0.0,True,treatment,7
1101,2025-05-13,True,0.0,free,,,0.0,True,control,6
1102,2025-05-13,True,0.0,free,,,0.0,True,control,12
1103,2025-05-13,True,0.0,free,,,0.0,True,control,5
1104,2025-05-13,True,0.0,free,,,0.0,True,control,7
1105,2025-05-14,True,1.0,pro,20.0,monthly,240.0,True,treatment,6
1106,2025-05-14,True,1.0,pro,4.0,annual,39.84,True,treatment,7
1107,2025-05-15,True,1.0,pro,9.0,annual,89.64,True,control,15
1108,2025-05-15,True,1.0,pro,3.0,monthly,36.0,True,treatment,10
1109,2025-05-15,True,0.0,free,,,0.0,True,treatment,6
1110,2025-05-15,True,0.0,free,,,0.0,True,treatment,8
1111,2025-05-15,True,0.0,free,,,0.0,True,treatment,9
1112,2025-05-16,True,0.0,free,,,0.0,True,treatment,7
1113,2025-05-16,True,0.0,free,,,0.0,True,control,4
1114,2025-05-16,True,1.0,pro,4.0,monthly,48.0,True,control,6
1115,2025-05-16,True,1.0,pro,1.0,annual,9.96,True,control,5
1116,2025-05-17,True,1.0,team,4.0,monthly,116.0,True,treatment,3
1117,2025-05-17,True,1.0,pro,7.0,monthly,84.0,True,treatment,6
1118,2025-05-18,True,0.0,free,,,0.0,True,treatment,15
1119,2025-05-18,True,0.0,free,,,0.0,True,control,6
1120,2025-05-19,True,1.0,pro,1.0,monthly,12.0,True,treatment,5
1121,2025-05-19,True,0.0,free,,,0.0,True,treatment,8
1122,2025-05-19,True,1.0,pro,10.0,monthly,120.0,True,treatment,7
1123,2025-05-19,True,0.0,free,,,0.0,True,control,11
1124,2025-05-19,True,1.0,team,9.0,monthly,261.0,True,control,4
1125,2025-05-20,True,0.0,free,,,0.0,True,treatment,3
1126,2025-05-21,True,0.0,free,,,0.0,True,treatment,2
1127,2025-05-21,True,0.0,free,,,0.0,True,treatment,18
1128,2025-05-21,True,0.0,free,,,0.0,True,treatment,6
1129,2025-05-22,True,0.0,free,,,0.0,True,treatment,5
1130,2025-05-22,True,0.0,free,,,0.0,True,treatment,7
1131,2025-05-22,True,0.0,free,,,0.0,True,treatment,13
1132,2025-05-23,True,0.0,free,,,0.0,True,control,7
1133,2025-05-23,True,0.0,free,,,0.0,True,treatment,6
1134,2025-05-23,True,0.0,free,,,0.0,True,treatment,3
1135,2025-05-24,True,0.0,free,,,0.0,True,control,5
1136,2025-05-24,True,0.0,free,,,0.0,True,control,6
1137,2025-05-24,True,0.0,free,,,0.0,True,control,7
1138,2025-05-25,True,0.0,free,,,0.0,True,control,7
1139,2025-05-25,True,0.0,free,,,0.0,True,treatment,11
1140,2025-05-25,True,0.0,free,,,0.0,True,control,9
1141,2025-05-26,True,0.0,free,,,0.0,True,treatment,15
1142,2025-05-26,True,0.0,free,,,0.0,True,treatment,5
1143,2025-05-26,True,0.0,free,,,0.0,True,control,5
1144,2025-05-26,True,0.0,free,,,0.0,True,treatment,5
1145,2025-05-27,True,1.0,pro,2.0,monthly,24.0,True,control,1
1146,2025-05-27,True,0.0,free,,,0.0,True,control,6
1147,2025-05-28,True,0.0,free,,,0.0,True,treatment,1
1148,2025-05-28,True,0.0,free,,,0.0,True,control,5
1149,2025-05-28,True,0.0,free,,,0.0,True,control,4
1150,2025-05-28,True,0.0,free,,,0.0,True,treatment,7
1151,2025-05-28,True,1.0,pro,2.0,monthly,24.0,True,control,9
1152,2025-05-28,True,0.0,free,,,0.0,True,treatment,14
1153,2025-05-29,True,1.0,pro,1.0,annual,9.96,True,treatment,5
1154,2025-05-29,True,0.0,free,,,0.0,True,control,5
1155,2025-05-29,True,0.0,free,,,0.0,True,control,12
1156,2025-05-30,True,1.0,pro,2.0,monthly,24.0,True,control,11
1157,2025-05-30,True,1.0,pro,5.0,monthly,60.0,True,control,8
1158,2025-05-30,True,0.0,free,,,0.0,True,control,9
1159,2025-05-31,True,0.0,free,,,0.0,True,control,6
1160,2025-06-01,True,1.0,pro,1.0,monthly,12.0,True,control,1
1161,2025-06-01,True,1.0,pro,4.0,monthly,48.0,True,treatment,7
1162,2025-06-01,True,0.0,free,,,0.0,True,control,2
1163,2025-06-02,True,0.0,free,,,0.0,True,control,11
1164,2025-06-02,True,0.0,free,,,0.0,True,control,12
1165,2025-06-03,True,1.0,pro,2.0,monthly,24.0,True,treatment,11
1166,2025-06-03,True,0.0,free,,,0.0,True,treatment,8
1167,2025-06-03,True,1.0,pro,1.0,annual,9.96,True,treatment,7
1168,2025-06-03,True,0.0,free,,,0.0,True,control,1
1169,2025-06-04,True,0.0,free,,,0.0,True,control,14
1170,2025-06-04,True,0.0,free,,,0.0,True,treatment,7
1171,2025-06-04,True,0.0,free,,,0.0,True,control,1
1172,2025-06-04,True,1.0,team,26.0,monthly,754.0,True,treatment,16
1173,2025-06-04,True,1.0,pro,10.0,monthly,120.0,True,control,6
1174,2025-06-04,True,0.0,free,,,0.0,True,treatment,7
1175,2025-06-04,True,0.0,free,,,0.0,True,control,4
1176,2025-06-04,True,0.0,free,,,0.0,True,treatment,1
1177,2025-06-04,True,0.0,free,,,0.0,True,treatment,14
1178,2025-06-05,True,0.0,free,,,0.0,True,control,4
1179,2025-06-05,True,0.0,free,,,0.0,True,treatment,3
1180,2025-06-06,True,0.0,free,,,0.0,True,treatment,9
1181,2025-06-06,True,0.0,free,,,0.0,True,treatment,6
1182,2025-06-06,True,1.0,pro,1.0,annual,9.96,True,treatment,2
1183,2025-06-06,True,0.0,free,,,0.0,True,treatment,5
1184,2025-06-06,True,0.0,free,,,0.0,True,treatment,7
1185,2025-06-06,True,0.0,free,,,0.0,True,treatment,7
1186,2025-06-07,True,0.0,free,,,0.0,True,treatment,6
1187,2025-06-07,True,0.0,free,,,0.0,True,treatment,1
1188,2025-06-08,True,0.0,free,,,0.0,True,control,3
1189,2025-06-08,True,0.0,free,,,0.0,True,control,9
1190,2025-06-08,True,0.0,free,,,0.0,True,treatment,0
1191,2025-06-08,True,0.0,free,,,0.0,True,control,7
1192,2025-06-08,True,1.0,pro,4.0,monthly,48.0,True,control,22
1193,2025-06-08,True,0.0,free,,,0.0,True,control,7
1194,2025-06-09,True,0.0,free,,,0.0,True,control,1
1195,2025-06-09,True,1.0,team,5.0,monthly,145.0,True,control,5
1196,2025-06-09,True,0.0,free,,,0.0,True,control,7
1197,2025-06-10,True,0.0,free,,,0.0,True,control,2
1198,2025-06-10,True,1.0,team,12.0,monthly,348.0,True,control,5
1199,2025-06-10,True,0.0,free,,,0.0,True,control,8
1200,2025-06-10,True,0.0,free,,,0.0,True,control,6
1201,2025-06-10,True,1.0,pro,8.0,annual,79.68,True,control,10
1202,2025-06-10,True,0.0,free,,,0.0,True,control,3
1203,2025-06-10,True,1.0,team,9.0,monthly,261.0,True,treatment,4
1204,2025-06-11,True,0.0,free,,,0.0,True,control,7
1205,2025-06-11,True,1.0,pro,4.0,annual,39.84,True,treatment,6
1206,2025-06-11,True,0.0,free,,,0.0,True,treatment,3
1207,2025-06-11,True,0.0,free,,,0.0,True,treatment,6
1208,2025-06-12,True,1.0,pro,3.0,annual,29.88,True,treatment,7
1209,2025-06-12,True,0.0,free,,,0.0,True,treatment,4
1210,2025-06-12,True,0.0,free,,,0.0,True,control,14
1211,2025-06-12,True,0.0,free,,,0.0,True,control,2
1212,2025-06-13,True,0.0,free,,,0.0,True,control,16
1213,2025-06-13,True,0.0,free,,,0.0,True,treatment,8
1214,2025-06-14,True,0.0,free,,,0.0,True,treatment,8
1215,2025-06-14,True,0.0,free,,,0.0,True,control,7
1216,2025-06-15,True,0.0,free,,,0.0,True,treatment,3
1217,2025-06-15,True,1.0,pro,9.0,annual,89.64,True,control,13
1218,2025-06-15,True,0.0,free,,,0.0,True,control,7
1219,2025-06-16,True,0.0,free,,,0.0,True,treatment,14
1220,2025-06-16,True,1.0,pro,22.0,monthly,264.0,True,control,7
1221,2025-06-16,True,0.0,free,,,0.0,True,control,2
1222,2025-06-16,True,0.0,free,,,0.0,True,control,6
1223,2025-06-16,True,0.0,free,,,0.0,True,treatment,4
1224,2025-06-17,True,0.0,free,,,0.0,True,control,10
1225,2025-06-17,True,0.0,free,,,0.0,True,treatment,8
1226,2025-06-18,True,1.0,pro,10.0,monthly,120.0,True,control,5
1227,2025-06-18,True,0.0,free,,,0.0,True,control,6
1228,2025-06-18,True,0.0,free,,,0.0,True,treatment,1
1229,2025-06-18,True,0.0,free,,,0.0,True,treatment,3
1230,2025-06-18,True,0.0,free,,,0.0,True,treatment,5
1231,2025-06-18,True,0.0,free,,,0.0,True,control,15
1232,2025-06-19,True,0.0,free,,,0.0,True,control,7
1233,2025-06-19,True,0.0,free,,,0.0,True,control,4
1234,2025-06-19,True,0.0,free,,,0.0,True,treatment,0
1235,2025-06-19,True,1.0,pro,2.0,monthly,24.0,True,treatment,7
1236,2025-06-19,True,1.0,pro,13.0,monthly,156.0,True,treatment,4
1237,2025-06-19,True,0.0,free,,,0.0,True,control,4
1238,2025-06-20,True,0.0,free,,,0.0,True,control,2
1239,2025-06-20,True,0.0,free,,,0.0,True,treatment,6
1240,2025-06-20,True,0.0,free,,,0.0,True,treatment,7
1241,2025-06-23,True,0.0,free,,,0.0,True,control,6
1242,2025-06-23,True,0.0,free,,,0.0,True,treatment,8
1243,2025-06-24,True,0.0,free,,,0.0,True,control,9
1244,2025-06-24,True,0.0,free,,,0.0,True,treatment,6
1245,2025-06-24,True,0.0,free,,,0.0,True,control,13
1246,2025-06-24,True,0.0,free,,,0.0,True,treatment,4
1247,2025-06-24,True,0.0,free,,,0.0,True,control,3
1248,2025-06-24,True,1.0,pro,9.0,monthly,108.0,True,treatment,5
1249,2025-06-25,True,0.0,free,,,0.0,True,control,1
1250,2025-06-25,True,0.0,free,,,0.0,True,control,9
1251,2025-06-25,True,0.0,free,,,0.0,True,treatment,3
1252,2025-06-25,True,0.0,free,,,0.0,True,treatment,7
1253,2025-06-25,True,0.0,free,,,0.0,True,control,5
1254,2025-06-26,True,0.0,free,,,0.0,True,treatment,3
1255,2025-06-26,True,0.0,free,,,0.0,True,control,9
1256,2025-06-26,True,0.0,free,,,0.0,True,treatment,1
1257,2025-06-27,True,0.0,free,,,0.0,True,treatment,3
1258,2025-06-27,True,1.0,pro,2.0,monthly,24.0,True,control,5
1259,2025-06-27,True,1.0,pro,3.0,monthly,36.0,True,control,7
1260,2025-06-27,True,0.0,free,,,0.0,True,treatment,3
1261,2025-06-28,True,0.0,free,,,0.0,True,control,4
1262,2025-06-28,True,0.0,free,,,0.0,True,treatment,5
1263,2025-06-29,True,0.0,free,,,0.0,True,control,2
1264,2025-06-29,True,0.0,free,,,0.0,True,control,6
1265,2025-06-29,True,0.0,free,,,0.0,True,control,4
1266,2025-06-30,True,0.0,free,,,0.0,True,treatment,1
1267,2025-06-30,True,0.0,free,,,0.0,True,control,9
1268,2025-06-30,True,0.0,free,,,0.0,True,control,2
1269,2025-06-30,True,0.0,free,,,0.0,True,control,12
1270,2025-06-30,True,0.0,free,,,0.0,True,treatment,2
1271,2025-07-01,True,1.0,pro,1.0,monthly,12.0,True,treatment,7
1272,2025-07-01,True,0.0,free,,,0.0,True,treatment,6
1273,2025-07-01,True,0.0,free,,,0.0,True,control,4
1274,2025-07-01,True,0.0,free,,,0.0,True,treatment,6
1275,2025-07-02,True,0.0,free,,,0.0,True,control,5
1276,2025-07-02,True,1.0,team,6.0,monthly,174.0,True,treatment,7
1277,2025-07-03,True,0.0,free,,,0.0,True,control,12
1278,2025-07-03,True,1.0,pro,3.0,annual,29.88,True,control,9
1279,2025-07-03,True,1.0,pro,21.0,monthly,252.0,True,control,8
1280,2025-07-03,True,0.0,free,,,0.0,True,treatment,6
1281,2025-07-03,True,1.0,pro,8.0,annual,79.68,True,treatment,7
1282,2025-07-03,True,0.0,free,,,0.0,True,treatment,12
1283,2025-07-04,True,0.0,free,,,0.0,True,treatment,4
1284,2025-07-04,True,0.0,free,,,0.0,True,treatment,7
1285,2025-07-04,True,1.0,pro,8.0,annual,79.68,True,control,11
1286,2025-07-04,True,0.0,free,,,0.0,True,control,8
1287,2025-07-04,True,1.0,pro,12.0,monthly,144.0,True,control,13
1288,2025-07-04,True,1.0,team,6.0,annual,144.42,True,control,2
1289,2025-07-04,True,1.0,pro,1.0,annual,9.96,True,control,12
1290,2025-07-05,True,0.0,free,,,0.0,True,treatment,13
1291,2025-07-05,True,0.0,free,,,0.0,True,control,9
1292,2025-07-05,True,0.0,free,,,0.0,True,treatment,4
1293,2025-07-06,True,0.0,free,,,0.0,True,treatment,2
1294,2025-07-06,True,1.0,pro,4.0,monthly,48.0,True,treatment,5
1295,2025-07-06,True,0.0,free,,,0.0,True,treatment,9
1296,2025-07-07,True,0.0,free,,,0.0,True,control,8
1297,2025-07-07,True,1.0,pro,8.0,monthly,96.0,True,treatment,3
1298,2025-07-08,True,1.0,pro,2.0,monthly,24.0,True,treatment,5
1299,2025-07-08,True,0.0,free,,,0.0,True,treatment,12
1300,2025-07-08,True,1.0,pro,9.0,monthly,108.0,True,treatment,5
1301,2025-07-09,True,1.0,team,9.0,monthly,261.0,True,control,5
1302,2025-07-09,True,1.0,pro,11.0,monthly,132.0,True,control,5
1303,2025-07-09,True,1.0,team,11.0,monthly,319.0,True,control,10
1304,2025-07-10,True,1.0,pro,11.0,monthly,132.0,True,control,7
1305,2025-07-10,True,0.0,free,,,0.0,True,treatment,3
1306,2025-07-10,True,0.0,free,,,0.0,True,control,5
1307,2025-07-10,True,0.0,free,,,0.0,True,control,10
1308,2025-07-10,True,0.0,free,,,0.0,True,treatment,7
1309,2025-07-11,True,0.0,free,,,0.0,True,control,9
1310,2025-07-11,True,1.0,team,6.0,annual,144.42,True,control,6
1311,2025-07-11,True,0.0,free,,,0.0,True,control,3
1312,2025-07-11,True,1.0,team,17.0,monthly,493.0,True,control,12
1313,2025-07-11,True,0.0,free,,,0.0,True,control,2
1314,2025-07-11,True,0.0,free,,,0.0,True,treatment,7
1315,2025-07-11,True,1.0,pro,5.0,annual,49.8,True,control,5
1316,2025-07-12,True,0.0,free,,,0.0,True,control,14
1317,2025-07-12,True,0.0,free,,,0.0,True,control,7
1318,2025-07-12,True,1.0,pro,4.0,annual,39.84,True,control,11
1319,2025-07-12,True,0.0,free,,,0.0,True,control,3
1320,2025-07-13,True,0.0,free,,,0.0,True,control,13
1321,2025-07-13,True,0.0,free,,,0.0,True,treatment,8
1322,2025-07-13,True,0.0,free,,,0.0,True,control,3
1323,2025-07-14,True,0.0,free,,,0.0,True,control,1
1324,2025-07-14,True,1.0,pro,2.0,monthly,24.0,True,control,9
1325,2025-07-14,True,0.0,free,,,0.0,True,control,3
1326,2025-07-14,True,0.0,free,,,0.0,True,treatment,14
1327,2025-07-14,True,0.0,free,,,0.0,True,control,3
1328,2025-07-14,True,0.0,free,,,0.0,True,treatment,2
1329,2025-07-14,True,0.0,free,,,0.0,True,treatment,3
1330,2025-07-14,True,0.0,free,,,0.0,True,treatment,1
1331,2025-07-15,True,1.0,pro,2.0,annual,19.92,True,treatment,22
1332,2025-07-15,True,1.0,pro,4.0,annual,39.84,True,control,7
1333,2025-07-15,True,0.0,free,,,0.0,True,treatment,4
1334,2025-07-15,True,0.0,free,,,0.0,True,control,6
1335,2025-07-15,True,0.0,free,,,0.0,True,treatment,7
1336,2025-07-16,True,0.0,free,,,0.0,True,control,2
1337,2025-07-16,True,0.0,free,,,0.0,True,control,5
1338,2025-07-16,True,1.0,pro,24.0,annual,239.04,True,control,9
1339,2025-07-17,True,0.0,free,,,0.0,True,control,11
1340,2025-07-17,True,1.0,team,23.0,monthly,667.0,True,treatment,4
1341,2025-07-17,True,0.0,free,,,0.0,True,control,7
1342,2025-07-17,True,0.0,free,,,0.0,True,treatment,9
1343,2025-07-18,True,1.0,team,22.0,monthly,638.0,True,treatment,7
1344,2025-07-19,True,0.0,free,,,0.0,True,treatment,5
1345,2025-07-20,True,0.0,free,,,0.0,True,treatment,3
1346,2025-07-20,True,0.0,free,,,0.0,True,treatment,7
1347,2025-07-21,True,0.0,free,,,0.0,True,control,9
1348,2025-07-21,True,1.0,pro,2.0,annual,19.92,True,control,7
1349,2025-07-22,True,0.0,free,,,0.0,True,control,4
1350,2025-07-22,True,0.0,free,,,0.0,True,control,3
1351,2025-07-22,True,0.0,free,,,0.0,True,control,4
1352,2025-07-22,True,1.0,pro,28.0,annual,278.88,True,treatment,7
1353,2025-07-22,True,1.0,pro,2.0,annual,19.92,True,control,12
1354,2025-07-23,True,1.0,pro,6.0,monthly,72.0,True,treatment,6
1355,2025-07-23,True,0.0,free,,,0.0,True,treatment,10
1356,2025-07-24,True,0.0,free,,,0.0,True,control,8
1357,2025-07-24,True,0.0,free,,,0.0,True,treatment,5
1358,2025-07-24,True,0.0,free,,,0.0,True,treatment,6
1359,2025-07-25,True,0.0,free,,,0.0,True,control,3
1360,2025-07-25,True,0.0,free,,,0.0,True,control,2
1361,2025-07-25,True,0.0,free,,,0.0,True,control,2
1362,2025-07-25,True,1.0,pro,2.0,monthly,24.0,True,treatment,6
1363,2025-07-25,True,0.0,free,,,0.0,True,treatment,8
1364,2025-07-25,True,0.0,free,,,0.0,True,control,3
1365,2025-07-26,True,0.0,free,,,0.0,True,treatment,8
1366,2025-07-26,True,0.0,free,,,0.0,True,control,8
1367,2025-07-28,True,0.0,free,,,0.0,True,treatment,1
1368,2025-07-28,True,0.0,free,,,0.0,True,control,5
1369,2025-07-29,True,0.0,free,,,0.0,True,treatment,2
1370,2025-07-29,True,0.0,free,,,0.0,True,control,4
1371,2025-07-29,True,0.0,free,,,0.0,True,treatment,9
1372,2025-07-29,True,1.0,team,3.0,monthly,87.0,True,control,13
1373,2025-07-29,True,1.0,pro,1.0,monthly,12.0,True,control,3
1374,2025-07-29,True,0.0,free,,,0.0,True,control,4
1375,2025-07-30,True,1.0,pro,1.0,annual,9.96,True,treatment,12
1376,2025-07-30,True,0.0,free,,,0.0,True,treatment,1
1377,2025-07-30,True,0.0,free,,,0.0,True,control,5
1378,2025-07-31,True,0.0,free,,,0.0,True,control,7
1379,2025-07-31,True,0.0,free,,,0.0,True,treatment,5
1380,2025-07-31,True,0.0,free,,,0.0,True,control,7
1381,2025-08-01,True,0.0,free,,,0.0,True,control,8
1382,2025-08-01,True,0.0,free,,,0.0,True,treatment,7
1383,2025-08-01,True,0.0,free,,,0.0,True,treatment,8
1384,2025-08-01,True,1.0,pro,6.0,monthly,72.0,True,treatment,2
1385,2025-08-02,True,0.0,free,,,0.0,True,treatment,17
1386,2025-08-02,True,0.0,free,,,0.0,True,treatment,1
1387,2025-08-03,True,0.0,free,,,0.0,True,treatment,12
1388,2025-08-03,True,1.0,pro,3.0,monthly,36.0,True,control,9
1389,2025-08-03,True,0.0,free,,,0.0,True,control,12
1390,2025-08-03,True,0.0,free,,,0.0,True,treatment,1
1391,2025-08-03,True,0.0,free,,,0.0,True,treatment,9
1392,2025-08-04,True,0.0,free,,,0.0,True,control,6
1393,2025-08-04,True,0.0,free,,,0.0,True,treatment,6
1394,2025-08-04,True,0.0,free,,,0.0,True,treatment,3
1395,2025-08-04,True,0.0,free,,,0.0,True,treatment,10
1396,2025-08-04,True,0.0,free,,,0.0,True,treatment,5
1397,2025-08-05,True,1.0,team,22.0,monthly,638.0,True,control,4
1398,2025-08-05,True,0.0,free,,,0.0,True,control,12
1399,2025-08-05,True,0.0,free,,,0.0,True,control,9
1400,2025-08-05,True,0.0,free,,,0.0,True,control,3
1401,2025-08-05,True,1.0,pro,3.0,monthly,36.0,True,treatment,7
1402,2025-08-06,True,1.0,team,20.0,annual,481.4,True,control,10
1403,2025-08-06,True,0.0,free,,,0.0,True,treatment,16
1404,2025-08-06,True,0.0,free,,,0.0,True,control,6
1405,2025-08-06,True,0.0,free,,,0.0,True,control,0
1406,2025-08-07,True,0.0,free,,,0.0,True,treatment,1
1407,2025-08-07,True,0.0,free,,,0.0,True,control,3
1408,2025-08-07,True,0.0,free,,,0.0,True,control,5
1409,2025-08-07,True,1.0,pro,10.0,annual,99.6,True,treatment,9
1410,2025-08-07,True,0.0,free,,,0.0,True,treatment,3
1411,2025-08-08,True,0.0,free,,,0.0,True,control,9
1412,2025-08-08,True,1.0,pro,11.0,monthly,132.0,True,treatment,4
1413,2025-08-08,True,0.0,free,,,0.0,True,treatment,7
1414,2025-08-08,True,0.0,free,,,0.0,True,control,5
1415,2025-08-08,True,0.0,free,,,0.0,True,control,3
1416,2025-08-09,True,1.0,pro,4.0,monthly,48.0,True,control,6
1417,2025-08-09,True,0.0,free,,,0.0,True,treatment,6
1418,2025-08-11,True,0.0,free,,,0.0,True,treatment,20
1419,2025-08-11,True,1.0,pro,6.0,monthly,72.0,True,control,15
1420,2025-08-11,True,1.0,pro,2.0,annual,19.92,True,control,4
1421,2025-08-12,True,0.0,free,,,0.0,True,treatment,14
1422,2025-08-12,True,1.0,pro,8.0,monthly,96.0,True,control,13
1423,2025-08-12,True,0.0,free,,,0.0,True,control,3
1424,2025-08-12,True,1.0,pro,3.0,annual,29.88,True,treatment,15
1425,2025-08-12,True,1.0,pro,1.0,monthly,12.0,True,treatment,8
1426,2025-08-12,True,0.0,free,,,0.0,True,control,6
1427,2025-08-13,True,1.0,team,1.0,monthly,29.0,True,control,8
1428,2025-08-13,True,0.0,free,,,0.0,True,treatment,9
1429,2025-08-13,True,1.0,pro,11.0,monthly,132.0,True,control,20
1430,2025-08-13,True,0.0,free,,,0.0,True,control,1
1431,2025-08-13,True,0.0,free,,,0.0,True,treatment,18
1432,2025-08-14,True,0.0,free,,,0.0,True,control,9
1433,2025-08-14,True,0.0,free,,,0.0,True,control,13
1434,2025-08-15,True,0.0,free,,,0.0,True,treatment,5
1435,2025-08-15,True,1.0,pro,3.0,annual,29.88,True,control,17
1436,2025-08-15,True,1.0,team,3.0,monthly,87.0,True,control,6
1437,2025-08-16,True,1.0,team,3.0,monthly,87.0,True,control,6
1438,2025-08-16,True,0.0,free,,,0.0,True,control,8
1439,2025-08-17,True,0.0,free,,,0.0,True,treatment,9
1440,2025-08-17,True,0.0,free,,,0.0,True,treatment,14
1441,2025-08-17,True,0.0,free,,,0.0,True,treatment,2
1442,2025-08-19,True,1.0,pro,3.0,monthly,36.0,True,treatment,12
1443,2025-08-19,True,0.0,free,,,0.0,True,control,9
1444,2025-08-19,True,1.0,pro,8.0,annual,79.68,True,control,16
1445,2025-08-19,True,0.0,free,,,0.0,True,control,2
1446,2025-08-20,True,0.0,free,,,0.0,True,control,8
1447,2025-08-20,True,0.0,free,,,0.0,True,control,3
1448,2025-08-21,True,0.0,free,,,0.0,True,treatment,7
1449,2025-08-21,True,0.0,free,,,0.0,True,treatment,1
1450,2025-08-21,True,1.0,pro,1.0,annual,9.96,True,control,8
1451,2025-08-22,True,0.0,free,,,0.0,True,control,15
1452,2025-08-22,True,1.0,team,2.0,monthly,58.0,True,control,2
1453,2025-08-22,True,0.0,free,,,0.0,True,control,5
1454,2025-08-23,True,0.0,free,,,0.0,True,treatment,3
1455,2025-08-23,True,0.0,free,,,0.0,True,treatment,6
1456,2025-08-23,True,0.0,free,,,0.0,True,control,1
1457,2025-08-24,True,0.0,free,,,0.0,True,treatment,7
1458,2025-08-24,True,0.0,free,,,0.0,True,treatment,0
1459,2025-08-25,True,0.0,free,,,0.0,True,control,5
1460,2025-08-25,True,1.0,pro,2.0,annual,19.92,True,treatment,7
1461,2025-08-25,True,1.0,pro,5.0,monthly,60.0,True,treatment,9
1462,2025-08-26,True,0.0,free,,,0.0,True,treatment,7
1463,2025-08-26,True,0.0,free,,,0.0,True,treatment,9
1464,2025-08-27,True,0.0,free,,,0.0,True,control,4
1465,2025-08-27,True,0.0,free,,,0.0,True,treatment,4
1466,2025-08-27,True,0.0,free,,,0.0,True,treatment,7
1467,2025-08-27,True,0.0,free,,,0.0,True,control,6
1468,2025-08-27,True,1.0,team,8.0,monthly,232.0,True,treatment,1
1469,2025-08-28,True,0.0,free,,,0.0,True,control,10
1470,2025-08-28,True,1.0,pro,6.0,monthly,72.0,True,control,2
1471,2025-08-29,True,0.0,free,,,0.0,True,treatment,2
1472,2025-08-29,True,0.0,free,,,0.0,True,control,18
1473,2025-08-29,True,0.0,free,,,0.0,True,control,8
1474,2025-08-29,True,0.0,free,,,0.0,True,control,5
1475,2025-08-30,True,0.0,free,,,0.0,True,control,7
1476,2025-08-30,True,1.0,pro,1.0,annual,9.96,True,treatment,4
1477,2025-08-30,True,0.0,free,,,0.0,True,control,11
1478,2025-08-31,True,0.0,free,,,0.0,True,treatment,11
1479,2025-08-31,True,1.0,pro,27.0,annual,268.92,True,treatment,7
1480,2025-09-01,True,1.0,pro,3.0,monthly,36.0,True,treatment,7
1481,2025-09-01,True,0.0,free,,,0.0,True,control,11
1482,2025-09-01,True,0.0,free,,,0.0,True,treatment,5
1483,2025-09-01,True,0.0,free,,,0.0,True,control,12
1484,2025-09-02,True,1.0,team,8.0,annual,192.56,True,control,6
1485,2025-09-03,True,0.0,free,,,0.0,True,control,8
1486,2025-09-03,True,0.0,free,,,0.0,True,treatment,5
1487,2025-09-03,True,0.0,free,,,0.0,True,treatment,6
1488,2025-09-03,True,0.0,free,,,0.0,True,treatment,2
1489,2025-09-04,True,0.0,free,,,0.0,True,control,4
1490,2025-09-04,True,0.0,free,,,0.0,True,control,1
1491,2025-09-04,True,0.0,free,,,0.0,True,treatment,7
1492,2025-09-04,True,0.0,free,,,0.0,True,treatment,8
1493,2025-09-04,True,0.0,free,,,0.0,True,treatment,6
1494,2025-09-04,True,0.0,free,,,0.0,True,treatment,8
1495,2025-09-05,True,1.0,team,25.0,annual,601.75,True,treatment,14
1496,2025-09-05,True,1.0,pro,6.0,monthly,72.0,True,treatment,4
1497,2025-09-05,True,0.0,free,,,0.0,True,treatment,9
1498,2025-09-06,True,0.0,free,,,0.0,True,control,5
1499,2025-09-07,True,0.0,free,,,0.0,True,control,6
1500,2025-09-07,True,0.0,free,,,0.0,True,treatment,4
1501,2025-09-08,True,0.0,free,,,0.0,True,treatment,15
1502,2025-09-08,True,1.0,pro,7.0,monthly,84.0,True,treatment,2
1503,2025-09-08,True,0.0,free,,,0.0,True,control,11
1504,2025-09-08,True,0.0,free,,,0.0,True,control,24
1505,2025-09-08,True,1.0,pro,11.0,monthly,132.0,True,treatment,3
1506,2025-09-08,True,0.0,free,,,0.0,True,control,2
1507,2025-09-08,True,0.0,free,,,0.0,True,control,13
1508,2025-09-08,True,1.0,team,1.0,annual,24.07,True,control,15
1509,2025-09-09,True,1.0,pro,3.0,monthly,36.0,True,treatment,9
1510,2025-09-09,True,0.0,free,,,0.0,True,control,8
1511,2025-09-09,True,0.0,free,,,0.0,True,treatment,12
1512,2025-09-10,True,0.0,free,,,0.0,True,control,3
1513,2025-09-10,True,0.0,free,,,0.0,True,treatment,2
1514,2025-09-11,True,0.0,free,,,0.0,True,control,5
1515,2025-09-11,True,0.0,free,,,0.0,True,treatment,10
1516,2025-09-12,True,1.0,pro,9.0,monthly,108.0,True,treatment,8
1517,2025-09-13,True,0.0,free,,,0.0,True,treatment,4
1518,2025-09-14,True,0.0,free,,,0.0,True,control,8
1519,2025-09-14,True,0.0,free,,,0.0,True,control,4
1520,2025-09-15,True,0.0,free,,,0.0,True,control,5
1521,2025-09-16,True,0.0,free,,,0.0,True,treatment,5
1522,2025-09-16,True,0.0,free,,,0.0,True,control,11
1523,2025-09-16,True,0.0,free,,,0.0,True,treatment,17
1524,2025-09-16,True,0.0,free,,,0.0,True,treatment,6
1525,2025-09-16,True,1.0,pro,4.0,annual,39.84,True,control,4
1526,2025-09-16,True,1.0,pro,12.0,monthly,144.0,True,treatment,2
1527,2025-09-17,True,1.0,pro,2.0,monthly,24.0,True,control,1
1528,2025-09-17,True,0.0,free,,,0.0,True,control,2
1529,2025-09-17,True,1.0,team,24.0,annual,577.68,True,control,9
1530,2025-09-17,True,0.0,free,,,0.0,True,treatment,3
1531,2025-09-17,True,0.0,free,,,0.0,True,control,10
1532,2025-09-17,True,0.0,free,,,0.0,True,control,10
1533,2025-09-17,True,0.0,free,,,0.0,True,control,1
1534,2025-09-17,True,0.0,free,,,0.0,True,control,6
1535,2025-09-17,True,0.0,free,,,0.0,True,control,18
1536,2025-09-18,True,0.0,free,,,0.0,True,control,12
1537,2025-09-18,True,0.0,free,,,0.0,True,control,4
1538,2025-09-18,True,0.0,free,,,0.0,True,treatment,9
1539,2025-09-18,True,0.0,free,,,0.0,True,treatment,3
1540,2025-09-19,True,0.0,free,,,0.0,True,treatment,5
1541,2025-09-19,True,1.0,team,5.0,monthly,145.0,True,control,7
1542,2025-09-19,True,1.0,pro,3.0,monthly,36.0,True,control,4
1543,2025-09-19,True,0.0,free,,,0.0,True,control,4
1544,2025-09-19,True,1.0,pro,14.0,monthly,168.0,True,control,7
1545,2025-09-20,True,0.0,free,,,0.0,True,control,9
1546,2025-09-21,True,0.0,free,,,0.0,True,treatment,16
1547,2025-09-21,True,0.0,free,,,0.0,True,control,7
1548,2025-09-22,True,0.0,free,,,0.0,True,control,7
1549,2025-09-22,True,1.0,pro,1.0,monthly,12.0,True,treatment,6
1550,2025-09-22,True,0.0,free,,,0.0,True,control,5
1551,2025-09-22,True,0.0,free,,,0.0,True,treatment,7
1552,2025-09-22,True,0.0,free,,,0.0,True,treatment,11
1553,2025-09-22,True,0.0,free,,,0.0,True,control,10
1554,2025-09-23,True,1.0,pro,1.0,annual,9.96,True,treatment,6
1555,2025-09-23,True,0.0,free,,,0.0,True,control,7
1556,2025-09-23,True,0.0,free,,,0.0,True,control,1
1557,2025-09-24,True,1.0,team,12.0,monthly,348.0,True,control,4
1558,2025-09-24,True,1.0,pro,3.0,monthly,36.0,True,treatment,8
1559,2025-09-24,True,0.0,free,,,0.0,True,control,2
1560,2025-09-24,True,1.0,pro,3.0,monthly,36.0,True,control,3
1561,2025-09-24,True,0.0,free,,,0.0,True,treatment,16
1562,2025-09-24,True,0.0,free,,,0.0,True,control,3
1563,2025-09-24,True,0.0,free,,,0.0,True,treatment,7
1564,2025-09-24,True,0.0,free,,,0.0,True,treatment,1
1565,2025-09-25,True,0.0,free,,,0.0,True,treatment,1
1566,2025-09-25,True,1.0,team,8.0,monthly,232.0,True,control,20
1567,2025-09-25,True,0.0,free,,,0.0,True,control,4
1568,2025-09-26,True,0.0,free,,,0.0,True,control,11
1569,2025-09-26,True,0.0,free,,,0.0,True,control,6
1570,2025-09-26,True,0.0,free,,,0.0,True,treatment,4
1571,2025-09-26,True,1.0,team,1.0,monthly,29.0,True,treatment,1
1572,2025-09-27,True,0.0,free,,,0.0,True,control,6
1573,2025-09-28,True,0.0,free,,,0.0,True,treatment,3
1574,2025-09-28,True,0.0,free,,,0.0,True,treatment,9
1575,2025-09-29,True,0.0,free,,,0.0,True,control,2
1576,2025-09-29,True,0.0,free,,,0.0,True,control,1
1577,2025-09-29,True,0.0,free,,,0.0,True,control,3
1578,2025-09-30,True,0.0,free,,,0.0,True,control,12
1579,2025-09-30,True,1.0,pro,6.0,annual,59.76,True,treatment,6
1580,2025-09-30,True,0.0,free,,,0.0,True,treatment,3
1581,2025-09-30,True,0.0,free,,,0.0,True,control,6
1582,2025-09-30,True,1.0,pro,5.0,annual,49.8,True,treatment,12
1583,2025-09-30,True,0.0,free,,,0.0,True,control,12
1584,2025-10-01,True,0.0,free,,,0.0,True,control,2
1585,2025-10-01,True,0.0,free,,,0.0,True,control,9
1586,2025-10-01,True,1.0,team,25.0,monthly,725.0,True,control,7
1587,2025-10-02,True,0.0,free,,,0.0,True,treatment,7
1588,2025-10-02,True,1.0,team,18.0,monthly,522.0,True,treatment,17
1589,2025-10-02,True,0.0,free,,,0.0,True,control,5
1590,2025-10-02,True,0.0,free,,,0.0,True,control,14
1591,2025-10-03,True,0.0,free,,,0.0,True,treatment,4
1592,2025-10-03,True,0.0,free,,,0.0,True,control,4
1593,2025-10-03,True,1.0,pro,6.0,annual,59.76,True,control,8
1594,2025-10-03,True,0.0,free,,,0.0,True,treatment,17
1595,2025-10-03,True,1.0,team,4.0,monthly,116.0,True,control,3
1596,2025-10-03,True,0.0,free,,,0.0,True,control,6
1597,2025-10-04,True,0.0,free,,,0.0,True,treatment,15
1598,2025-10-04,True,0.0,free,,,0.0,True,control,1
1599,2025-10-04,True,1.0,team,8.0,monthly,232.0,True,treatment,8
1600,2025-10-06,True,0.0,free,,,0.0,True,control,1
1601,2025-10-06,True,0.0,free,,,0.0,True,treatment,10
1602,2025-10-06,True,1.0,pro,3.0,annual,29.88,True,control,11
1603,2025-10-06,True,1.0,pro,2.0,monthly,24.0,True,treatment,6
1604,2025-10-06,True,1.0,pro,7.0,annual,69.72,True,treatment,10
1605,2025-10-07,True,1.0,pro,3.0,annual,29.88,True,control,13
1606,2025-10-07,True,1.0,pro,3.0,annual,29.88,True,control,16
1607,2025-10-07,True,1.0,pro,3.0,monthly,36.0,True,treatment,13
1608,2025-10-07,True,0.0,free,,,0.0,True,treatment,6
1609,2025-10-08,True,0.0,free,,,0.0,True,control,11
1610,2025-10-08,True,0.0,free,,,0.0,True,treatment,7
1611,2025-10-09,True,0.0,free,,,0.0,True,control,3
1612,2025-10-09,True,1.0,team,7.0,annual,168.49,True,control,11
1613,2025-10-09,True,0.0,free,,,0.0,True,control,12
1614,2025-10-10,True,0.0,free,,,0.0,True,control,0
1615,2025-10-10,True,0.0,free,,,0.0,True,treatment,5
1616,2025-10-10,True,1.0,team,26.0,monthly,754.0,True,control,9
1617,2025-10-10,True,0.0,free,,,0.0,True,control,6
1618,2025-10-10,True,1.0,pro,3.0,monthly,36.0,True,control,5
1619,2025-10-10,True,0.0,free,,,0.0,True,treatment,3
1620,2025-10-11,True,0.0,free,,,0.0,True,control,10
1621,2025-10-11,True,1.0,pro,2.0,monthly,24.0,True,treatment,6
1622,2025-10-11,True,0.0,free,,,0.0,True,control,2
1623,2025-10-11,True,1.0,pro,3.0,monthly,36.0,True,treatment,3
1624,2025-10-12,True,0.0,free,,,0.0,True,control,6
1625,2025-10-12,True,1.0,pro,4.0,monthly,48.0,True,treatment,5
1626,2025-10-12,True,0.0,free,,,0.0,True,control,8
1627,2025-10-12,True,0.0,free,,,0.0,True,treatment,6
1628,2025-10-13,True,0.0,free,,,0.0,True,control,8
1629,2025-10-13,True,1.0,pro,4.0,monthly,48.0,True,control,5
1630,2025-10-13,True,1.0,team,23.0,annual,553.61,True,treatment,12
1631,2025-10-13,True,1.0,pro,5.0,annual,49.8,True,treatment,10
1632,2025-10-13,True,1.0,team,24.0,monthly,696.0,True,treatment,10
1633,2025-10-13,True,0.0,free,,,0.0,True,control,7
1634,2025-10-13,True,0.0,free,,,0.0,True,treatment,3
1635,2025-10-14,True,0.0,free,,,0.0,True,treatment,13
1636,2025-10-14,True,1.0,pro,5.0,monthly,60.0,True,treatment,5
1637,2025-10-14,True,1.0,team,32.0,monthly,928.0,True,treatment,3
1638,2025-10-14,True,0.0,free,,,0.0,True,treatment,5
1639,2025-10-14,True,0.0,free,,,0.0,True,treatment,13
1640,2025-10-15,True,0.0,free,,,0.0,True,control,4
1641,2025-10-15,True,0.0,free,,,0.0,True,treatment,3
1642,2025-10-15,True,0.0,free,,,0.0,True,control,4
1643,2025-10-15,True,0.0,free,,,0.0,True,control,5
1644,2025-10-15,True,1.0,pro,3.0,annual,29.88,True,treatment,8
1645,2025-10-15,True,1.0,pro,10.0,monthly,120.0,True,control,6
1646,2025-10-16,True,0.0,free,,,0.0,True,control,7
1647,2025-10-16,True,0.0,free,,,0.0,True,control,4
1648,2025-10-16,True,0.0,free,,,0.0,True,treatment,5
1649,2025-10-16,True,0.0,free,,,0.0,True,control,15
1650,2025-10-17,True,0.0,free,,,0.0,True,control,3
1651,2025-10-17,True,0.0,free,,,0.0,True,control,8
1652,2025-10-17,True,0.0,free,,,0.0,True,treatment,4
1653,2025-10-17,True,0.0,free,,,0.0,True,treatment,7
1654,2025-10-17,True,0.0,free,,,0.0,True,control,0
1655,2025-10-18,True,0.0,free,,,0.0,True,treatment,5
1656,2025-10-20,True,0.0,free,,,0.0,True,treatment,4
1657,2025-10-20,True,1.0,pro,1.0,monthly,12.0,True,treatment,4
1658,2025-10-20,True,0.0,free,,,0.0,True,control,11
1659,2025-10-20,True,0.0,free,,,0.0,True,control,14
1660,2025-10-20,True,1.0,pro,4.0,monthly,48.0,True,control,3
1661,2025-10-20,True,0.0,free,,,0.0,True,control,6
1662,2025-10-20,True,0.0,free,,,0.0,True,control,7
1663,2025-10-21,True,0.0,free,,,0.0,True,treatment,7
1664,2025-10-21,True,1.0,team,3.0,annual,72.21,True,treatment,13
1665,2025-10-21,True,0.0,free,,,0.0,True,control,0
1666,2025-10-21,True,0.0,free,,,0.0,True,treatment,10
1667,2025-10-21,True,0.0,free,,,0.0,True,treatment,9
1668,2025-10-22,True,1.0,pro,2.0,monthly,24.0,True,control,6
1669,2025-10-22,True,0.0,free,,,0.0,True,control,1
1670,2025-10-22,True,1.0,team,8.0,monthly,232.0,True,treatment,14
1671,2025-10-23,True,0.0,free,,,0.0,True,control,6
1672,2025-10-23,True,0.0,free,,,0.0,True,control,4
1673,2025-10-23,True,0.0,free,,,0.0,True,treatment,5
1674,2025-10-23,True,1.0,pro,1.0,monthly,12.0,True,treatment,8
1675,2025-10-24,True,1.0,pro,1.0,monthly,12.0,True,treatment,15
1676,2025-10-24,True,0.0,free,,,0.0,True,control,7
1677,2025-10-25,True,1.0,pro,5.0,monthly,60.0,True,control,4
1678,2025-10-25,True,1.0,pro,2.0,monthly,24.0,True,control,4
1679,2025-10-26,True,0.0,free,,,0.0,True,treatment,2
1680,2025-10-26,True,1.0,pro,4.0,annual,39.84,True,treatment,8
1681,2025-10-26,True,1.0,pro,6.0,annual,59.76,True,control,10
1682,2025-10-27,True,0.0,free,,,0.0,True,treatment,13
1683,2025-10-27,True,0.0,free,,,0.0,True,treatment,9
1684,2025-10-27,True,1.0,pro,1.0,annual,9.96,True,treatment,15
1685,2025-10-27,True,1.0,pro,2.0,annual,19.92,True,control,6
1686,2025-10-27,True,0.0,free,,,0.0,True,treatment,3
1687,2025-10-27,True,0.0,free,,,0.0,True,control,13
1688,2025-10-28,True,0.0,free,,,0.0,True,control,9
1689,2025-10-28,True,0.0,free,,,0.0,True,treatment,2
1690,2025-10-29,True,1.0,pro,13.0,monthly,156.0,True,control,8
1691,2025-10-29,True,0.0,free,,,0.0,True,treatment,12
1692,2025-10-29,True,0.0,free,,,0.0,True,control,10
1693,2025-10-29,True,1.0,pro,10.0,monthly,120.0,True,control,6
1694,2025-10-30,True,0.0,free,,,0.0,True,treatment,6
1695,2025-10-30,True,0.0,free,,,0.0,True,treatment,5
1696,2025-10-31,True,0.0,free,,,0.0,True,control,0
1697,2025-10-31,True,0.0,free,,,0.0,True,control,3
1698,2025-10-31,True,0.0,free,,,0.0,True,treatment,8
1699,2025-11-01,True,0.0,free,,,0.0,True,treatment,2
1700,2025-11-01,True,1.0,pro,1.0,annual,9.96,True,control,13
1701,2025-11-01,True,0.0,free,,,0.0,True,treatment,7
1702,2025-11-02,True,0.0,free,,,0.0,True,treatment,5
1703,2025-11-02,True,0.0,free,,,0.0,True,treatment,2
1704,2025-11-02,True,1.0,pro,4.0,annual,39.84,True,treatment,4
1705,2025-11-03,True,0.0,free,,,0.0,True,treatment,7
1706,2025-11-03,True,0.0,free,,,0.0,True,treatment,10
1707,2025-11-03,True,0.0,free,,,0.0,True,treatment,6
1708,2025-11-03,True,0.0,free,,,0.0,True,control,9
1709,2025-11-03,True,0.0,free,,,0.0,True,treatment,2
1710,2025-11-03,True,0.0,free,,,0.0,True,control,3
1711,2025-11-04,True,0.0,free,,,0.0,True,control,6
1712,2025-11-04,True,0.0,free,,,0.0,True,treatment,9
1713,2025-11-04,True,1.0,pro,28.0,monthly,336.0,True,treatment,3
1714,2025-11-04,True,0.0,free,,,0.0,True,treatment,8
1715,2025-11-05,True,0.0,free,,,0.0,True,treatment,1
1716,2025-11-05,True,0.0,free,,,0.0,True,control,10
1717,2025-11-05,True,0.0,free,,,0.0,True,treatment,5
1718,2025-11-05,True,0.0,free,,,0.0,True,treatment,10
1719,2025-11-06,True,0.0,free,,,0.0,True,treatment,9
1720,2025-11-06,True,1.0,pro,3.0,annual,29.88,True,treatment,14
1721,2025-11-06,True,0.0,free,,,0.0,True,treatment,3
1722,2025-11-06,True,0.0,free,,,0.0,True,treatment,9
1723,2025-11-07,True,1.0,team,2.0,annual,48.14,True,control,18
1724,2025-11-07,True,1.0,pro,10.0,monthly,120.0,True,treatment,2
1725,2025-11-07,True,0.0,free,,,0.0,True,treatment,10
1726,2025-11-08,True,0.0,free,,,0.0,True,control,7
1727,2025-11-09,True,0.0,free,,,0.0,True,control,7
1728,2025-11-09,True,1.0,pro,19.0,annual,189.24,True,treatment,18
1729,2025-11-09,True,1.0,pro,6.0,monthly,72.0,True,treatment,7
1730,2025-11-10,True,1.0,pro,2.0,annual,19.92,True,treatment,12
1731,2025-11-10,True,1.0,team,18.0,monthly,522.0,True,treatment,3
1732,2025-11-10,True,0.0,free,,,0.0,True,control,5
1733,2025-11-10,True,1.0,pro,2.0,monthly,24.0,True,treatment,13
1734,2025-11-11,True,0.0,free,,,0.0,True,control,10
1735,2025-11-11,True,1.0,team,28.0,annual,673.96,True,control,4
1736,2025-11-11,True,0.0,free,,,0.0,True,control,1
1737,2025-11-11,True,0.0,free,,,0.0,True,treatment,6
1738,2025-11-11,True,0.0,free,,,0.0,True,control,13
1739,2025-11-11,True,1.0,team,6.0,monthly,174.0,True,treatment,4
1740,2025-11-11,True,1.0,pro,2.0,monthly,24.0,True,control,6
1741,2025-11-11,True,0.0,free,,,0.0,True,control,9
1742,2025-11-12,True,0.0,free,,,0.0,True,control,8
1743,2025-11-12,True,1.0,team,18.0,monthly,522.0,True,control,11
1744,2025-11-12,True,0.0,free,,,0.0,True,control,1
1745,2025-11-12,True,1.0,pro,2.0,monthly,24.0,True,treatment,9
1746,2025-11-12,True,1.0,team,7.0,annual,168.49,True,control,13
1747,2025-11-12,True,0.0,free,,,0.0,True,control,1
1748,2025-11-12,True,0.0,free,,,0.0,True,control,2
1749,2025-11-13,True,1.0,team,7.0,annual,168.49,True,treatment,13
1750,2025-11-13,True,0.0,free,,,0.0,True,treatment,4
1751,2025-11-14,True,1.0,team,19.0,annual,457.33,True,control,4
1752,2025-11-14,True,0.0,free,,,0.0,True,control,10
1753,2025-11-14,True,1.0,pro,5.0,annual,49.8,True,treatment,12
1754,2025-11-14,True,1.0,pro,2.0,monthly,24.0,True,treatment,8
1755,2025-11-15,True,0.0,free,,,0.0,True,treatment,5
1756,2025-11-15,True,0.0,free,,,0.0,True,control,11
1757,2025-11-16,True,0.0,free,,,0.0,True,treatment,9
1758,2025-11-16,True,0.0,free,,,0.0,True,control,5
1759,2025-11-16,True,0.0,free,,,0.0,True,control,4
1760,2025-11-16,True,0.0,free,,,0.0,True,treatment,5
1761,2025-11-16,True,0.0,free,,,0.0,True,treatment,8
1762,2025-11-16,True,0.0,free,,,0.0,True,treatment,1
1763,2025-11-17,True,0.0,free,,,0.0,True,treatment,10
1764,2025-11-17,True,0.0,free,,,0.0,True,control,9
1765,2025-11-17,True,1.0,pro,12.0,annual,119.52,True,treatment,7
1766,2025-11-17,True,0.0,free,,,0.0,True,treatment,2
1767,2025-11-17,True,0.0,free,,,0.0,True,control,3
1768,2025-11-17,True,1.0,pro,1.0,monthly,12.0,True,control,2
1769,2025-11-17,True,1.0,team,24.0,annual,577.68,True,control,13
1770,2025-11-17,True,0.0,free,,,0.0,True,control,6
1771,2025-11-18,True,0.0,free,,,0.0,True,control,7
1772,2025-11-18,True,1.0,pro,23.0,annual,229.08,True,treatment,3
1773,2025-11-18,True,0.0,free,,,0.0,True,control,8
1774,2025-11-19,True,0.0,free,,,0.0,True,treatment,6
1775,2025-11-19,True,0.0,free,,,0.0,True,control,3
1776,2025-11-19,True,0.0,free,,,0.0,True,control,8
1777,2025-11-19,True,0.0,free,,,0.0,True,control,11
1778,2025-11-19,True,0.0,free,,,0.0,True,treatment,7
1779,2025-11-19,True,1.0,team,2.0,annual,48.14,True,treatment,7
1780,2025-11-19,True,0.0,free,,,0.0,True,treatment,14
1781,2025-11-19,True,0.0,free,,,0.0,True,treatment,4
1782,2025-11-19,True,0.0,free,,,0.0,True,treatment,4
1783,2025-11-20,True,0.0,free,,,0.0,True,treatment,7
1784,2025-11-20,True,1.0,team,4.0,monthly,116.0,True,control,2
1785,2025-11-20,True,1.0,team,28.0,monthly,812.0,True,treatment,12
1786,2025-11-20,True,0.0,free,,,0.0,True,treatment,7
1787,2025-11-21,True,1.0,pro,2.0,annual,19.92,True,control,6
1788,2025-11-21,True,0.0,free,,,0.0,True,control,6
1789,2025-11-21,True,1.0,team,19.0,annual,457.33,True,treatment,23
1790,2025-11-22,True,0.0,free,,,0.0,True,control,8
1791,2025-11-22,True,0.0,free,,,0.0,True,treatment,10
1792,2025-11-22,True,1.0,pro,7.0,monthly,84.0,True,control,6
1793,2025-11-22,True,1.0,pro,7.0,monthly,84.0,True,treatment,7
1794,2025-11-23,True,0.0,free,,,0.0,True,treatment,3
1795,2025-11-23,True,0.0,free,,,0.0,True,control,3
1796,2025-11-23,True,0.0,free,,,0.0,True,control,12
1797,2025-11-23,True,0.0,free,,,0.0,True,treatment,6
1798,2025-11-24,True,0.0,free,,,0.0,True,control,12
1799,2025-11-24,True,1.0,team,14.0,annual,336.98,True,treatment,13
1800,2025-11-24,True,0.0,free,,,0.0,True,control,2
1801,2025-11-24,True,0.0,free,,,0.0,True,treatment,8
1802,2025-11-25,True,0.0,free,,,0.0,True,control,7
1803,2025-11-25,True,1.0,pro,1.0,monthly,12.0,True,control,8
1804,2025-11-26,True,0.0,free,,,0.0,True,control,2
1805,2025-11-26,True,0.0,free,,,0.0,True,treatment,8
1806,2025-11-26,True,0.0,free,,,0.0,True,treatment,6
1807,2025-11-26,True,1.0,pro,3.0,annual,29.88,True,control,8
1808,2025-11-26,True,0.0,free,,,0.0,True,control,14
1809,2025-11-26,True,0.0,free,,,0.0,True,treatment,5
1810,2025-11-26,True,0.0,free,,,0.0,True,control,7
1811,2025-11-27,True,1.0,pro,3.0,monthly,36.0,True,treatment,8
1812,2025-11-27,True,0.0,free,,,0.0,True,control,11
1813,2025-11-27,True,0.0,free,,,0.0,True,control,7
1814,2025-11-27,True,0.0,free,,,0.0,True,control,3
1815,2025-11-27,True,0.0,free,,,0.0,True,treatment,8
1816,2025-11-28,True,0.0,free,,,0.0,True,treatment,8
1817,2025-11-28,True,0.0,free,,,0.0,True,treatment,7
1818,2025-11-28,True,0.0,free,,,0.0,True,treatment,5
1819,2025-11-28,True,0.0,free,,,0.0,True,control,7
1820,2025-11-28,True,0.0,free,,,0.0,True,control,2
1821,2025-11-29,True,1.0,pro,1.0,monthly,12.0,True,treatment,8
1822,2025-11-30,True,1.0,team,12.0,annual,288.84,True,treatment,11
1823,2025-11-30,True,1.0,pro,10.0,annual,99.6,True,treatment,10
1824,2025-11-30,True,0.0,free,,,0.0,True,control,10
1825,2025-11-30,True,1.0,pro,6.0,monthly,72.0,True,control,13
1826,2025-11-30,True,0.0,free,,,0.0,True,control,4
1827,2025-12-01,True,0.0,free,,,0.0,True,treatment,7
1828,2025-12-01,True,0.0,free,,,0.0,True,control,1
1829,2025-12-02,True,0.0,free,,,0.0,True,treatment,6
1830,2025-12-02,True,0.0,free,,,0.0,True,treatment,1
1831,2025-12-02,True,1.0,team,23.0,annual,553.61,True,control,8
1832,2025-12-02,True,1.0,pro,2.0,monthly,24.0,True,treatment,1
1833,2025-12-03,True,0.0,free,,,0.0,True,control,3
1834,2025-12-03,True,1.0,pro,4.0,annual,39.84,True,control,9
1835,2025-12-03,True,0.0,free,,,0.0,True,control,5
1836,2025-12-03,True,0.0,free,,,0.0,True,control,4
1837,2025-12-03,True,1.0,pro,6.0,monthly,72.0,True,control,3
1838,2025-12-04,True,0.0,free,,,0.0,True,treatment,11
1839,2025-12-04,True,0.0,free,,,0.0,True,control,9
1840,2025-12-04,True,0.0,free,,,0.0,True,control,5
1841,2025-12-04,True,0.0,free,,,0.0,True,treatment,16
1842,2025-12-04,True,1.0,pro,2.0,annual,19.92,True,control,8
1843,2025-12-04,True,1.0,team,3.0,monthly,87.0,True,control,12
1844,2025-12-04,True,0.0,free,,,0.0,True,control,10
1845,2025-12-05,True,0.0,free,,,0.0,True,control,9
1846,2025-12-05,True,0.0,free,,,0.0,True,treatment,1
1847,2025-12-05,True,0.0,free,,,0.0,True,treatment,7
1848,2025-12-05,True,1.0,pro,5.0,monthly,60.0,True,treatment,14
1849,2025-12-06,True,0.0,free,,,0.0,True,control,1
1850,2025-12-06,True,0.0,free,,,0.0,True,control,6
1851,2025-12-06,True,0.0,free,,,0.0,True,treatment,9
1852,2025-12-07,True,0.0,free,,,0.0,True,control,12
1853,2025-12-07,True,0.0,free,,,0.0,True,control,6
1854,2025-12-08,True,1.0,pro,13.0,annual,129.48,True,control,9
1855,2025-12-08,True,0.0,free,,,0.0,True,control,13
1856,2025-12-08,True,0.0,free,,,0.0,True,control,10
1857,2025-12-08,True,0.0,free,,,0.0,True,control,2
1858,2025-12-08,True,0.0,free,,,0.0,True,control,19
1859,2025-12-09,True,0.0,free,,,0.0,True,treatment,3
1860,2025-12-09,True,0.0,free,,,0.0,True,control,6
1861,2025-12-09,True,0.0,free,,,0.0,True,treatment,6
1862,2025-12-09,True,0.0,free,,,0.0,True,treatment,5
1863,2025-12-10,True,0.0,free,,,0.0,True,treatment,2
1864,2025-12-10,True,0.0,free,,,0.0,True,treatment,11
1865,2025-12-11,True,0.0,free,,,0.0,True,control,3
1866,2025-12-11,True,0.0,free,,,0.0,True,control,3
1867,2025-12-11,True,1.0,team,9.0,monthly,261.0,True,treatment,4
1868,2025-12-11,True,0.0,free,,,0.0,True,control,2
1869,2025-12-11,True,0.0,free,,,0.0,True,control,9
1870,2025-12-11,True,0.0,free,,,0.0,True,control,7
1871,2025-12-12,True,1.0,pro,3.0,monthly,36.0,True,treatment,9
1872,2025-12-12,True,0.0,free,,,0.0,True,treatment,3
1873,2025-12-12,True,0.0,free,,,0.0,True,treatment,7
1874,2025-12-13,True,0.0,free,,,0.0,True,treatment,3
1875,2025-12-13,True,0.0,free,,,0.0,True,treatment,9
1876,2025-12-13,True,0.0,free,,,0.0,True,treatment,4
1877,2025-12-13,True,0.0,free,,,0.0,True,control,14
1878,2025-12-13,True,0.0,free,,,0.0,True,control,3
1879,2025-12-14,True,0.0,free,,,0.0,True,control,15
1880,2025-12-14,True,0.0,free,,,0.0,True,treatment,7
1881,2025-12-14,True,0.0,free,,,0.0,True,treatment,7
1882,2025-12-15,True,1.0,pro,2.0,monthly,24.0,True,treatment,4
1883,2025-12-15,True,0.0,free,,,0.0,True,treatment,5
1884,2025-12-15,True,1.0,pro,3.0,monthly,36.0,True,control,15
1885,2025-12-16,True,0.0,free,,,0.0,True,control,7
1886,2025-12-16,True,0.0,free,,,0.0,True,treatment,10
1887,2025-12-16,True,0.0,free,,,0.0,True,treatment,5
1888,2025-12-16,True,0.0,free,,,0.0,True,treatment,10
1889,2025-12-17,True,0.0,free,,,0.0,True,control,8
1890,2025-12-17,True,0.0,free,,,0.0,True,control,7
1891,2025-12-17,True,0.0,free,,,0.0,True,control,7
1892,2025-12-17,True,0.0,free,,,0.0,True,control,5
1893,2025-12-17,True,0.0,free,,,0.0,True,treatment,5
1894,2025-12-17,True,1.0,pro,3.0,monthly,36.0,True,treatment,5
1895,2025-12-18,True,1.0,team,8.0,annual,192.56,True,treatment,17
1896,2025-12-18,True,0.0,free,,,0.0,True,treatment,13
1897,2025-12-18,True,1.0,pro,3.0,monthly,36.0,True,control,2
1898,2025-12-18,True,0.0,free,,,0.0,True,control,3
1899,2025-12-18,True,0.0,free,,,0.0,True,treatment,5
1900,2025-12-18,True,0.0,free,,,0.0,True,control,7
1901,2025-12-18,True,0.0,free,,,0.0,True,control,13
1902,2025-12-19,True,0.0,free,,,0.0,True,control,5
1903,2025-12-19,True,1.0,team,7.0,monthly,203.0,True,control,6
1904,2025-12-19,True,0.0,free,,,0.0,True,treatment,8
1905,2025-12-19,True,0.0,free,,,0.0,True,control,5
1906,2025-12-20,True,0.0,free,,,0.0,True,treatment,7
1907,2025-12-20,True,0.0,free,,,0.0,True,treatment,7
1908,2025-12-20,True,0.0,free,,,0.0,True,control,4
1909,2025-12-20,True,0.0,free,,,0.0,True,control,6
1910,2025-12-21,True,0.0,free,,,0.0,True,treatment,7
1911,2025-12-21,True,1.0,team,11.0,annual,264.77,True,control,13
1912,2025-12-22,True,1.0,pro,2.0,monthly,24.0,True,control,11
1913,2025-12-22,True,1.0,pro,3.0,monthly,36.0,True,control,0
1914,2025-12-22,True,0.0,free,,,0.0,True,control,7
1915,2025-12-22,True,0.0,free,,,0.0,True,treatment,16
1916,2025-12-22,True,1.0,pro,3.0,monthly,36.0,True,treatment,1
1917,2025-12-22,True,0.0,free,,,0.0,True,treatment,9
1918,2025-12-22,True,0.0,free,,,0.0,True,treatment,7
1919,2025-12-22,True,1.0,pro,13.0,monthly,156.0,True,treatment,4
1920,2025-12-22,True,0.0,free,,,0.0,True,treatment,7
1921,2025-12-23,True,1.0,pro,1.0,monthly,12.0,True,treatment,6
1922,2025-12-23,True,0.0,free,,,0.0,True,treatment,7
1923,2025-12-24,True,1.0,team,8.0,monthly,232.0,True,treatment,12
1924,2025-12-24,True,0.0,free,,,0.0,True,treatment,6
1925,2025-12-24,True,0.0,free,,,0.0,True,treatment,7
1926,2025-12-24,True,0.0,free,,,0.0,True,treatment,9
1927,2025-12-24,True,1.0,pro,27.0,annual,268.92,True,control,7
1928,2025-12-24,True,0.0,free,,,0.0,True,treatment,11
1929,2025-12-25,True,1.0,pro,6.0,monthly,72.0,True,control,9
1930,2025-12-25,True,0.0,free,,,0.0,True,control,2
1931,2025-12-25,True,0.0,free,,,0.0,True,treatment,11
1932,2025-12-25,True,1.0,team,23.0,monthly,667.0,True,control,11
1933,2025-12-25,True,0.0,free,,,0.0,True,control,7
1934,2025-12-25,True,0.0,free,,,0.0,True,treatment,1
1935,2025-12-25,True,0.0,free,,,0.0,True,control,9
1936,2025-12-25,True,0.0,free,,,0.0,True,treatment,7
1937,2025-12-25,True,1.0,pro,1.0,monthly,12.0,True,treatment,1
1938,2025-12-26,True,0.0,free,,,0.0,True,treatment,16
1939,2025-12-26,True,0.0,free,,,0.0,True,treatment,5
1940,2025-12-26,True,0.0,free,,,0.0,True,treatment,4
1941,2025-12-26,True,0.0,free,,,0.0,True,treatment,5
1942,2025-12-26,True,0.0,free,,,0.0,True,control,3
1943,2025-12-26,True,0.0,free,,,0.0,True,treatment,10
1944,2025-12-26,True,0.0,free,,,0.0,True,control,2
1945,2025-12-26,True,0.0,free,,,0.0,True,control,2
1946,2025-12-26,True,0.0,free,,,0.0,True,treatment,3
1947,2025-12-26,True,0.0,free,,,0.0,True,control,4
1948,2025-12-27,True,0.0,free,,,0.0,True,treatment,5
1949,2025-12-27,True,0.0,free,,,0.0,True,treatment,7
1950,2025-12-28,True,1.0,pro,4.0,monthly,48.0,True,treatment,6
1951,2025-12-28,True,0.0,free,,,0.0,True,control,14
1952,2025-12-29,True,1.0,pro,1.0,monthly,12.0,True,treatment,4
1953,2025-12-29,True,0.0,free,,,0.0,True,control,4
1954,2025-12-29,True,0.0,free,,,0.0,True,control,5
1955,2025-12-29,True,0.0,free,,,0.0,True,control,8
1956,2025-12-29,True,1.0,pro,1.0,annual,9.96,True,control,6
1957,2025-12-29,True,0.0,free,,,0.0,True,control,3
1958,2025-12-30,True,0.0,free,,,0.0,True,treatment,9
1959,2025-12-30,True,0.0,free,,,0.0,True,control,3
1960,2025-12-30,True,0.0,free,,,0.0,True,control,12
1961,2025-12-30,True,0.0,free,,,0.0,True,treatment,8
1962,2025-12-30,True,0.0,free,,,0.0,True,control,10
1963,2025-12-30,True,0.0,free,,,0.0,True,treatment,10
1964,2025-12-30,True,0.0,free,,,0.0,True,treatment,1
1965,2025-12-31,True,0.0,free,,,0.0,True,control,9
1966,2025-12-31,True,0.0,free,,,0.0,True,treatment,11
1967,2025-12-31,True,0.0,free,,,0.0,True,treatment,6
1968,2025-12-31,True,1.0,pro,3.0,monthly,36.0,True,treatment,10
1969,2025-12-31,True,1.0,team,17.0,monthly,493.0,True,control,7
1970,2025-12-31,True,0.0,free,,,0.0,True,control,5
1971,2026-01-01,False,,,,,0.0,True,treatment,13
1972,2026-01-01,False,,,,,0.0,True,control,8
1973,2026-01-01,False,,,,,0.0,True,control,6
1974,2026-01-01,False,,,,,0.0,True,control,3
1975,2026-01-01,False,,,,,0.0,True,control,11
1976,2026-01-01,False,,,,,0.0,True,control,3
1977,2026-01-01,False,,,,,0.0,True,treatment,6
1978,2026-01-01,False,,,,,0.0,True,treatment,8
1979,2026-01-02,False,,,,,0.0,True,treatment,11
1980,2026-01-02,False,,,,,0.0,True,treatment,4
1981,2026-01-02,False,,,,,0.0,True,treatment,7
1982,2026-01-02,False,,,,,0.0,True,treatment,7
1983,2026-01-03,False,,,,,0.0,True,treatment,9
1984,2026-01-03,False,,,,,0.0,True,control,4
1985,2026-01-03,False,,,,,0.0,True,treatment,6
1986,2026-01-03,False,,,,,0.0,True,treatment,5
1987,2026-01-04,False,,,,,0.0,True,treatment,7
1988,2026-01-04,False,,,,,0.0,True,control,10
1989,2026-01-05,False,,,,,0.0,True,treatment,13
1990,2026-01-05,False,,,,,0.0,True,control,4
1991,2026-01-05,False,,,,,0.0,True,control,6
1992,2026-01-05,False,,,,,0.0,True,control,7
1993,2026-01-06,False,,,,,0.0,True,control,12
1994,2026-01-06,False,,,,,0.0,True,treatment,4
1995,2026-01-06,False,,,,,0.0,True,treatment,15
1996,2026-01-06,False,,,,,0.0,True,treatment,7
1997,2026-01-07,False,,,,,0.0,True,control,6
1998,2026-01-07,False,,,,,0.0,True,control,19
1999,2026-01-07,False,,,,,0.0,True,control,14
2000,2026-01-07,False,,,,,0.0,True,control,11
2001,2026-01-07,False,,,,,0.0,True,treatment,8
2002,2026-01-08,False,,,,,0.0,True,control,10
2003,2026-01-08,False,,,,,0.0,True,control,14
2004,2026-01-08,False,,,,,0.0,True,control,11
2005,2026-01-08,False,,,,,0.0,True,treatment,8
2006,2026-01-08,False,,,,,0.0,True,treatment,9
2007,2026-01-09,False,,,,,0.0,True,control,5
2008,2026-01-09,False,,,,,0.0,True,control,3
2009,2026-01-09,False,,,,,0.0,True,control,9
2010,2026-01-09,False,,,,,0.0,True,treatment,4
2011,2026-01-10,False,,,,,0.0,True,control,10
2012,2026-01-10,False,,,,,0.0,True,control,12
2013,2026-01-11,False,,,,,0.0,True,control,2
2014,2026-01-12,False,,,,,0.0,True,control,6
2015,2026-01-12,False,,,,,0.0,True,control,9
2016,2026-01-12,False,,,,,0.0,True,control,15
2017,2026-01-12,False,,,,,0.0,True,treatment,1
2018,2026-01-12,False,,,,,0.0,True,control,12
2019,2026-01-13,False,,,,,0.0,True,treatment,7
2020,2026-01-13,False,,,,,0.0,True,treatment,13
2021,2026-01-14,False,,,,,0.0,True,treatment,1
2022,2026-01-14,False,,,,,0.0,True,treatment,9
2023,2026-01-14,False,,,,,0.0,True,treatment,9
2024,2026-01-14,False,,,,,0.0,True,treatment,6
2025,2026-01-14,False,,,,,0.0,True,treatment,3
2026,2026-01-14,False,,,,,0.0,True,treatment,8
